ym,bullish,neutral,bearish,spread,n_weeks
198707,0.31,0.49,0.2,0.10999999999999999,2
198708,0.5475000000000001,0.24,0.2125,0.3350000000000001,4
198709,0.5125,0.215,0.27249999999999996,0.24,4
198710,0.42000000000000004,0.296,0.284,0.13600000000000007,5
198711,0.36,0.4,0.24,0.12,4
198712,0.268,0.438,0.294,-0.025999999999999968,5
198801,0.2875,0.4475,0.265,0.022499999999999964,4
198802,0.3025,0.4975,0.2,0.10249999999999998,4
198803,0.4175,0.4175,0.165,0.25249999999999995,4
198804,0.272,0.502,0.22599999999999998,0.04600000000000004,5
198805,0.27,0.505,0.225,0.04500000000000001,4
198806,0.29000000000000004,0.5125,0.1975,0.09250000000000003,4
198807,0.29,0.47400000000000003,0.236,0.05399999999999999,5
198808,0.235,0.475,0.29000000000000004,-0.05500000000000005,4
198809,0.21000000000000002,0.476,0.314,-0.10399999999999998,5
198810,0.2525,0.45999999999999996,0.2875,-0.034999999999999976,4
198811,0.2625,0.45,0.2875,-0.024999999999999967,4
198812,0.21200000000000002,0.49000000000000005,0.298,-0.08599999999999997,5
198901,0.325,0.4775,0.1975,0.1275,4
198902,0.3675,0.40249999999999997,0.23,0.13749999999999998,4
198903,0.23399999999999999,0.426,0.33999999999999997,-0.10599999999999998,5
198904,0.25,0.445,0.305,-0.05499999999999999,4
198905,0.39749999999999996,0.38,0.2225,0.17499999999999996,4
198906,0.38,0.308,0.312,0.068,5
198907,0.33,0.315,0.355,-0.024999999999999967,4
198908,0.42,0.2575,0.3225,0.09749999999999998,4
198909,0.304,0.358,0.33799999999999997,-0.033999999999999975,5
198910,0.3175,0.39,0.2925,0.025000000000000022,4
198911,0.2875,0.34,0.3725,-0.08500000000000002,4
198912,0.344,0.348,0.308,0.035999999999999976,5
199001,0.35,0.3875,0.2625,0.08749999999999997,4
199002,0.2025,0.37,0.4275,-0.22499999999999998,4
199003,0.278,0.376,0.346,-0.06799999999999995,5
199004,0.3175,0.4275,0.255,0.0625,4
199005,0.31,0.35,0.34,-0.030000000000000027,4
199006,0.36,0.316,0.324,0.035999999999999976,5
199007,0.4,0.295,0.305,0.09500000000000003,4
199008,0.23399999999999999,0.22400000000000003,0.542,-0.30800000000000005,5
199009,0.22,0.255,0.525,-0.30500000000000005,4
199010,0.18,0.23,0.59,-0.41,4
199011,0.18,0.34199999999999997,0.47800000000000004,-0.29800000000000004,5
199012,0.2575,0.32,0.4225,-0.16499999999999998,4
199101,0.25,0.3025,0.4475,-0.1975,4
199102,0.42,0.2675,0.3125,0.10749999999999998,4
199103,0.488,0.24,0.27199999999999996,0.21600000000000003,5
199104,0.4875,0.3025,0.21000000000000002,0.27749999999999997,4
199105,0.398,0.346,0.256,0.14200000000000002,5
199106,0.4125,0.3625,0.225,0.18749999999999997,4
199107,0.3275,0.4275,0.245,0.08250000000000002,4
199108,0.33799999999999997,0.38,0.282,0.055999999999999994,5
199109,0.355,0.39,0.255,0.09999999999999998,4
199110,0.3375,0.33499999999999996,0.3275,0.010000000000000009,4
199111,0.406,0.27999999999999997,0.314,0.09200000000000003,5
199112,0.3275,0.3175,0.355,-0.02749999999999997,4
199201,0.48200000000000004,0.238,0.27999999999999997,0.20200000000000007,5
199202,0.43,0.32,0.25,0.18,4
199203,0.435,0.31999999999999995,0.245,0.19,4
199204,0.4175,0.35250000000000004,0.22999999999999998,0.1875,4
199205,0.40199999999999997,0.34199999999999997,0.256,0.14599999999999996,5
199206,0.365,0.3925,0.24250000000000002,0.12249999999999997,4
199207,0.254,0.434,0.312,-0.057999999999999996,5
199208,0.265,0.3675,0.3675,-0.10249999999999998,4
199209,0.20500000000000002,0.3975,0.39749999999999996,-0.19249999999999995,4
199210,0.254,0.32199999999999995,0.42400000000000004,-0.17000000000000004,5
199211,0.4425,0.365,0.1925,0.25,4
199212,0.495,0.345,0.16,0.33499999999999996,4
199301,0.43,0.366,0.20400000000000001,0.22599999999999998,5
199302,0.4275,0.31,0.2625,0.16499999999999998,4
199303,0.39,0.3375,0.2725,0.1175,4
199304,0.3,0.378,0.32199999999999995,-0.021999999999999964,5
199305,0.215,0.3925,0.3925,-0.17750000000000002,4
199306,0.265,0.37,0.365,-0.09999999999999998,4
199307,0.22000000000000003,0.442,0.33799999999999997,-0.11799999999999994,5
199308,0.2675,0.39749999999999996,0.335,-0.0675,4
199309,0.32,0.3425,0.3375,-0.017500000000000016,4
199310,0.34199999999999997,0.344,0.314,0.02799999999999997,5
199311,0.365,0.3175,0.3175,0.04749999999999999,4
199312,0.366,0.336,0.298,0.068,5
199401,0.4175,0.2875,0.29500000000000004,0.12249999999999994,4
199402,0.42,0.305,0.275,0.14499999999999996,4
199403,0.27199999999999996,0.374,0.354,-0.08200000000000002,5
199404,0.275,0.32499999999999996,0.4,-0.125,4
199405,0.3025,0.3325,0.365,-0.0625,4
199406,0.32,0.414,0.266,0.05399999999999999,5
199407,0.28500000000000003,0.38,0.335,-0.04999999999999999,4
199408,0.295,0.42000000000000004,0.285,0.010000000000000009,4
199409,0.42000000000000004,0.32,0.26,0.16000000000000003,5
199410,0.375,0.3725,0.2525,0.1225,4
199411,0.398,0.3,0.302,0.09600000000000003,5
199412,0.3625,0.345,0.2925,0.07,4
199501,0.3875,0.3725,0.24,0.14750000000000002,4
199502,0.4025,0.385,0.21250000000000002,0.19,4
199503,0.47800000000000004,0.308,0.21400000000000002,0.264,5
199504,0.4275,0.26,0.3125,0.11499999999999999,4
199505,0.43,0.255,0.315,0.11499999999999999,4
199506,0.404,0.278,0.318,0.08600000000000002,5
199507,0.4075,0.27,0.3225,0.08499999999999996,4
199508,0.374,0.354,0.272,0.10199999999999998,5
199509,0.4275,0.3,0.2725,0.15499999999999997,4
199510,0.4325,0.33,0.2375,0.195,4
199511,0.48200000000000004,0.296,0.22200000000000003,0.26,5
199512,0.4825,0.28250000000000003,0.235,0.2475,4
199601,0.44333333333333336,0.29,0.26666666666666666,0.1766666666666667,3
199602,0.51,0.266,0.22400000000000003,0.286,5
199603,0.43,0.3125,0.2575,0.1725,4
199604,0.36,0.4075,0.23249999999999998,0.1275,4
199605,0.48600000000000004,0.346,0.168,0.31800000000000006,5
199606,0.44999999999999996,0.3225,0.2275,0.22249999999999995,4
199607,0.3275,0.39,0.2825,0.04500000000000004,4
199608,0.31,0.41200000000000003,0.278,0.03199999999999997,5
199609,0.2925,0.40249999999999997,0.305,-0.012500000000000011,4
199610,0.392,0.32999999999999996,0.278,0.11399999999999999,5
199611,0.395,0.34,0.265,0.13,4
199612,0.3775,0.28750000000000003,0.335,0.04249999999999998,4
199701,0.418,0.356,0.22599999999999998,0.192,5
199702,0.4975,0.31,0.1925,0.305,4
199703,0.35,0.3875,0.2625,0.08749999999999997,4
199704,0.28500000000000003,0.395,0.32,-0.034999999999999976,4
199705,0.356,0.398,0.246,0.10999999999999999,5
199706,0.53,0.2975,0.1725,0.35750000000000004,4
199707,0.49800000000000005,0.288,0.21400000000000002,0.28400000000000003,5
199708,0.4875,0.2975,0.215,0.27249999999999996,4
199709,0.395,0.4,0.20500000000000002,0.19,4
199710,0.41,0.40800000000000003,0.182,0.22799999999999998,5
199711,0.40750000000000003,0.3825,0.21000000000000002,0.1975,4
199712,0.42000000000000004,0.364,0.21600000000000003,0.20400000000000001,5
199801,0.3725,0.41500000000000004,0.21250000000000002,0.15999999999999998,4
199802,0.425,0.3925,0.1825,0.2425,4
199803,0.455,0.3575,0.1875,0.2675,4
199804,0.44800000000000006,0.33799999999999997,0.21400000000000002,0.23400000000000004,5
199805,0.37,0.385,0.245,0.125,4
199806,0.2725,0.4375,0.29000000000000004,-0.017500000000000016,4
199807,0.37,0.422,0.20800000000000002,0.16199999999999998,5
199808,0.2625,0.39,0.34750000000000003,-0.08500000000000002,4
199809,0.3,0.3525,0.34750000000000003,-0.04750000000000004,4
199810,0.314,0.366,0.32,-0.006000000000000005,5
199811,0.44,0.38749999999999996,0.17250000000000001,0.26749999999999996,4
199812,0.418,0.32999999999999996,0.252,0.16599999999999998,5
199901,0.48,0.31,0.21000000000000002,0.26999999999999996,4
199902,0.425,0.3775,0.1975,0.22749999999999998,4
199903,0.39749999999999996,0.3775,0.22499999999999998,0.1725,4
199904,0.392,0.33599999999999997,0.272,0.12,5
199905,0.445,0.33999999999999997,0.21500000000000002,0.22999999999999998,4
199906,0.33,0.375,0.29500000000000004,0.034999999999999976,4
199907,0.458,0.32599999999999996,0.21600000000000003,0.242,5
199908,0.315,0.43000000000000005,0.255,0.06,4
199909,0.376,0.394,0.23000000000000004,0.14599999999999996,5
199910,0.38,0.38,0.24,0.14,4
199911,0.48,0.3025,0.2175,0.26249999999999996,4
199912,0.58,0.268,0.152,0.42799999999999994,5
200001,0.61275,0.212025,0.1752,0.43755,4
200002,0.40405,0.32685,0.26905,0.135,4
200003,0.4992,0.22746,0.27334,0.22585999999999995,5
200004,0.55675,0.22442499999999999,0.21882500000000002,0.3379249999999999,4
200005,0.33805,0.3168,0.345125,-0.007074999999999998,4
200006,0.434075,0.2676,0.298325,0.13574999999999998,4
200007,0.5765750000000001,0.2538,0.169625,0.40695000000000003,4
200008,0.5367,0.27358000000000005,0.18974,0.34695999999999994,5
200009,0.5019,0.3549,0.1432,0.3587,4
200010,0.490975,0.259275,0.249775,0.2412,4
200011,0.51446,0.28356,0.202,0.31246,5
200012,0.444475,0.1729,0.382625,0.061850000000000016,4
200101,0.4103,0.296,0.293675,0.11662499999999998,4
200102,0.405775,0.359225,0.235025,0.17074999999999999,4
200103,0.34704,0.30004,0.35287999999999997,-0.005839999999999956,5
200104,0.38935,0.25582499999999997,0.354825,0.03452499999999997,4
200105,0.5597,0.23335999999999996,0.20692,0.35278,5
200106,0.341925,0.398525,0.2595,0.08242499999999997,4
200107,0.36382499999999995,0.3659,0.27025,0.09357499999999996,4
200108,0.34526,0.34378000000000003,0.31092,0.03434000000000004,5
200109,0.348,0.30905,0.34297500000000003,0.005024999999999946,4
200110,0.537575,0.22212500000000002,0.2403,0.297275,4
200111,0.48545999999999995,0.20659999999999998,0.30794,0.17751999999999996,5
200112,0.5768249999999999,0.19395,0.2292,0.34762499999999996,4
200201,0.43118,0.31029999999999996,0.2585,0.17268,5
200202,0.40865,0.37915,0.2122,0.19645,4
200203,0.535425,0.303,0.16155,0.37387500000000007,4
200204,0.3639,0.38585,0.250175,0.11372500000000002,4
200205,0.29706,0.3367,0.36624,-0.06918000000000002,5
200206,0.353225,0.285,0.361775,-0.008550000000000002,4
200207,0.289425,0.23125,0.47935,-0.189925,4
200208,0.40718,0.23098000000000002,0.36182,0.04536000000000001,5
200209,0.320325,0.23645,0.443225,-0.12289999999999995,4
200210,0.39916,0.19316,0.40768000000000004,-0.008520000000000028,5
200211,0.500675,0.219275,0.28002499999999997,0.22065,4
200212,0.44295,0.297575,0.259475,0.183475,4
200301,0.30046,0.29774,0.40184,-0.10137999999999997,5
200302,0.229575,0.348275,0.422125,-0.19254999999999997,4
200303,0.37474999999999997,0.221225,0.40402499999999997,-0.029274999999999995,4
200304,0.450275,0.251,0.298725,0.15154999999999996,4
200305,0.53096,0.24852,0.22052,0.31044,5
200306,0.5746,0.1933,0.2321,0.3425,4
200307,0.47844,0.23803999999999997,0.28352,0.19491999999999998,5
200308,0.539175,0.21765,0.243175,0.29599999999999993,4
200309,0.601175,0.209425,0.189425,0.41175,4
200310,0.55702,0.24095999999999998,0.20202,0.355,5
200311,0.5613,0.25665,0.182075,0.37922500000000003,4
200312,0.625875,0.19387500000000002,0.180225,0.44565,4
200401,0.6445000000000001,0.21568,0.13982,0.50468,5
200402,0.5126000000000001,0.267525,0.21987500000000001,0.292725,4
200403,0.398,0.31327499999999997,0.28875,0.10925000000000001,4
200404,0.5554,0.24430000000000002,0.20028,0.35512,5
200405,0.361625,0.26130000000000003,0.37705,-0.015425000000000022,4
200406,0.466025,0.301025,0.23297500000000002,0.23305,4
200407,0.45830000000000004,0.30034,0.24135999999999996,0.21694000000000008,5
200408,0.364925,0.2998,0.33525,0.029675000000000007,4
200409,0.45946,0.2406,0.29994,0.15952,5
200410,0.466075,0.26285000000000003,0.2711,0.194975,4
200411,0.5830500000000001,0.1827,0.23422500000000002,0.34882500000000005,4
200412,0.55706,0.2319,0.21105999999999997,0.34600000000000003,5
200501,0.33045,0.308325,0.3612,-0.03075,4
200502,0.384,0.341975,0.274025,0.10997499999999999,4
200503,0.3466,0.29864,0.35476,-0.00816,5
200504,0.27702499999999997,0.339875,0.383075,-0.10605000000000003,4
200505,0.355375,0.31127499999999997,0.333325,0.022050000000000014,4
200506,0.47024,0.31886000000000003,0.21088,0.25936,5
200507,0.499002,0.30209775,0.19892525,0.30007675,4
200508,0.3825,0.300825,0.31667500000000004,0.06582499999999997,4
200509,0.3937,0.2653,0.341,0.05269999999999997,5
200510,0.4103,0.1958,0.393875,0.016425000000000023,4
200511,0.531325,0.247825,0.22085,0.31047500000000006,4
200512,0.45284,0.28868,0.2585,0.19434,5
200601,0.42269999999999996,0.281175,0.29614999999999997,0.12655,4
200602,0.42069999999999996,0.249275,0.33004999999999995,0.09065000000000001,4
200603,0.41932,0.27522,0.30544000000000004,0.11387999999999998,5
200604,0.42217499999999997,0.2581,0.319725,0.10244999999999999,4
200605,0.43305,0.1915,0.375475,0.05757499999999999,4
200606,0.31282,0.22433999999999998,0.46285999999999994,-0.15003999999999995,5
200607,0.332325,0.21050000000000002,0.45715,-0.12482500000000002,4
200608,0.359,0.26558000000000004,0.3754,-0.016400000000000026,5
200609,0.475025,0.186525,0.33847499999999997,0.13655,4
200610,0.48282500000000006,0.155625,0.361575,0.12125000000000008,4
200611,0.44614000000000004,0.18717999999999999,0.36669999999999997,0.07944000000000007,5
200612,0.413375,0.191325,0.3953,0.018075000000000008,4
200701,0.477175,0.2129,0.310425,0.16675,4
200702,0.484725,0.23055,0.284775,0.19995000000000002,4
200703,0.38395999999999997,0.23891999999999997,0.3771,0.006859999999999977,5
200704,0.398225,0.23835,0.363425,0.0348,4
200705,0.361,0.20482,0.43420000000000003,-0.07320000000000004,5
200706,0.400175,0.2106,0.389175,0.01100000000000001,4
200707,0.43365,0.2253,0.341075,0.09257499999999996,4
200708,0.43088,0.14123999999999998,0.42786,0.003019999999999967,5
200709,0.41747500000000004,0.22367499999999998,0.35885,0.05862500000000004,4
200710,0.44915,0.21334999999999998,0.33747499999999997,0.11167500000000002,4
200711,0.33612000000000003,0.1714,0.49248000000000003,-0.15636,5
200712,0.3853,0.1829,0.43179999999999996,-0.046499999999999986,4
200801,0.24972,0.1975,0.5529,-0.30317999999999995,5
200802,0.337325,0.21515,0.44755,-0.11022500000000002,4
200803,0.27302499999999996,0.23025,0.496675,-0.22365000000000002,4
200804,0.39875,0.21915,0.3821,0.016649999999999998,4
200805,0.45784,0.22068,0.32148000000000004,0.13635999999999998,5
200806,0.3474,0.17855,0.47405,-0.12665000000000004,4
200807,0.29384,0.20482,0.50132,-0.20748,5
200808,0.36812500000000004,0.221525,0.410325,-0.04219999999999996,4
200809,0.3189,0.18545,0.495625,-0.17672499999999997,4
200810,0.36324,0.16694,0.46984000000000004,-0.10660000000000003,5
200811,0.34695,0.2084,0.44465,-0.09770000000000001,4
200812,0.332125,0.250175,0.41775,-0.085625,4
200901,0.30562,0.233,0.46134000000000003,-0.15572000000000003,5
200902,0.2587,0.253475,0.48782500000000006,-0.22912500000000008,4
200903,0.326875,0.159625,0.5135,-0.18662499999999993,4
200904,0.38083999999999996,0.22025999999999998,0.39892,-0.01808000000000004,5
200905,0.404975,0.188675,0.40635,-0.001375000000000015,4
200906,0.37035,0.20197500000000002,0.427675,-0.057325000000000015,4
200907,0.35940000000000005,0.2004,0.44020000000000004,-0.08079999999999998,5
200908,0.42262500000000003,0.18562499999999998,0.39175000000000004,0.030874999999999986,4
200909,0.39132500000000003,0.19235,0.4163,-0.02497499999999997,4
200910,0.40014000000000005,0.22284,0.37702,0.02312000000000003,5
200911,0.36302500000000004,0.217825,0.41910000000000003,-0.056074999999999986,4
200912,0.42645999999999995,0.25736,0.31616,0.11029999999999995,5
201001,0.40859999999999996,0.280575,0.310825,0.09777499999999995,4
201002,0.3418,0.2839,0.374275,-0.03247500000000003,4
201003,0.372275,0.337625,0.2901,0.082175,4
201004,0.42424,0.26754,0.30822,0.11602000000000001,5
201005,0.36715,0.2585,0.374375,-0.007225000000000037,4
201006,0.3712,0.2612,0.3676,0.003599999999999992,4
201007,0.31429999999999997,0.25528,0.43043999999999993,-0.11613999999999997,5
201008,0.3025,0.29675,0.40075,-0.09825,4
201009,0.42612000000000005,0.2637,0.31018,0.11594000000000004,5
201010,0.49245,0.25417500000000004,0.25335,0.23909999999999998,4
201011,0.482975,0.22840000000000002,0.28865,0.19432499999999997,4
201012,0.53566,0.23959999999999998,0.22474,0.31092000000000003,5
201101,0.502525,0.23475000000000001,0.2627,0.239825,4
201102,0.460375,0.2509,0.288725,0.17164999999999997,4
201103,0.36160000000000003,0.29508,0.34328,0.01832000000000006,5
201104,0.38975,0.306525,0.30369999999999997,0.08605000000000002,4
201105,0.296325,0.32847499999999996,0.3752,-0.07887499999999997,4
201106,0.31873999999999997,0.30168,0.37956,-0.06082000000000004,5
201107,0.39695,0.313175,0.2899,0.10705000000000003,4
201108,0.331475,0.23,0.438525,-0.10704999999999998,4
201109,0.31436000000000003,0.26808,0.41753999999999997,-0.10317999999999994,5
201110,0.38495,0.260775,0.354175,0.030774999999999997,4
201111,0.398875,0.2923,0.308725,0.09014999999999995,4
201112,0.37223,0.293918,0.333764,0.038466,5
201201,0.4841185,0.32367999999999997,0.19215,0.2919685,4
201202,0.45462749999999996,0.2968525,0.2485075,0.20611999999999997,4
201203,0.4347036,0.29266000000000003,0.2726326,0.16207100000000002,5
201204,0.3128345,0.3356705,0.35149474999999997,-0.03866024999999995,4
201205,0.28572960000000003,0.3198788,0.39439199999999996,-0.10866239999999994,5
201206,0.3076135,0.28791125,0.40447525,-0.09686175000000002,4
201207,0.28292525,0.33463825,0.382436,-0.09951074999999998,4
201208,0.36088139999999996,0.34139559999999997,0.297723,0.06315839999999995,5
201209,0.35779325,0.30148225,0.34072475,0.017068499999999986,4
201210,0.305855,0.294878,0.399267,-0.093412,4
201211,0.3596022,0.23068499999999997,0.4097124,-0.050110199999999994,5
201212,0.44064575,0.2600985,0.29925575,0.14139000000000002,4
201301,0.458974,0.2629892,0.27803680000000003,0.18093719999999996,5
201302,0.38799425,0.293543,0.318463,0.06953124999999999,4
201303,0.384538,0.28414725,0.33131475,0.05322325,4
201304,0.27485525,0.30092775,0.424217,-0.14936175000000002,4
201305,0.39041380000000003,0.3217676,0.2878188,0.10259500000000005,5
201306,0.32543775,0.3278805,0.34668175,-0.021243999999999985,4
201307,0.45945525,0.3256585,0.2148865,0.24456874999999997,4
201308,0.34423940000000003,0.3489258,0.30683439999999995,0.03740500000000008,5
201309,0.4055305,0.304104,0.29036525,0.11516525,4
201310,0.43922439999999996,0.3055466,0.2552288,0.18399559999999998,5
201311,0.41593775,0.316538,0.2675245,0.14841325,4
201312,0.466051,0.29352075,0.240428,0.225623,4
201401,0.3920048,0.3434508,0.2645442,0.12746059999999998,5
201402,0.37483625,0.3559625,0.26920125,0.10563499999999998,4
201403,0.3744845,0.355001,0.2705145,0.10397,4
201404,0.31388475,0.38320025,0.30291475,0.01096999999999998,4
201405,0.3162746,0.423074,0.26065119999999997,0.055623400000000045,5
201406,0.39147225,0.38679775,0.22172975,0.16974250000000002,4
201407,0.33852479999999996,0.3803164,0.281159,0.05736579999999997,5
201408,0.42182425,0.3080035,0.2701725,0.15165175000000003,4
201409,0.42282975,0.32272075,0.2544495,0.16838025,4
201410,0.4340312,0.2876704,0.2782986,0.1557326,5
201411,0.529705,0.2728455,0.19744925,0.33225574999999996,4
201412,0.443434,0.32150725,0.235059,0.208375,4
201501,0.44033059999999996,0.3163008,0.2433688,0.19696179999999996,5
201502,0.41971975,0.35295425,0.227326,0.19239375,4
201503,0.34247249999999996,0.39596725,0.26156050000000003,0.08091199999999993,4
201504,0.31694100000000003,0.43500079999999997,0.24805799999999997,0.06888300000000006,5
201505,0.26503575,0.47662424999999997,0.25834025,0.006695500000000021,4
201506,0.27085325,0.44619025,0.282957,-0.012103750000000024,4
201507,0.2699508,0.42244919999999997,0.3076198,-0.03766900000000001,5
201508,0.28522625,0.36625375,0.34852,-0.06329374999999998,4
201509,0.3310465,0.3576845,0.311269,0.019777500000000003,4
201510,0.3497382,0.3705346,0.279727,0.0700112,5
201511,0.34100400000000003,0.41352525,0.24547075000000002,0.09553325000000001,4
201512,0.2666368,0.442222,0.2911416,-0.024504799999999993,5
201601,0.22836800000000002,0.34049075,0.43114125000000003,-0.20277325000000002,4
201602,0.26385225,0.3545655,0.38158225,-0.11773,4
201603,0.3205868,0.4195004,0.2599126,0.06067420000000001,5
201604,0.3020285,0.45077425,0.24719724999999998,0.05483125,4
201605,0.1995705,0.48763575,0.312794,-0.1132235,4
201606,0.2684574,0.4054806,0.3260622,-0.05760480000000001,5
201607,0.336497,0.39798900000000004,0.26551425,0.07098274999999998,4
201608,0.31517225,0.41100825,0.27381925,0.04135299999999997,4
201609,0.2702214,0.387128,0.3426308,-0.07240940000000001,5
201610,0.25690175,0.40931850000000003,0.33377975,-0.076878,4
201611,0.3976805,0.321559,0.2807605,0.11691999999999997,4
201612,0.44345939999999995,0.27891879999999997,0.27762159999999997,0.16583779999999998,5
201701,0.3960595,0.30802125,0.29591925,0.10014024999999999,4
201702,0.35038274999999997,0.3333675,0.31624975,0.03413299999999997,4
201703,0.3291478,0.2934336,0.3774188,-0.04827100000000001,5
201704,0.30257225,0.32889375,0.36853425,-0.06596200000000002,4
201705,0.318788,0.3701725,0.31103949999999997,0.007748500000000047,4
201706,0.313989,0.3933778,0.2926338,0.02135520000000002,5
201707,0.319404,0.40654725,0.274049,0.045355000000000034,4
201708,0.3141026,0.33506559999999996,0.3508318,-0.03672920000000002,5
201709,0.36008724999999997,0.35576874999999997,0.284144,0.07594324999999996,4
201710,0.38234175,0.31599625,0.3016615,0.08068024999999995,4
201711,0.381893,0.323104,0.2950028,0.08689019999999997,5
201712,0.46255025,0.26594724999999997,0.27150275,0.19104749999999998,4
201801,0.51998375,0.26490475,0.21511175,0.304872,4
201802,0.43742375,0.29264175,0.2699345,0.16748924999999998,4
201803,0.3313968,0.3947252,0.27387740000000005,0.05751939999999994,5
201804,0.33168875,0.3329045,0.33540675,-0.003717999999999999,4
201805,0.3443228,0.3999244,0.255753,0.08856979999999998,5
201806,0.37719625,0.3342805,0.28852325,0.088673,4
201807,0.3427275,0.356602,0.30067049999999995,0.04205700000000007,4
201808,0.3672034,0.3455088,0.28728739999999997,0.07991600000000004,5
201809,0.3564365,0.337872,0.305692,0.05074449999999997,4
201810,0.34543125,0.31311125,0.34145749999999997,0.003973750000000054,4
201811,0.3468744,0.2766212,0.3765042,-0.029629799999999984,5
201812,0.2881495,0.26944725,0.44240375,-0.15425424999999998,4
201901,0.3488618,0.30621,0.344928,0.003933799999999987,5
201902,0.3898205,0.3770655,0.23311375,0.15670675,4
201903,0.350777,0.378177,0.271046,0.079731,4
201904,0.36598775,0.40738325,0.226629,0.13935875,4
201905,0.3229284,0.3570934,0.3199782,0.002950200000000014,5
201906,0.27116125,0.37642,0.35241849999999997,-0.08125724999999995,4
201907,0.3360935,0.36261,0.3012965,0.03479699999999997,4
201908,0.27207159999999997,0.329852,0.3980766,-0.12600500000000003,5
201909,0.3161975,0.35421,0.3295925,-0.01339499999999999,4
201910,0.28975739999999994,0.3679242,0.3423184,-0.05256100000000008,5
201911,0.37226875000000004,0.35759075,0.27014075000000004,0.102128,4
201912,0.388323,0.36871425,0.24296275,0.14536024999999997,4
202001,0.3793974,0.3388,0.28180259999999996,0.09759480000000004,5
202002,0.36549625,0.31096175000000004,0.323542,0.041954250000000026,4
202003,0.339325,0.17526375,0.48541075,-0.14608575000000001,4
202004,0.322318,0.2153324,0.4623498,-0.14003179999999998,5
202005,0.27264175,0.25129825,0.47605949999999997,-0.20341774999999995,4
202006,0.293333,0.272646,0.43402075,-0.14068775,4
202007,0.2528588,0.2886666,0.45847439999999995,-0.20561559999999995,5
202008,0.28947125,0.28114700000000004,0.42938149999999997,-0.13991024999999996,4
202009,0.278568,0.27990349999999997,0.44152875,-0.16296075000000004,4
202010,0.3336054,0.2941726,0.372222,-0.0386166,5
202011,0.463512,0.26102075,0.27546725,0.18804474999999998,4
202012,0.4604006,0.290368,0.2492312,0.21116939999999998,5
202101,0.41799633333333336,0.23362466666666667,0.348379,0.06961733333333336,3
202102,0.43948624999999997,0.2829725,0.27754075,0.16194549999999996,4
202103,0.4739115,0.2935505,0.232538,0.2413735,4
202104,0.5036216,0.2676304,0.22874819999999998,0.27487340000000005,5
202105,0.385716,0.35729900000000003,0.2569855,0.12873050000000003,4
202106,0.41459175,0.3605705,0.22483750000000002,0.18975424999999996,4
202107,0.38364159999999997,0.3598928,0.2564656,0.12717599999999996,5
202108,0.36443475000000003,0.30739075,0.32817450000000004,0.036260249999999994,4
202109,0.3256256,0.314904,0.35947019999999996,-0.03384459999999995,5
202110,0.375258,0.310406,0.31433625,0.06092175,4
202111,0.40537199999999995,0.312262,0.282366,0.12300599999999995,4
202112,0.2977102,0.3490132,0.3532768,-0.05556660000000002,5
202201,0.25440925,0.3173675,0.4282235,-0.17381425,4
202202,0.233737,0.32629025,0.4399725,-0.2062355,4
202203,0.283084,0.316956,0.3999598,-0.11687579999999997,5
202204,0.18964,0.32779925,0.4825605,-0.29292050000000003,4
202205,0.24253575,0.24300675,0.51445725,-0.2719215,4
202206,0.2269338,0.2764562,0.49660960000000004,-0.2696758,5
202207,0.258955,0.28698125,0.45406375,-0.19510875,4
202208,0.30935999999999997,0.30294025,0.38769975,-0.07833975000000004,4
202209,0.207594,0.2497016,0.5427044,-0.3351104,5
202210,0.23368125,0.23491475,0.53140375,-0.29772249999999995,4
202211,0.29491725,0.3041445,0.4009385,-0.10602124999999996,4
202212,0.24058799999999997,0.3058282,0.4535838,-0.2129958,5
202301,0.2596975,0.3611435,0.379159,-0.1194615,4
202302,0.3079125,0.37467925,0.317408,-0.009495500000000046,4
202303,0.22176200000000001,0.3193768,0.4588412,-0.2370792,5
202304,0.27683275,0.36531125,0.35783075,-0.08099799999999996,4
202305,0.25937775,0.32676625,0.41385575,-0.154478,4
202306,0.4071384,0.3147686,0.27809300000000003,0.12904539999999998,5
202307,0.45913525,0.300974,0.2399155,0.21921975,4
202308,0.3898664,0.3152986,0.2948348,0.0950316,5
202309,0.33924175,0.3248625,0.33589575,0.0033460000000000156,4
202310,0.33362075,0.27672975,0.38964925,-0.05602849999999998,4
202311,0.4095074,0.29286219999999996,0.2976302,0.11187720000000001,5
202312,0.49465625,0.2736375,0.23170625,0.26295,4
202401,0.441985,0.3067115,0.2513035,0.1906815,4
202402,0.4620748,0.2951132,0.2428122,0.2192626,5
202403,0.47708525,0.28968875,0.233226,0.24385925000000003,4
202404,0.402845,0.31175175,0.28540350000000003,0.11744149999999998,4
202405,0.412493,0.3223358,0.265171,0.147322,5
202406,0.431066,0.2976455,0.27128875,0.15977724999999998,4
202407,0.46710025,0.27543525,0.2574645,0.20963575,4
202408,0.4614756,0.25418419999999997,0.28434020000000004,0.17713539999999994,5
202409,0.46393449999999997,0.27118375,0.26488175,0.19905274999999995,4
202410,0.4342216,0.29772980000000004,0.26804839999999996,0.16617320000000002,5
202411,0.424326,0.25619,0.319484,0.10484199999999999,4
202412,0.4254645,0.25476475,0.31977075,0.10569375000000003,4
202501,0.359863,0.28895919999999997,0.3511578,0.008705199999999969,5
202502,0.27581,0.24618299999999999,0.47800675,-0.20219674999999998,4
202503,0.2186055,0.21485225,0.5665425,-0.34793699999999994,4
202504,0.24413125,0.17270375,0.583165,-0.33903375,4
202505,0.3138388,0.21853280000000003,0.4676286,-0.15378980000000003,5
202506,0.3440125,0.2642385,0.39174875,-0.04773624999999998,4
202507,0.4055446,0.2449018,0.34955379999999997,0.05599080000000001,5
202508,0.32549575,0.24042175,0.43408275,-0.10858700000000004,4
202509,0.36026775,0.203691,0.436041,-0.07577325000000001,4
202510,0.4066776,0.1925006,0.4008218,0.005855799999999967,5
202511,0.33546375,0.235343,0.42919324999999997,-0.09372949999999997,4
202512,0.4261555,0.25040975,0.32343475,0.10272075000000003,4
202601,0.44318920000000006,0.25921859999999997,0.2975922,0.1455970000000001,5
202602,0.36480825,0.27560724999999997,0.3595855,0.005222749999999998,4
202603,0.31873975,0.2219625,0.459298,-0.14055825,4
202604,0.3704552,0.20692339999999998,0.4226216,-0.0521664,5
202605,0.36227575,0.250164,0.3875615,-0.025285749999999996,4
202606,0.37036375,0.22929825,0.40033775,-0.029974,4
202607,0.3463208,0.260021,0.3936578,-0.04733700000000002,5
202608,0.350325,0.24915375,0.400521,-0.05019600000000002,4
202609,0.3548723333333333,0.21115533333333333,0.43397233333333335,-0.07910000000000006,3
