yearmo,SENT,SENT_ORTH
195801,,
195802,,
195803,,
195804,,
195805,,
195806,,
195807,,
195808,,
195809,,
195810,,
195811,,
195812,,
195901,,
195902,,
195903,,
195904,,
195905,,
195906,,
195907,,
195908,,
195909,,
195910,,
195911,,
195912,,
196001,,
196002,,
196003,,
196004,,
196005,,
196006,,
196007,,
196008,,
196009,,
196010,,
196011,,
196012,,
196101,,
196102,,
196103,,
196104,,
196105,,
196106,,
196107,,
196108,,
196109,,
196110,,
196111,,
196112,,
196201,,
196202,,
196203,,
196204,,
196205,,
196206,,
196207,,
196208,,
196209,,
196210,,
196211,,
196212,,
196301,,
196302,,
196303,,
196304,,
196305,,
196306,,
196307,,
196308,,
196309,,
196310,,
196311,,
196312,,
196401,,
196402,,
196403,,
196404,,
196405,,
196406,,
196407,,
196408,,
196409,,
196410,,
196411,,
196412,,
196501,,
196502,,
196503,,
196504,,
196505,,
196506,,
196507,-1.97769033908844,-2.222057342529297
196508,-1.9775269031524658,-2.2405827045440674
196509,-1.8305851221084595,-1.9859455823898315
196510,-1.667294979095459,-1.9742016792297363
196511,-1.7145545482635498,-1.7157174348831177
196512,-1.7013972997665405,-1.666156530380249
196601,-1.73569917678833,-1.7917566299438477
196602,-1.8782449960708618,-2.084681987762451
196603,-1.6652233600616455,-1.919049620628357
196604,-1.708966851234436,-1.8991261720657349
196605,-1.6044119596481323,-1.625478982925415
196606,-1.536649227142334,-1.3797351121902466
196607,-1.428889513015747,-1.376155138015747
196608,-1.2174608707427979,-1.166648030281067
196609,-1.3221269845962524,-1.5142066478729248
196610,-1.3515434265136719,-1.4894074201583862
196611,-1.3032082319259644,-1.3946375846862793
196612,-1.1612015962600708,-1.2132909297943115
196701,-1.0864840745925903,-1.1825156211853027
196702,-1.066750168800354,-1.1191117763519287
196703,-1.1993647813796997,-1.295088529586792
196704,-1.0657633543014526,-1.157780647277832
196705,-1.0887858867645264,-0.9630498290061951
196706,-0.9452556371688843,-0.8012974858283997
196707,-0.9082109332084656,-0.7800127863883972
196708,-0.8806524872779846,-0.8845223188400269
196709,-0.811075747013092,-0.8780602216720581
196710,-0.979489803314209,-0.9051955342292786
196711,-0.5948680639266968,-0.5187118053436279
196712,-0.2344362437725067,-0.215291365981102
196801,-0.10110706090927124,-0.15341447293758392
196802,0.1457882821559906,0.14923988282680511
196803,0.04945410415530205,-0.10950782895088196
196804,-0.029331214725971222,-0.23440420627593994
196805,0.24188868701457977,-0.015996413305401802
196806,0.41270020604133606,0.10819750279188156
196807,0.6325793266296387,0.44986528158187866
196808,0.732991099357605,0.6550576090812683
196809,0.9183744788169861,0.7647464275360107
196810,1.3765544891357422,1.404839277267456
196811,1.432698130607605,1.408191204071045
196812,2.223571300506592,2.2257752418518066
196901,2.1494698524475098,2.110167980194092
196902,1.9748473167419434,1.928107500076294
196903,2.0235862731933594,1.9568883180618286
196904,2.3900809288024902,2.446326732635498
196905,2.750861167907715,2.7359328269958496
196906,2.8049376010894775,2.863022804260254
196907,2.7735815048217773,2.7358548641204834
196908,2.6279828548431396,2.5636696815490723
196909,3.002790689468384,3.0070230960845947
196910,2.8379967212677,2.8552608489990234
196911,2.8769924640655518,2.992563486099243
196912,3.0447540283203125,3.2684085369110107
197001,2.8145432472229004,2.9585835933685303
197002,2.428159475326538,2.2330901622772217
197003,2.4224026203155518,2.4068427085876465
197004,2.2623281478881836,2.198237180709839
197005,1.9922857284545898,1.8277361392974854
197006,1.543673038482666,1.4294264316558838
197007,1.5153601169586182,1.4439480304718018
197008,1.2871357202529907,1.0905250310897827
197009,1.2067949771881104,0.975043535232544
197010,0.8895033597946167,0.7398271560668945
197011,0.6545303463935852,0.546075701713562
197012,0.5699945688247681,0.38802874088287354
197101,0.4046728014945984,0.4680108428001404
197102,0.12822677195072174,0.12065232545137405
197103,-0.04594683647155762,0.012303910218179226
197104,-0.47820910811424255,-0.4657355844974518
197105,-0.7236117124557495,-0.7215449810028076
197106,-0.8698068261146545,-0.8924400210380554
197107,-0.8393177390098572,-0.7900665402412415
197108,-0.9508654475212097,-0.925142765045166
197109,-0.8120496869087219,-0.8543802499771118
197110,-0.8831664323806763,-0.9138108491897583
197111,-1.0081729888916016,-0.9221433401107788
197112,-1.0062886476516724,-1.0057495832443237
197201,-0.804389238357544,-1.060049057006836
197202,-0.9302135705947876,-1.1489126682281494
197203,-0.8071659803390503,-1.164208173751831
197204,-0.7864832282066345,-1.1212739944458008
197205,-0.8293973803520203,-1.0268357992172241
197206,-0.7241293787956238,-0.9603860378265381
197207,-0.7641162276268005,-0.9419223070144653
197208,-0.7056406140327454,-0.9148010015487671
197209,-0.6394345164299011,-0.8794237971305847
197210,-0.6937713027000427,-0.9314600825309753
197211,-0.6400149464607239,-0.8524016737937927
197212,-0.5289568305015564,-0.7455511689186096
197301,-0.5996767282485962,-0.7392609119415283
197302,-0.387337863445282,-0.4593442976474762
197303,-0.40650248527526855,-0.4737694561481476
197304,-0.5235468149185181,-0.5174092054367065
197305,-0.7505841255187988,-0.8344700932502747
197306,-0.9668934941291809,-1.0041099786758423
197307,-1.090323567390442,-1.2195628881454468
197308,-1.2547177076339722,-1.1752732992172241
197309,-1.331743597984314,-1.3227890729904175
197310,-1.4838815927505493,-1.4824047088623047
197311,-1.748100996017456,-1.7228574752807617
197312,-1.467670202255249,-1.372839093208313
197401,-1.3144657611846924,-1.5698379278182983
197402,-1.5462325811386108,-1.7499586343765259
197403,-1.5333188772201538,-1.7569727897644043
197404,-1.8091124296188354,-2.0228540897369385
197405,-1.879379391670227,-2.0791914463043213
197406,-1.9040699005126953,-1.9905741214752197
197407,-1.933213233947754,-2.116704225540161
197408,-2.1681456565856934,-2.245823383331299
197409,-1.8831144571304321,-1.9737569093704224
197410,-2.2243669033050537,-2.218780994415283
197411,-2.437499761581421,-2.3165512084960938
197412,-2.0606470108032227,-1.8892946243286133
197501,-1.855555534362793,-1.7583187818527222
197502,-2.0475404262542725,-1.992255687713623
197503,-2.0767316818237305,-2.0853285789489746
197504,-2.090973377227783,-2.1537976264953613
197505,-2.120633840560913,-2.0284318923950195
197506,-2.1270625591278076,-2.0346691608428955
197507,-1.9672701358795166,-1.9314440488815308
197508,-1.999747395515442,-2.157662868499756
197509,-2.028900623321533,-2.0344786643981934
197510,-1.9261764287948608,-1.890059232711792
197511,-2.010334014892578,-1.9576435089111328
197512,-2.0565805435180664,-2.107818841934204
197601,-1.8791821002960205,-2.0975985527038574
197602,-1.954851508140564,-2.2387990951538086
197603,-1.9676318168640137,-2.201840400695801
197604,-1.932721495628357,-2.124221086502075
197605,-1.9630099534988403,-2.281304359436035
197606,-1.9048380851745605,-2.2030692100524902
197607,-1.8383899927139282,-2.18755841255188
197608,-1.9318583011627197,-2.269131898880005
197609,-1.9360694885253906,-2.2624943256378174
197610,-1.9263207912445068,-2.103041887283325
197611,-2.017350196838379,-2.3277814388275146
197612,-1.889532446861267,-2.26495623588562
197701,-1.742846131324768,-2.042782783508301
197702,-1.6243698596954346,-1.8943440914154053
197703,-1.520572304725647,-1.7005118131637573
197704,-1.5232396125793457,-1.720314383506775
197705,-1.7174335718154907,-1.7839655876159668
197706,-1.6989306211471558,-1.8295994997024536
197707,-1.6592966318130493,-1.7929844856262207
197708,-1.6979166269302368,-1.7118204832077026
197709,-1.6878191232681274,-1.6977035999298096
197710,-1.6684857606887817,-1.7044799327850342
197711,-1.6178958415985107,-1.5781500339508057
197712,-1.591204285621643,-1.631095290184021
197801,-1.6080044507980347,-1.509501576423645
197802,-1.588106632232666,-1.6060841083526611
197803,-1.4796297550201416,-1.6117454767227173
197804,-1.2910791635513306,-1.399598479270935
197805,-1.375221610069275,-1.4054787158966064
197806,-1.4093506336212158,-1.4182651042938232
197807,-1.5117734670639038,-1.4478951692581177
197808,-1.4934061765670776,-1.4925694465637207
197809,-1.4191865921020508,-1.4083611965179443
197810,-1.3930758237838745,-1.3758859634399414
197811,-1.3630844354629517,-1.4042630195617676
197812,-1.3533029556274414,-1.4129979610443115
197901,-1.1639678478240967,-1.0050688982009888
197902,-1.2169004678726196,-1.1103644371032715
197903,-1.2705801725387573,-1.1413401365280151
197904,-1.232862949371338,-1.098260521888733
197905,-1.1435192823410034,-1.0538626909255981
197906,-0.944976806640625,-0.824702799320221
197907,-0.7921213507652283,-0.5473311543464661
197908,-0.705485463142395,-0.548220157623291
197909,-0.678302526473999,-0.4063241183757782
197910,-0.9717280268669128,-0.7488949298858643
197911,-0.9167779684066772,-0.7083925604820251
197912,-0.8493217825889587,-0.6125353574752808
198001,-0.9261893630027771,-0.6703895330429077
198002,-0.9256982803344727,-0.6515882611274719
198003,-0.7482970952987671,-0.7685453295707703
198004,-0.7932769060134888,-0.6133227944374084
198005,-0.5369277000427246,-0.3119969964027405
198006,-0.46367162466049194,-0.24570457637310028
198007,-0.4151310324668884,-0.4012494683265686
198008,-0.48822787404060364,-0.5873090624809265
198009,-0.5499778985977173,-0.4735231101512909
198010,-0.541189432144165,-0.4415269196033478
198011,-0.3481992781162262,-0.26527857780456543
198012,0.03875041753053665,0.049487315118312836
198101,0.08299756050109863,0.07163622975349426
198102,0.2880743145942688,0.4313666522502899
198103,0.42277470231056213,0.6323082447052002
198104,0.39616137742996216,0.6866471767425537
198105,0.2697731554508209,0.5282472372055054
198106,0.46089833974838257,0.6440703868865967
198107,0.2669019103050232,0.400685578584671
198108,0.49814164638519287,0.6379054188728333
198109,0.7088821530342102,0.6727503538131714
198110,0.731961727142334,0.6152308583259583
198111,0.900048553943634,0.8755683302879333
198112,1.1513869762420654,1.1022851467132568
198201,0.962504506111145,0.8117459416389465
198202,1.0940386056900024,0.705303966999054
198203,1.2530890703201294,0.8371912837028503
198204,1.1030991077423096,0.7777771949768066
198205,1.1818376779556274,1.0066663026809692
198206,1.1207715272903442,0.9976437091827393
198207,0.9366688132286072,0.7482989430427551
198208,0.7317401170730591,0.36405685544013977
198209,0.611717700958252,0.27858614921569824
198210,0.5707808136940002,0.27825722098350525
198211,0.6397737860679626,0.2506465017795563
198212,0.6746473908424377,0.26985418796539307
198301,0.4959724545478821,0.24174779653549194
198302,0.3606473207473755,0.12671715021133423
198303,0.14824679493904114,-0.15626490116119385
198304,0.2715417444705963,0.01272275485098362
198305,0.21095333993434906,-0.1373278796672821
198306,0.28366684913635254,0.06441617757081985
198307,0.49475058913230896,0.20406068861484528
198308,0.48049843311309814,0.1511533260345459
198309,0.6156627535820007,0.22770680487155914
198310,1.2096338272094727,0.9207391142845154
198311,1.4798469543457031,1.1513757705688477
198312,1.6692568063735962,1.3063533306121826
198401,2.113725185394287,1.929717779159546
198402,2.287229537963867,2.2746970653533936
198403,2.225665330886841,2.1116676330566406
198404,1.9252876043319702,1.7897131443023682
198405,2.1983768939971924,2.0133626461029053
198406,2.215641498565674,1.971451997756958
198407,2.1319198608398438,1.9785548448562622
198408,1.7942225933074951,1.7490417957305908
198409,1.7789816856384277,1.775691270828247
198410,1.4388493299484253,1.4608453512191772
198411,1.48045015335083,1.4295721054077148
198412,1.2791720628738403,1.1405870914459229
198501,1.1597282886505127,0.9078630208969116
198502,1.0138553380966187,0.8805936574935913
198503,0.9527570009231567,0.9684543013572693
198504,0.9572970867156982,0.925408124923706
198505,0.8769711852073669,0.7722676992416382
198506,0.7648130655288696,0.64362633228302
198507,0.6978142857551575,0.6603697538375854
198508,0.7960720658302307,0.73722904920578
198509,0.7914192080497742,0.6504557728767395
198510,0.7007277011871338,0.712814450263977
198511,0.6475536227226257,0.5957913994789124
198512,0.7368565201759338,0.6287016868591309
198601,0.89516681432724,0.8153067827224731
198602,0.7568894624710083,0.7028846144676208
198603,0.7277676463127136,0.5902732610702515
198604,0.6873564124107361,0.5914575457572937
198605,0.7056956887245178,0.5369235873222351
198606,0.693950891494751,0.7014256715774536
198607,0.9538913369178772,0.9036279916763306
198608,1.0632870197296143,0.9847434163093567
198609,1.157463788986206,0.8359571099281311
198610,1.2097549438476562,1.2482402324676514
198611,1.3678866624832153,1.4107590913772583
198612,1.405280590057373,1.3956751823425293
198701,1.3326035737991333,1.397196888923645
198702,1.174089789390564,1.2189925909042358
198703,1.0719273090362549,1.151770830154419
198704,1.0803759098052979,1.076545000076294
198705,0.9573537111282349,0.8850716352462769
198706,0.8655043244361877,0.8770145773887634
198707,0.7100502252578735,0.6659796237945557
198708,0.5523414015769958,0.3784984052181244
198709,0.5856090188026428,0.16924986243247986
198710,0.4428740441799164,0.32172951102256775
198711,0.4877805709838867,0.5582223534584045
198712,0.15722154080867767,-0.07152289897203445
198801,0.16781805455684662,0.3231663405895233
198802,0.20593251287937164,0.21474120020866394
198803,0.09299565851688385,0.07358518987894058
198804,-0.06825535744428635,-0.04574885591864586
198805,-0.07763945311307907,-0.022175190970301628
198806,-0.17907439172267914,-0.17043514549732208
198807,-0.2982844412326813,-0.31026431918144226
198808,-0.31448808312416077,-0.4117802083492279
198809,-0.3926588296890259,-0.3478016257286072
198810,-0.5593556761741638,-0.42766138911247253
198811,-0.5510081648826599,-0.4189334511756897
198812,-0.5101932287216187,-0.4278566837310791
198901,-0.5317195653915405,-0.500176191329956
198902,-0.5547065138816833,-0.47062957286834717
198903,-0.5341717600822449,-0.449020117521286
198904,-0.5041739344596863,-0.3364894986152649
198905,-0.5524660348892212,-0.39347419142723083
198906,-0.41225725412368774,-0.23125731945037842
198907,-0.48716190457344055,-0.2571870982646942
198908,-0.5488060712814331,-0.36486029624938965
198909,-0.5190617442131042,-0.3574032783508301
198910,-0.56680828332901,-0.4351014196872711
198911,-0.5191490054130554,-0.38533055782318115
198912,-0.3581959307193756,-0.3717004060745239
199001,-0.334083616733551,-0.23428837954998016
199002,-0.31624388694763184,-0.16086699068546295
199003,-0.3208101987838745,-0.2052488625049591
199004,-0.132693812251091,-0.14903376996517181
199005,-0.24531078338623047,-0.23382623493671417
199006,-0.23227694630622864,-0.2464626580476761
199007,-0.299007385969162,-0.3239278793334961
199008,-0.2002703845500946,-0.32221296429634094
199009,-0.18736861646175385,-0.49587905406951904
199010,-0.14606915414333344,-0.3179266154766083
199011,-0.2355000227689743,-0.3176640570163727
199012,-0.23381350934505463,-0.23903200030326843
199101,-0.28025710582733154,-0.48719117045402527
199102,-0.1753617525100708,-0.22841469943523407
199103,-0.23539286851882935,-0.30110833048820496
199104,-0.22159342467784882,-0.2689530849456787
199105,-0.12891702353954315,0.13647300004959106
199106,-0.058753084391355515,0.21271367371082306
199107,-0.19643698632717133,0.016929835081100464
199108,-0.27433085441589355,-0.0005162623710930347
199109,-0.24093244969844818,-0.04269262030720711
199110,-0.24106764793395996,-0.0019966475665569305
199111,-0.05107840150594711,0.11643635481595993
199112,0.031760793179273605,0.24924622476100922
199201,0.15254253149032593,0.3768738806247711
199202,0.31815120577812195,0.43343496322631836
199203,0.4978073239326477,0.39223992824554443
199204,0.4501815140247345,0.49020546674728394
199205,0.44999799132347107,0.5245323181152344
199206,0.4721083641052246,0.587558925151825
199207,0.4393351376056671,0.46738359332084656
199208,0.530232310295105,0.6282214522361755
199209,0.6201040148735046,0.6786662936210632
199210,0.580028235912323,0.7135123014450073
199211,0.6556815505027771,0.7650786638259888
199212,0.7580319046974182,0.8383737802505493
199301,0.7986001968383789,0.8323654532432556
199302,0.8641753792762756,0.8960092067718506
199303,0.7633932828903198,0.9579251408576965
199304,0.4089486002922058,0.6066786646842957
199305,0.2925240099430084,0.4429735839366913
199306,0.2623538672924042,0.33501943945884705
199307,0.30792105197906494,0.4365881085395813
199308,0.24521952867507935,0.3170521855354309
199309,0.294874906539917,0.33718836307525635
199310,0.45709672570228577,0.5134830474853516
199311,0.6190342307090759,0.7734770178794861
199312,0.6471590995788574,0.7031710743904114
199401,0.6761476993560791,0.7058372497558594
199402,0.6102423071861267,0.7003083229064941
199403,0.5424270629882812,0.6583114862442017
199404,0.44732749462127686,0.464870423078537
199405,0.5535293221473694,0.5226891040802002
199406,0.6459983587265015,0.657339334487915
199407,0.563766360282898,0.5746590495109558
199408,0.5924209952354431,0.642719030380249
199409,0.5939969420433044,0.6431251168251038
199410,0.44170117378234863,0.42694100737571716
199411,0.45183759927749634,0.451925128698349
199412,0.31074854731559753,0.3092190623283386
199501,0.3663249611854553,0.3969323933124542
199502,0.38377928733825684,0.39300569891929626
199503,0.24035313725471497,0.27596786618232727
199504,0.010303482413291931,0.051224540919065475
199505,-0.11983330547809601,-0.01738818921148777
199506,-0.14352531731128693,-0.10721088200807571
199507,-0.22857815027236938,-0.15628737211227417
199508,-0.11629064381122589,-0.13016828894615173
199509,-0.06577638536691666,-0.046712782233953476
199510,-0.04492195323109627,-0.01864943839609623
199511,0.03716596961021423,0.04040118306875229
199512,0.0821123942732811,0.10645852237939835
199601,0.14906947314739227,0.2877460718154907
199602,0.14359496533870697,0.3033703863620758
199603,0.20828348398208618,0.30735132098197937
199604,0.17821812629699707,0.3270597755908966
199605,0.20968148112297058,0.326896071434021
199606,0.42659154534339905,0.4837811589241028
199607,0.518711507320404,0.6213052868843079
199608,0.6710070371627808,0.7775421738624573
199609,0.6701481342315674,0.7358304262161255
199610,0.6663734912872314,0.8175777196884155
199611,0.6470463275909424,0.7340327501296997
199612,0.7104524374008179,0.6923238039016724
199701,0.6917544007301331,0.7640792727470398
199702,0.759194016456604,0.7773066759109497
199703,0.7377116084098816,0.7143191695213318
199704,0.9018494486808777,0.8665655851364136
199705,0.7594537734985352,0.7602335810661316
199706,0.6852513551712036,0.7499251961708069
199707,0.49446016550064087,0.4866398274898529
199708,0.6206462383270264,0.5761691331863403
199709,0.7475688457489014,0.7311608195304871
199710,0.5693548917770386,0.48415321111679077
199711,0.6151219010353088,0.5875783562660217
199712,0.6701780557632446,0.665008544921875
199801,0.6285441517829895,0.6161119937896729
199802,0.4418758451938629,0.44083312153816223
199803,0.3771265745162964,0.3336309790611267
199804,0.07729323208332062,0.12481994926929474
199805,0.20439797639846802,0.28594958782196045
199806,0.1533716768026352,0.18991202116012573
199807,0.3143264055252075,0.36962923407554626
199808,0.3720865845680237,0.3505692481994629
199809,0.30676543712615967,0.34739136695861816
199810,0.20621943473815918,0.2812751829624176
199811,0.022794412449002266,0.06158272922039032
199812,-0.20337341725826263,-0.17343668639659882
199901,-0.18409578502178192,-0.1048952117562294
199902,-0.055080339312553406,0.021602613851428032
199903,-0.09120139479637146,-0.03527896851301193
199904,-0.1652945876121521,-0.1716061234474182
199905,-0.18269382417201996,-0.24113492667675018
199906,-0.060867130756378174,-0.10488859564065933
199907,-0.14103031158447266,-0.17314936220645905
199908,-0.31272590160369873,-0.3240340054035187
199909,-0.08450669050216675,-0.14715790748596191
199910,-0.1812572330236435,-0.30877983570098877
199911,-0.0012171735288575292,-0.14519840478897095
199912,0.26666727662086487,-0.0015815283404663205
200001,0.6792094111442566,0.6023473143577576
200002,0.5907240509986877,0.44392189383506775
200003,0.948711633682251,0.8294954895973206
200004,0.4932469129562378,0.3519001007080078
200005,0.7924152612686157,0.6513054370880127
200006,1.050336480140686,0.9075478911399841
200007,1.2970699071884155,1.2571440935134888
200008,1.2645050287246704,1.2130284309387207
200009,1.2910027503967285,1.1911627054214478
200010,1.3094151020050049,1.3384476900100708
200011,1.769058346748352,1.832578182220459
200012,1.9680638313293457,1.933380365371704
200101,2.203676700592041,2.259585380554199
200102,2.8727684020996094,2.946213722229004
200103,2.636307716369629,2.7141220569610596
200104,2.1983728408813477,2.3559060096740723
200105,2.049535036087036,1.9065204858779907
200106,2.3970983028411865,2.3119616508483887
200107,2.2265422344207764,2.112823724746704
200108,2.3375799655914307,2.150381088256836
200109,2.209484577178955,2.1557459831237793
200110,1.9794045686721802,1.7426339387893677
200111,1.2739369869232178,1.0804917812347412
200112,0.9753453135490417,0.7585136294364929
200201,1.2736927270889282,1.3734468221664429
200202,0.623900830745697,0.6292951703071594
200203,0.30960190296173096,0.36626696586608887
200204,0.44462496042251587,0.47951245307922363
200205,0.36285701394081116,0.35792481899261475
200206,0.41857755184173584,0.34922730922698975
200207,0.012364095076918602,-0.061715494841337204
200208,-0.06047917529940605,-0.11345517635345459
200209,-0.534026563167572,-0.4891210198402405
200210,-0.3820532262325287,-0.6765016317367554
200211,-0.19541151821613312,-0.3524138629436493
200212,-0.27890488505363464,-0.2694408893585205
200301,-0.26857641339302063,-0.27552372217178345
200302,-0.44721436500549316,-0.4214229881763458
200303,-0.30989325046539307,-0.2505200207233429
200304,-0.5943769216537476,-0.5817912817001343
200305,-0.5932533740997314,-0.455477237701416
200306,-0.572907567024231,-0.4560149610042572
200307,-0.7109227776527405,-0.6855294704437256
200308,-0.8373374938964844,-0.8625932931900024
200309,-0.6814566254615784,-0.5658511519432068
200310,-0.6151218414306641,-0.489829421043396
200311,-0.5254777669906616,-0.4813152849674225
200312,-0.6981936693191528,-0.7301477193832397
200401,-0.5202195644378662,-0.4637734889984131
200402,-0.35432714223861694,-0.23613859713077545
200403,-0.44244685769081116,-0.3847505748271942
200404,-0.303081750869751,-0.283319890499115
200405,-0.2900669276714325,-0.2404518872499466
200406,-0.18794293701648712,-0.11399365216493607
200407,0.03590891882777214,0.0436142198741436
200408,0.2024422585964203,0.0795431062579155
200409,0.16769325733184814,0.1040414422750473
200410,0.17689265310764313,0.17046111822128296
200411,0.19536042213439941,0.17637571692466736
200412,0.1927824467420578,0.14780761301517487
200501,0.28989335894584656,0.24943877756595612
200502,0.22551074624061584,0.20049995183944702
200503,0.21064448356628418,0.1356291025876999
200504,0.22027799487113953,0.2250375598669052
200505,0.228574737906456,0.18380992114543915
200506,0.21662622690200806,0.2516055405139923
200507,0.03576977923512459,0.0831979513168335
200508,0.07695892453193665,0.16645598411560059
200509,0.12329155206680298,0.3070114254951477
200510,0.15753677487373352,0.2931598126888275
200511,0.18227623403072357,0.27143990993499756
200512,0.2306361198425293,0.2815600633621216
200601,0.16622160375118256,0.3166966140270233
200602,0.07885220646858215,0.19752417504787445
200603,0.022433247417211533,0.13947486877441406
200604,0.024171801283955574,0.0651136264204979
200605,0.15958254039287567,0.27463966608047485
200606,0.2098608762025833,0.24812200665473938
200607,0.2960209548473358,0.21038387715816498
200608,0.31295040249824524,0.4037560522556305
200609,0.35580605268478394,0.38209474086761475
200610,0.33671143651008606,0.38083115220069885
200611,0.4200975000858307,0.5405097603797913
200612,0.422164648771286,0.5075698494911194
200701,0.4797850549221039,0.44463521242141724
200702,0.703490138053894,0.736167848110199
200703,0.7647298574447632,0.8497136235237122
200704,0.8803716897964478,0.9555695056915283
200705,0.6156248450279236,0.7534805536270142
200706,0.6321383714675903,0.7839797139167786
200707,0.520396888256073,0.6028211116790771
200708,0.42058834433555603,0.5224972367286682
200709,0.35194340348243713,0.445147842168808
200710,0.32620885968208313,0.44726982712745667
200711,0.3107422888278961,0.4510108232498169
200712,0.24952487647533417,0.3771105408668518
200801,0.3833368420600891,0.4835658073425293
200802,0.44366008043289185,0.31999945640563965
200803,0.35503441095352173,0.19033117592334747
200804,0.242238387465477,0.10789821296930313
200805,0.17438507080078125,-0.0025028837844729424
200806,0.1544576734304428,0.07265253365039825
200807,0.10929617285728455,0.05916890874505043
200808,0.12993180751800537,0.12270975857973099
200809,-0.2087443619966507,-0.1304955929517746
200810,-0.22001239657402039,-0.28224289417266846
200811,-0.6436117887496948,-0.7636467218399048
200812,-0.5175003409385681,-0.5709619522094727
200901,-0.4788443446159363,-0.4610995352268219
200902,-0.6977798938751221,-0.6101393103599548
200903,-0.6819486618041992,-0.5976444482803345
200904,-0.8620434403419495,-0.7992037534713745
200905,-0.816032350063324,-0.800946056842804
200906,-0.8304743766784668,-0.8167259693145752
200907,-0.6003128290176392,-0.5915806889533997
200908,-0.665452778339386,-0.5106662511825562
200909,-0.7069078683853149,-0.5684365034103394
200910,-0.8820967078208923,-0.6045869588851929
200911,-0.9669202566146851,-0.5889290571212769
200912,-0.9464897513389587,-0.7189041376113892
201001,-0.9098151326179504,-0.8960027694702148
201002,-0.864773154258728,-0.9024889469146729
201003,-0.8915697932243347,-0.9182968735694885
201004,-0.639886736869812,-0.6948333382606506
201005,-0.6203413605690002,-0.7932547330856323
201006,-0.35724303126335144,-0.5605098009109497
201007,-0.3744107484817505,-0.5677810907363892
201008,-0.24019251763820648,-0.5502132177352905
201009,-0.21251265704631805,-0.21894919872283936
201010,-0.32736822962760925,-0.29624757170677185
201011,-0.4131586253643036,-0.37964051961898804
201012,-0.3310316503047943,-0.23915736377239227
201101,-0.30689749121665955,-0.10136757791042328
201102,-0.233649343252182,0.03547605127096176
201103,-0.19474835693836212,-0.052901655435562134
201104,-0.21072733402252197,0.004174469504505396
201105,-0.05722186714410782,0.24650375545024872
201106,-0.13267828524112701,0.1455279290676117
201107,-0.1551140397787094,0.1102759838104248
201108,-0.17584772408008575,0.06453046202659607
201109,-0.09243142604827881,0.12525153160095215
201110,-0.1532171219587326,-0.03928970918059349
201111,-0.33166226744651794,-0.20471519231796265
201112,-0.3736056089401245,-0.2330295592546463
201201,-0.33716902136802673,-0.2731150984764099
201202,-0.24712048470973969,-0.23547397553920746
201203,-0.24126659333705902,-0.1788875311613083
201204,-0.24269533157348633,-0.2227066159248352
201205,-0.23626106977462769,-0.1745443344116211
201206,-0.37407127022743225,-0.28619855642318726
201207,-0.23797281086444855,-0.1364104151725769
201208,-0.2476959526538849,-0.04627084732055664
201209,-0.25063052773475647,-0.07069458812475204
201210,-0.182759627699852,-0.014551335945725441
201211,-0.3264005780220032,-0.1886524111032486
201212,-0.3552125096321106,-0.19368863105773926
201301,-0.2596897780895233,-0.14247748255729675
201302,-0.13140800595283508,-0.031214265152812004
201303,-0.06928078085184097,-0.013033912517130375
201304,-0.17350177466869354,-0.07417719066143036
201305,-0.11805357038974762,-0.011097986251115799
201306,-0.057927802205085754,0.09014905244112015
201307,-0.150046244263649,0.017331352457404137
201308,-0.05106276273727417,0.04992883652448654
201309,-0.02854430489242077,0.01876971311867237
201310,-0.08542675524950027,-0.015300361439585686
201311,-0.1503240019083023,-0.13170474767684937
201312,-0.034316763281822205,-0.017276018857955933
201401,-0.26972585916519165,-0.24407647550106049
201402,-0.23064066469669342,-0.2075984925031662
201403,-0.21387694776058197,-0.16810980439186096
201404,-0.2280372828245163,-0.16254885494709015
201405,-0.17635443806648254,-0.1372070461511612
201406,-0.1359034925699234,-0.08900640904903412
201407,0.004587153904139996,0.017709562554955482
201408,-0.036912281066179276,-0.012760324403643608
201409,0.018953191116452217,0.07304657250642776
201410,-0.07706321775913239,-0.061578068882226944
201411,-0.01875249296426773,-0.03207196667790413
201412,0.03842715919017792,0.04871290549635887
201501,0.14942248165607452,0.18947270512580872
201502,0.19429518282413483,0.20743685960769653
201503,0.14107288420200348,0.17978282272815704
201504,-0.06258153915405273,-0.007941745221614838
201505,-0.027045825496315956,0.06809037178754807
201506,0.023648569360375404,0.13198184967041016
201507,-0.15947124361991882,-0.060717448592185974
201508,-0.17386303842067719,-0.10051929205656052
201509,-0.2772962749004364,-0.1717684417963028
201510,-0.32373401522636414,-0.19389496743679047
201511,-0.3934978246688843,-0.21873821318149567
201512,-0.368490993976593,-0.1922793835401535
201601,-0.4567696452140808,-0.32812342047691345
201602,-0.42600932717323303,-0.3695276081562042
201603,-0.389722615480423,-0.32577425241470337
201604,-0.37412890791893005,-0.3375660479068756
201605,-0.3336890935897827,-0.3263644576072693
201606,-0.280428022146225,-0.2853601574897766
201607,-0.20133012533187866,-0.20454244315624237
201608,-0.19339746236801147,-0.18525341153144836
201609,-0.31079599261283875,-0.27216848731040955
201610,-0.29663002490997314,-0.21225732564926147
201611,-0.24736356735229492,-0.22005502879619598
201612,-0.22971199452877045,-0.24894893169403076
201701,-0.3530978262424469,-0.28565308451652527
201702,-0.3161276876926422,-0.260375052690506
201703,-0.27602070569992065,-0.25970974564552307
201704,-0.34175094962120056,-0.32302820682525635
201705,-0.25783777236938477,-0.23467999696731567
201706,-0.3481276333332062,-0.35973110795021057
201707,-0.3616930842399597,-0.35200393199920654
201708,-0.39948132634162903,-0.3354942500591278
201709,-0.21263571083545685,-0.16662311553955078
201710,-0.17741356790065765,-0.16190467774868011
201711,-0.19380052387714386,-0.14639686048030853
201712,-0.17875202000141144,-0.2240312099456787
201801,-0.08852167427539825,-0.08901993930339813
201802,-0.01753879152238369,0.0002578407875262201
201803,0.03513244166970253,0.06554330885410309
201804,-0.20120172202587128,-0.16563576459884644
201805,-0.2317017763853073,-0.12147870659828186
201806,-0.23351417481899261,-0.1719508320093155
201807,-0.18613144755363464,-0.1418076753616333
201808,-0.1816900372505188,-0.14408992230892181
201809,-0.23621965944766998,-0.23926867544651031
201810,-0.3063141107559204,-0.24722479283809662
201811,-0.33542782068252563,-0.34068164229393005
201812,-0.3818250894546509,-0.3280141055583954
201901,-0.20237448811531067,-0.11734107881784439
201902,-0.159128800034523,-0.04511287808418274
201903,-0.11216294020414352,0.035021938383579254
201904,-0.0814095064997673,0.15924453735351562
201905,-0.014721814543008804,0.10746295750141144
201906,0.0424279160797596,0.21974188089370728
201907,0.036551378667354584,0.20098905265331268
201908,0.11719471216201782,0.25832340121269226
201909,0.1033075749874115,0.28590983152389526
201910,-0.05182595178484917,0.1529056429862976
201911,-0.016303598880767822,0.08683523535728455
201912,-0.031709760427474976,0.2084185779094696
202001,0.14932015538215637,0.2986030578613281
202002,0.027485588565468788,0.19607612490653992
202003,-0.06730370968580246,0.7092791199684143
202004,-0.08060392737388611,0.9779868721961975
202005,-0.07807675004005432,0.34088513255119324
202006,0.008184009231626987,0.20615674555301666
202007,0.03844092786312103,0.03602588549256325
202008,0.0784594863653183,0.05178297311067581
202009,0.07165344804525375,-0.05603591725230217
202010,0.20268012583255768,0.060021478682756424
202011,0.29357093572616577,0.1761896163225174
202012,0.4524485468864441,0.260947048664093
202101,0.8114380836486816,0.5303311944007874
202102,1.132193684577942,1.0571904182434082
202103,1.335667371749878,0.8606541156768799
202104,1.0751116275787354,1.0785489082336426
202105,1.223009705543518,0.6391828060150146
202106,1.3409738540649414,0.7047314643859863
202107,1.514198899269104,0.974703848361969
202108,1.7676622867584229,1.267421007156372
202109,1.8587837219238281,1.4625247716903687
202110,1.8575122356414795,1.5616569519042969
202111,2.167231559753418,1.988206148147583
202112,2.4129791259765625,2.367018222808838
202201,2.419248342514038,2.37453293800354
202202,2.2235138416290283,2.2347218990325928
202203,1.9994522333145142,1.6652815341949463
202204,1.5306891202926636,1.236838459968567
202205,1.4067637920379639,1.4438457489013672
202206,1.3353992700576782,1.464669942855835
202207,1.1743335723876953,1.4517511129379272
202208,1.2787944078445435,1.4502180814743042
202209,1.148502230644226,1.2821205854415894
202210,1.0648860931396484,1.1509943008422852
202211,0.8266723155975342,0.9402171969413757
202212,0.4640932083129883,0.6386957764625549
202301,0.3670459985733032,0.38324570655822754
202302,0.4745005667209625,0.5810000896453857
202303,0.42609670758247375,0.5087441802024841
202304,-0.0002613356336951256,0.05921872332692146
202305,-0.12327507883310318,0.009959113784134388
202306,-0.11222834140062332,-0.003334603039547801
202307,0.08236926048994064,0.18926459550857544
202308,0.07880999892950058,0.21930822730064392
202309,0.07897034287452698,0.2581193745136261
202310,0.05762637034058571,0.22817204892635345
202311,-0.2304457277059555,0.005650789476931095
202312,-0.2816776633262634,-0.045635294169187546
202401,-0.15188252925872803,-0.012167275883257389
202402,-0.4871516823768616,-0.36855190992355347
202403,-0.5240588784217834,-0.3346939980983734
202404,-0.6062955260276794,-0.46320441365242004
202405,-0.43743884563446045,-0.33384859561920166
202406,-0.46664732694625854,-0.42591550946235657
202407,-0.5268328189849854,-0.4513755142688751
202408,-0.5987315773963928,-0.5593361854553223
202409,-0.5694214105606079,-0.5151188969612122
202410,-0.6545222997665405,-0.576863706111908
202411,-0.5655246376991272,-0.41666826605796814
202412,-0.37628480792045593,-0.298855185508728
202501,-0.3962607979774475,-0.2166716605424881
202502,-0.498380571603775,-0.31181055307388306
202503,-0.45248204469680786,-0.3144429624080658
202504,-0.6501243710517883,-0.517075777053833
202505,-0.6603838205337524,-0.5175925493240356
202506,-0.6531997323036194,-0.5271368622779846
202507,-0.6542724967002869,-0.6286607384681702
202508,-0.6077545881271362,-0.5233355164527893
202509,-0.5395344495773315,-0.5197701454162598
202510,-0.3890613913536072,
202511,-0.2709992825984955,-0.30577903985977173
202512,0.12571176886558533,0.06564764678478241
