ym,cfnai
196702,-0.35
196703,0.0
196704,-0.56
196705,0.04
196706,-0.32
196707,1.04
196708,-0.05
196709,0.03
196710,1.36
196711,1.01
196712,-0.46
196801,0.43
196802,0.39
196803,0.13
196804,0.67
196805,0.27
196806,0.23
196807,0.02
196808,0.49
196809,0.56
196810,0.82
196811,0.01
196812,0.34
196901,0.51
196902,0.51
196903,0.05
196904,-0.01
196905,0.38
196906,0.18
196907,0.45
196908,-0.09
196909,0.2
196910,-0.81
196911,-0.23
196912,-1.36
197001,-0.15
197002,-0.57
197003,-0.7
197004,-0.32
197005,-0.27
197006,0.0
197007,-0.56
197008,-0.64
197009,-1.81
197010,-1.03
197011,1.66
197012,0.57
197101,0.0
197102,-0.05
197103,0.47
197104,0.45
197105,0.41
197106,-0.13
197107,-0.05
197108,1.02
197109,0.44
197110,0.66
197111,0.86
197112,1.45
197201,0.4
197202,1.06
197203,0.76
197204,0.52
197205,0.52
197206,-0.05
197207,1.53
197208,0.91
197209,1.39
197210,1.32
197211,1.23
197212,1.09
197301,1.26
197302,0.48
197303,0.09
197304,0.48
197305,0.24
197306,0.53
197307,-0.38
197308,0.66
197309,1.09
197310,0.82
197311,-0.4
197312,-0.22
197401,-0.26
197402,0.08
197403,-0.36
197404,0.49
197405,-0.29
197406,-0.27
197407,-0.73
197408,-0.86
197409,-1.1
197410,-2.48
197411,-3.36
197412,-1.82
197501,-2.11
197502,-2.05
197503,-0.24
197504,-0.22
197505,0.13
197506,0.65
197507,0.71
197508,0.63
197509,0.3
197510,0.14
197511,0.89
197512,1.4
197601,0.82
197602,0.42
197603,0.34
197604,0.21
197605,0.22
197606,0.31
197607,0.28
197608,0.36
197609,-0.33
197610,1.0
197611,1.12
197612,-0.19
197701,1.15
197702,1.1
197703,0.66
197704,0.68
197705,0.73
197706,0.37
197707,0.29
197708,0.43
197709,0.44
197710,0.53
197711,0.8
197712,-1.24
197801,1.04
197802,1.33
197803,1.81
197804,0.37
197805,0.82
197806,-0.1
197807,0.71
197808,0.29
197809,0.75
197810,0.74
197811,0.53
197812,-0.38
197901,0.14
197902,1.03
197903,-1.42
197904,1.17
197905,-0.04
197906,-0.14
197907,-0.45
197908,-0.06
197909,0.01
197910,-0.32
197911,-0.17
197912,0.13
198001,-0.54
198002,-1.17
198003,-2.25
198004,-2.39
198005,-1.25
198006,-0.63
198007,0.31
198008,1.0
198009,1.13
198010,0.64
198011,0.35
198012,-0.27
198101,-0.44
198102,-0.09
198103,-0.04
198104,-0.05
198105,-0.28
198106,0.06
198107,-0.46
198108,-0.97
198109,-1.3
198110,-1.35
198111,-1.57
198112,-1.83
198201,0.91
198202,-0.96
198203,-1.08
198204,-0.63
198205,-1.17
198206,-0.78
198207,-1.09
198208,-0.58
198209,-1.28
198210,-0.54
198211,-0.53
198212,1.13
198301,-0.46
198302,0.72
198303,0.68
198304,0.93
198305,1.15
198306,1.07
198307,0.45
198308,1.59
198309,0.98
198310,0.77
198311,0.98
198312,1.28
198401,0.68
198402,0.44
198403,0.59
198404,0.6
198405,0.61
198406,0.1
198407,-0.01
198408,-0.06
198409,0.17
198410,0.42
198411,0.06
198412,-0.09
198501,-0.04
198502,0.36
198503,-0.28
198504,0.38
198505,-0.53
198506,-0.2
198507,0.54
198508,0.24
198509,-0.38
198510,0.33
198511,0.28
198512,0.61
198601,-0.53
198602,-0.2
198603,0.52
198604,-0.15
198605,-0.13
198606,0.34
198607,0.08
198608,0.65
198609,-0.26
198610,0.02
198611,0.95
198612,-0.98
198701,1.51
198702,0.14
198703,0.25
198704,0.43
198705,0.29
198706,0.67
198707,0.32
198708,0.47
198709,0.71
198710,0.26
198711,0.56
198712,-0.16
198801,0.52
198802,0.45
198803,0.27
198804,-0.03
198805,0.46
198806,-0.02
198807,0.04
198808,0.06
198809,0.49
198810,0.25
198811,0.57
198812,0.26
198901,-0.45
198902,-0.16
198903,0.12
198904,-0.6
198905,-0.21
198906,-0.83
198907,0.66
198908,-0.51
198909,-0.42
198910,0.15
198911,-0.02
198912,-0.23
199001,0.55
199002,0.17
199003,-0.71
199004,0.02
199005,-0.04
199006,-0.58
199007,-0.22
199008,-0.81
199009,-0.92
199010,-1.41
199011,-0.96
199012,-1.09
199101,-0.86
199102,-0.9
199103,0.02
199104,-0.05
199105,0.03
199106,0.15
199107,-0.34
199108,0.26
199109,-0.36
199110,-0.4
199111,-0.81
199112,-0.07
199201,0.1
199202,0.44
199203,0.24
199204,-0.06
199205,0.05
199206,0.42
199207,-0.61
199208,0.09
199209,0.21
199210,0.1
199211,0.46
199212,0.21
199301,0.16
199302,-0.46
199303,0.26
199304,-0.12
199305,0.04
199306,-0.01
199307,-0.03
199308,0.4
199309,0.36
199310,0.3
199311,0.51
199312,0.07
199401,0.22
199402,0.98
199403,0.26
199404,0.41
199405,0.45
199406,0.05
199407,0.82
199408,0.12
199409,0.63
199410,0.53
199411,0.62
199412,0.12
199501,-0.25
199502,-0.07
199503,-0.55
199504,0.02
199505,0.23
199506,-0.59
199507,0.74
199508,0.13
199509,-0.29
199510,0.03
199511,0.07
199512,-0.87
199601,0.74
199602,-0.15
199603,0.43
199604,0.4
199605,0.35
199606,0.06
199607,0.22
199608,0.3
199609,0.05
199610,0.49
199611,0.06
199612,0.27
199701,0.82
199702,0.3
199703,0.08
199704,0.22
199705,0.38
199706,0.65
199707,0.3
199708,0.63
199709,0.45
199710,0.61
199711,0.06
199712,0.31
199801,0.33
199802,-0.01
199803,0.24
199804,0.28
199805,-0.45
199806,-0.47
199807,1.06
199808,-0.01
199809,0.28
199810,0.05
199811,0.25
199812,0.11
199901,0.54
199902,-0.08
199903,0.0
199904,0.56
199905,-0.08
199906,0.19
199907,0.34
199908,-0.19
199909,0.75
199910,0.37
199911,0.6
199912,0.16
200001,-0.23
200002,0.44
200003,0.42
200004,-0.35
200005,0.12
200006,-0.29
200007,-0.36
200008,0.36
200009,-0.52
200010,-0.36
200011,-0.27
200012,-0.66
200101,-0.57
200102,-0.69
200103,-0.89
200104,-0.43
200105,-0.92
200106,-0.53
200107,-0.43
200108,-1.12
200109,-0.18
200110,-0.81
200111,-0.32
200112,-0.05
200201,-0.1
200202,-0.03
200203,0.16
200204,0.07
200205,0.3
200206,-0.27
200207,-0.07
200208,-0.34
200209,-0.35
200210,0.14
200211,-0.59
200212,0.39
200301,-0.47
200302,-0.18
200303,-0.64
200304,0.01
200305,0.14
200306,0.09
200307,-0.15
200308,0.35
200309,0.14
200310,0.48
200311,0.04
200312,0.05
200401,0.46
200402,0.55
200403,0.08
200404,0.56
200405,-0.28
200406,0.48
200407,0.3
200408,0.17
200409,0.44
200410,0.04
200411,0.85
200412,0.19
200501,0.4
200502,-0.28
200503,0.57
200504,-0.02
200505,0.41
200506,-0.05
200507,0.21
200508,-0.62
200509,0.65
200510,0.75
200511,0.33
200512,0.48
200601,0.1
200602,0.23
200603,-0.09
200604,0.02
200605,0.03
200606,-0.28
200607,0.18
200608,0.0
200609,-0.27
200610,-0.11
200611,0.78
200612,-0.48
200701,0.2
200702,0.24
200703,-0.09
200704,0.05
200705,-0.02
200706,-0.4
200707,-0.08
200708,-0.08
200709,-0.27
200710,-0.08
200711,-0.45
200712,-0.23
200801,-0.8
200802,-0.79
200803,-0.67
200804,-0.84
200805,-0.72
200806,-1.21
200807,-1.26
200808,-2.58
200809,-1.13
200810,-2.35
200811,-2.68
200812,-3.04
200901,-1.24
200902,-2.35
200903,-1.61
200904,-1.2
200905,-0.94
200906,0.14
200907,-0.01
200908,-0.21
200909,-0.29
200910,0.06
200911,-0.29
200912,0.16
201001,-0.35
201002,0.48
201003,0.41
201004,0.3
201005,-0.17
201006,0.15
201007,-0.16
201008,-0.19
201009,-0.12
201010,-0.19
201011,0.09
201012,0.02
201101,-0.38
201102,0.41
201103,-0.48
201104,-0.34
201105,0.01
201106,0.17
201107,0.01
201108,-0.27
201109,0.16
201110,-0.35
201111,0.28
201112,0.37
201201,0.0
201202,-0.39
201203,0.06
201204,-0.17
201205,-0.33
201206,-0.28
201207,-0.45
201208,-0.11
201209,-0.26
201210,0.28
201211,0.14
201212,-0.33
201301,0.23
201302,-0.26
201303,-0.29
201304,0.14
201305,-0.14
201306,-0.52
201307,0.3
201308,0.1
201309,0.01
201310,0.3
201311,-0.15
201312,-0.7
201401,0.44
201402,0.48
201403,0.05
201404,0.12
201405,0.14
201406,0.3
201407,-0.23
201408,0.01
201409,0.04
201410,0.27
201411,0.06
201412,-0.26
201501,-0.48
201502,0.01
201503,0.0
201504,-0.34
201505,-0.14
201506,0.35
201507,-0.28
201508,-0.12
201509,-0.26
201510,-0.37
201511,-0.3
201512,0.09
201601,-0.23
201602,-0.34
201603,-0.1
201604,-0.35
201605,0.13
201606,0.05
201607,-0.22
201608,-0.09
201609,-0.07
201610,-0.22
201611,0.38
201612,-0.11
201701,-0.09
201702,0.02
201703,0.34
201704,0.02
201705,0.16
201706,-0.16
201707,0.01
201708,0.18
201709,0.54
201710,0.23
201711,0.2
201712,-0.23
201801,0.47
201802,0.11
201803,0.4
201804,-0.14
201805,0.22
201806,0.05
201807,0.3
201808,0.02
201809,-0.21
201810,0.01
201811,-0.13
201812,-0.36
201901,-0.41
201902,-0.1
201903,-0.51
201904,0.02
201905,0.04
201906,-0.36
201907,0.17
201908,-0.43
201909,-0.78
201910,0.2
201911,-0.35
201912,-0.25
202001,0.07
202002,-4.38
202003,-18.34
202004,4.76
202005,6.33
202006,2.64
202007,1.26
202008,0.5
202009,1.01
202010,0.28
202011,0.68
202012,0.86
202101,-1.85
202102,2.4
202103,0.12
202104,0.23
202105,0.33
202106,0.75
202107,-0.04
202108,-0.13
202109,0.93
202110,0.66
202111,0.17
202112,-0.04
202201,0.4
202202,0.43
202203,0.0
202204,-0.41
202205,-0.25
202206,0.2
202207,0.04
202208,0.0
202209,0.04
202210,-0.6
202211,-0.46
202212,0.57
202301,-0.43
202302,-0.41
202303,0.04
202304,-0.18
202305,-0.41
202306,0.13
202307,-0.17
202308,-0.03
202309,-0.51
202310,0.14
202311,-0.12
202312,-0.98
202401,0.26
202402,-0.13
202403,-0.38
202404,0.16
202405,-0.22
202406,-0.39
202407,-0.08
202408,-0.29
202409,-0.56
202410,-0.05
202411,0.33
202412,-0.5
202501,0.39
202502,0.16
202503,-0.36
202504,-0.31
202505,-0.09
202506,0.02
202507,-0.35
202508,-0.32
202509,-0.5
202510,-0.31
202511,-0.06
202512,-0.07
202601,0.22
202602,-0.11
202603,0.1
202604,-0.12
202605,0.06
202606,-0.08
