Date,Dec1,Dec2,Dec3,Dec4,Dec5,Dec6,Dec7,Dec8,Dec9,Dec10
1963-07-31,-1.37,0.05,-1.47,2.17,-0.87,1.0,-1.06,-1.04,-0.26,0.94
1963-08-31,5.57,4.98,5.87,3.75,5.44,5.17,5.58,5.38,6.0,6.06
1963-09-30,-2.97,-2.01,-0.69,-2.53,2.12,-1.79,-2.26,-1.6,-2.27,-0.95
1963-10-31,0.79,1.25,0.68,0.01,3.24,1.0,0.8,3.7,3.26,9.1
1963-11-30,0.23,-1.85,-1.76,-0.69,2.03,-0.48,-0.7,1.15,0.28,-3.87
1963-12-31,1.91,0.98,3.21,4.12,0.34,3.27,2.82,2.45,3.13,1.2
1964-01-31,1.86,2.39,2.32,5.1,3.11,1.09,0.94,2.05,2.0,3.3
1964-02-29,3.73,1.68,2.1,1.56,0.83,1.62,1.41,1.75,2.17,2.54
1964-03-31,2.8,2.56,4.57,2.21,0.1,0.81,2.56,0.95,2.46,1.88
1964-04-30,0.01,5.5,-0.62,2.44,0.99,-0.82,0.22,-2.0,-0.54,0.89
1964-05-31,2.28,0.76,2.6,2.07,0.83,0.44,1.03,0.21,1.5,3.44
1964-06-30,2.78,1.07,1.87,0.53,4.66,2.63,1.56,0.1,1.41,0.61
1964-07-31,0.66,2.51,1.85,2.22,-0.53,3.45,3.3,3.06,2.44,2.26
1964-08-31,-2.39,-0.83,-0.84,-1.88,-0.95,-0.02,-0.85,-1.0,-1.17,-1.38
1964-09-30,4.82,3.73,4.62,3.4,0.66,2.93,2.68,3.94,4.0,2.56
1964-10-31,0.78,3.81,0.8,2.6,0.17,-0.16,2.34,1.46,-0.11,-0.47
1964-11-30,-3.29,1.4,1.01,1.05,-1.04,0.72,1.59,0.61,2.28,-1.07
1964-12-31,-0.93,-0.93,-0.52,-1.42,2.43,0.44,-0.23,0.88,1.07,1.0
1965-01-31,7.5,4.22,3.64,-0.08,1.19,3.94,5.34,4.52,4.87,6.22
1965-02-28,1.39,2.91,-0.29,-2.38,1.03,1.56,1.44,1.36,0.14,1.51
1965-03-31,-1.16,-1.26,-0.17,-2.7,-1.45,0.08,0.09,-0.76,-2.3,-0.64
1965-04-30,3.7,4.19,2.36,1.54,4.44,1.86,2.42,3.88,3.33,5.47
1965-05-31,-4.46,0.95,1.99,-0.19,1.17,-0.91,-0.53,-1.5,0.69,-1.43
1965-06-30,-8.08,-7.37,-4.71,-2.58,-4.39,-4.5,-5.15,-5.2,-4.86,-5.96
1965-07-31,4.62,4.96,2.59,-0.67,2.54,2.64,1.32,0.32,1.98,2.08
1965-08-31,3.89,0.98,2.13,1.4,2.55,2.63,2.52,2.28,7.29,3.78
1965-09-30,3.84,4.23,4.1,1.62,2.4,4.09,2.85,3.16,4.1,4.16
1965-10-31,4.46,3.09,2.16,0.57,1.99,1.32,2.42,3.13,6.39,4.34
1965-11-30,3.63,1.87,0.45,-1.97,0.58,-0.77,0.69,2.36,1.61,-0.42
1965-12-31,7.49,0.89,1.4,0.66,2.99,1.04,1.21,0.32,2.18,0.03
1966-01-31,6.95,3.46,3.12,-1.29,0.85,-1.43,0.19,1.08,2.29,0.85
1966-02-28,4.86,-3.03,-1.83,-0.76,-1.1,-3.8,-2.02,-0.66,-0.08,-0.31
1966-03-31,-4.33,-2.69,-3.1,-3.81,-1.44,-1.18,-2.37,-0.71,0.01,-1.7
1966-04-30,2.23,2.19,2.42,1.89,1.98,3.69,1.65,4.0,4.24,0.8
1966-05-31,-10.68,-6.03,-5.99,-4.41,-5.63,-4.8,-3.39,-6.19,-5.12,-4.31
1966-06-30,0.88,-1.21,-1.77,-1.25,-0.51,0.75,-1.14,-1.86,-1.1,-1.71
1966-07-31,-2.43,-1.02,-1.0,-1.67,-0.51,-0.67,-1.58,-0.23,-2.26,-1.35
1966-08-31,-11.2,-7.37,-5.95,-6.08,-8.6,-6.21,-6.57,-8.16,-8.45,-8.13
1966-09-30,-1.95,-0.84,1.62,-1.47,1.58,1.54,-2.44,-1.78,-1.31,-1.7
1966-10-31,0.27,3.89,9.36,6.08,7.52,5.45,2.68,2.64,2.87,1.32
1966-11-30,7.53,0.61,-1.57,-1.73,-0.68,-0.51,1.41,3.01,4.68,5.33
1966-12-31,0.74,1.61,0.59,-0.77,2.33,0.19,0.9,2.27,-0.95,-0.38
1967-01-31,15.42,9.42,6.51,7.14,6.89,7.66,7.68,8.19,8.33,9.39
1967-02-28,1.71,0.21,-0.2,-1.07,0.26,0.03,0.06,2.07,1.32,3.08
1967-03-31,4.75,4.85,3.38,3.9,4.38,3.35,4.34,4.24,5.04,5.28
1967-04-30,4.18,2.73,1.4,4.03,2.95,2.58,4.0,3.85,6.03,7.52
1967-05-31,-1.46,-2.56,-4.36,-4.01,-2.65,-2.93,-4.38,-5.12,-5.42,-5.11
1967-06-30,7.88,3.01,2.64,1.69,1.44,1.95,1.5,0.7,2.59,2.6
1967-07-31,8.49,7.56,0.56,5.98,5.11,5.89,3.42,8.89,6.53,2.89
1967-08-31,-0.62,-0.22,-0.63,-1.03,-0.88,-0.91,0.15,-0.9,-0.02,-1.35
1967-09-30,3.64,5.24,3.4,2.18,1.24,2.71,1.99,2.52,5.62,4.61
1967-10-31,-1.58,-4.33,-3.27,-2.23,-3.63,-5.49,-5.21,-2.72,-4.0,2.27
1967-11-30,-1.2,0.45,-0.02,0.73,2.21,1.19,0.95,-0.89,-1.17,2.5
1967-12-31,8.24,3.62,1.85,3.5,3.31,4.27,3.81,1.37,3.17,2.72
1968-01-31,-0.32,0.38,-0.86,-2.57,-2.69,-4.31,-2.31,-5.68,-5.05,-7.75
1968-02-29,-5.49,-3.17,-2.89,-2.12,-3.15,-2.06,-5.05,-2.54,-3.15,-3.45
1968-03-31,-0.45,0.58,-0.65,-0.52,-0.06,-1.08,-1.98,0.95,0.29,4.28
1968-04-30,14.03,9.95,4.67,5.29,9.02,8.87,8.36,10.48,11.52,11.33
1968-05-31,7.37,2.14,0.85,-0.15,1.99,2.43,1.67,1.28,1.51,4.57
1968-06-30,1.75,3.18,1.96,2.57,2.62,0.76,2.35,-0.22,0.1,-0.82
1968-07-31,-3.26,-1.93,1.47,0.05,2.31,-2.03,-2.82,-3.27,-4.61,-4.71
1968-08-31,2.44,3.57,2.45,2.19,0.88,1.61,1.21,0.82,2.03,1.02
1968-09-30,8.87,5.7,6.13,3.72,3.12,4.87,4.13,4.91,4.56,1.82
1968-10-31,1.82,1.91,2.12,2.67,1.64,1.16,1.45,0.71,1.64,-3.13
1968-11-30,5.95,6.14,5.07,5.81,5.9,4.64,6.46,6.78,2.98,7.98
1968-12-31,-1.68,-1.67,-3.47,-3.59,-3.61,-3.69,-2.96,-4.64,-3.97,-4.65
1969-01-31,-0.76,0.54,-0.85,0.17,0.39,0.79,-1.25,-0.87,-1.74,-2.86
1969-02-28,-8.26,-7.26,-5.51,-5.11,-4.87,-4.56,-5.28,-4.9,-3.79,-4.32
1969-03-31,2.45,4.19,6.04,1.17,3.22,4.59,1.63,1.94,3.39,3.86
1969-04-30,3.23,1.58,-0.43,4.64,0.07,2.69,0.95,2.59,2.49,2.95
1969-05-31,-0.75,1.18,0.76,1.03,1.23,-0.61,2.0,-1.75,1.06,-0.34
1969-06-30,-11.06,-9.77,-9.96,-6.32,-7.55,-6.92,-6.32,-5.23,-4.93,-1.56
1969-07-31,-9.13,-9.28,-7.04,-6.58,-6.44,-5.27,-6.13,-6.11,-5.54,-5.01
1969-08-31,5.45,3.49,7.09,3.65,4.48,5.66,4.08,4.8,4.91,6.56
1969-09-30,-2.56,-4.35,-6.57,-2.64,-4.17,-3.32,-1.29,-1.05,-1.34,-0.06
1969-10-31,7.54,5.5,5.47,4.04,3.0,6.83,7.17,5.51,6.31,6.18
1969-11-30,-5.49,-4.39,-5.04,-1.63,-4.48,-3.31,-3.86,-3.83,-2.81,-1.77
1969-12-31,-4.81,-1.28,-2.62,-4.05,-1.23,-1.82,-1.9,-2.3,-0.49,-0.22
1970-01-31,-5.38,-7.69,-8.65,-6.06,-7.67,-8.39,-6.52,-8.07,-7.01,-8.52
1970-02-28,7.08,7.58,8.67,8.5,4.68,7.25,5.82,4.3,5.57,3.07
1970-03-31,-0.88,-1.69,0.59,0.66,1.39,-0.67,1.01,-1.83,0.02,-1.6
1970-04-30,-14.12,-9.28,-9.47,-9.26,-8.77,-10.16,-11.19,-9.69,-8.21,-12.17
1970-05-31,-8.71,-5.25,-3.26,-5.39,-2.71,-6.29,-6.29,-9.62,-6.87,-7.01
1970-06-30,-10.0,-3.39,-3.56,-7.45,-5.21,-3.42,-3.14,-3.57,-3.81,-7.09
1970-07-31,7.27,8.22,8.49,10.07,9.56,8.88,8.13,8.6,5.04,4.21
1970-08-31,3.85,5.3,5.27,2.69,6.62,5.27,5.58,4.72,5.31,5.69
1970-09-30,13.42,4.57,2.41,2.14,3.8,2.28,3.27,4.33,4.98,6.98
1970-10-31,-7.97,-0.6,-2.21,-3.61,0.19,-1.39,-1.03,-1.89,-2.11,-0.36
1970-11-30,3.19,3.93,5.23,6.11,5.73,5.26,4.44,4.93,5.6,5.13
1970-12-31,8.25,6.55,5.35,6.34,5.71,6.78,6.96,6.81,7.56,4.64
1971-01-31,10.55,4.92,4.46,6.65,1.44,7.05,4.41,4.22,5.18,4.04
1971-02-28,3.43,1.33,1.91,-1.49,3.48,0.33,3.25,2.52,1.78,2.33
1971-03-31,5.53,3.03,4.07,2.58,4.09,3.64,4.26,4.56,5.68,5.4
1971-04-30,5.6,5.87,3.07,2.05,1.96,3.9,4.02,1.8,5.0,3.54
1971-05-31,-4.36,-4.86,-5.67,-4.17,-3.61,-2.55,-2.17,-3.79,-2.06,-4.24
1971-06-30,-1.07,-1.42,0.72,0.08,0.41,2.07,1.41,0.93,0.16,-0.45
1971-07-31,-7.57,-3.94,-4.25,-3.47,-3.81,-4.22,-3.9,-2.94,-4.13,-5.09
1971-08-31,8.26,5.78,3.6,5.32,2.44,1.1,5.59,3.84,6.33,4.19
1971-09-30,-4.15,-0.97,-1.34,-0.78,-0.42,-1.35,-0.47,-0.23,1.06,0.1
1971-10-31,-7.05,-5.38,-3.74,-4.27,-3.58,-4.55,-4.06,-4.22,-3.81,-2.57
1971-11-30,-3.45,-2.63,-1.35,0.53,-0.32,-0.93,-0.72,0.66,1.84,0.79
1971-12-31,11.63,10.48,10.24,6.44,8.62,10.09,8.09,8.38,10.53,9.36
1972-01-31,8.05,4.61,1.92,1.19,0.53,1.94,0.59,1.75,3.01,5.42
1972-02-29,2.68,2.48,1.34,1.17,2.7,3.63,1.23,5.26,5.66,3.47
1972-03-31,-0.33,-0.42,-0.72,1.17,0.87,-3.26,3.42,1.92,1.99,1.31
1972-04-30,2.48,1.05,1.53,-1.31,-0.18,0.09,1.54,0.71,1.32,0.54
1972-05-31,-1.64,-0.9,0.79,-0.93,1.32,3.39,-0.95,2.45,4.04,3.04
1972-06-30,-5.75,-3.7,-3.26,-2.04,-3.58,-3.16,-2.37,-0.56,-0.64,-1.01
1972-07-31,-4.72,-4.44,-1.74,-1.29,-0.98,-1.12,-0.67,0.47,1.14,0.76
1972-08-31,5.05,5.64,4.83,4.86,3.41,4.63,6.27,4.66,0.53,2.29
1972-09-30,-4.28,-3.26,-0.91,-1.16,0.53,-1.63,-0.63,-0.84,-0.04,-0.6
1972-10-31,-1.7,1.08,0.84,1.56,2.4,2.06,0.36,2.3,1.85,-1.39
1972-11-30,5.27,9.07,6.57,7.56,5.96,5.67,6.26,4.75,2.8,2.98
1972-12-31,-2.9,-2.71,-0.86,-0.99,1.36,1.41,-0.02,1.88,3.11,1.8
1973-01-31,-4.53,-4.99,-2.14,-2.54,-3.52,-4.02,-2.69,-1.54,-4.06,-0.09
1973-02-28,-4.28,-4.63,-6.35,-5.9,-3.79,-4.14,-7.34,-2.72,-3.98,-3.12
1973-03-31,-0.88,0.87,-0.61,0.11,-1.88,-1.42,1.61,-1.1,0.53,-0.88
1973-04-30,-6.31,-5.53,-4.24,-3.47,-1.56,-3.99,-4.16,-3.96,-6.56,-5.51
1973-05-31,-6.9,-5.26,-4.24,-3.53,-0.68,-2.89,-1.98,-0.42,-1.01,-2.02
1973-06-30,-2.21,-1.48,-2.06,-1.06,-1.55,-1.66,-2.12,-0.45,-0.27,-0.18
1973-07-31,9.39,8.38,7.42,3.9,3.66,5.91,7.96,7.47,4.99,4.04
1973-08-31,-0.61,-0.45,-4.38,-2.93,-3.07,-2.7,-3.37,-3.58,-3.25,-3.54
1973-09-30,7.27,9.5,6.81,8.14,7.92,9.33,7.78,5.65,5.45,-1.44
1973-10-31,1.98,0.73,-1.39,1.07,-1.94,0.28,-0.79,0.64,-0.38,0.06
1973-11-30,-12.06,-9.72,-13.5,-14.24,-9.2,-12.92,-16.93,-11.77,-12.34,-11.95
1973-12-31,3.95,4.92,1.51,5.95,3.7,2.6,0.41,1.99,1.38,-4.06
1974-01-31,4.61,0.58,4.09,-0.89,0.97,2.57,1.52,-1.75,-2.29,0.83
1974-02-28,0.94,1.21,1.68,-0.21,2.55,2.3,1.43,-1.63,-0.8,-1.37
1974-03-31,-4.09,-4.54,-6.46,-2.12,-3.16,-2.89,-1.65,-0.57,-1.37,-1.08
1974-04-30,-5.74,-7.82,-7.14,-5.02,-5.05,-5.76,-3.91,-2.58,-2.86,-4.13
1974-05-31,-9.08,-8.91,-10.68,-6.06,-2.1,-5.85,-3.08,-2.77,-0.99,-2.15
1974-06-30,-3.73,-1.46,-3.98,-1.82,-1.3,-3.31,-3.42,-1.61,-1.9,-1.5
1974-07-31,-5.21,-4.76,-3.49,-9.49,-5.96,-5.11,-7.49,-8.62,-7.59,-9.32
1974-08-31,-7.63,-9.08,-9.05,-9.73,-5.1,-9.91,-10.08,-10.57,-10.49,-7.33
1974-09-30,-5.86,-6.31,-10.77,-7.95,-6.46,-7.52,-11.96,-11.39,-13.48,-15.62
1974-10-31,16.8,18.37,14.8,12.15,17.11,18.13,21.32,16.51,18.49,15.86
1974-11-30,-0.56,-1.25,-0.84,-4.79,-3.45,-3.55,-3.09,-3.95,-6.56,-4.92
1974-12-31,-3.9,-2.41,-4.79,-0.92,0.23,-1.17,-1.89,-4.59,-2.92,-3.87
1975-01-31,15.58,16.42,17.23,19.36,10.59,13.53,11.67,14.73,10.81,15.32
1975-02-28,3.78,3.74,5.55,2.39,3.94,3.03,4.77,7.31,8.04,9.68
1975-03-31,2.99,2.28,6.38,5.18,0.68,4.78,4.36,4.15,2.99,2.01
1975-04-30,4.44,2.67,5.57,0.48,3.02,4.71,5.98,3.63,8.72,5.47
1975-05-31,7.37,7.52,4.51,7.36,5.76,5.22,5.77,2.51,6.48,5.82
1975-06-30,6.97,7.75,7.91,7.31,5.04,6.97,5.55,6.43,4.11,2.7
1975-07-31,-6.14,-4.96,-7.82,-5.4,-3.25,-5.61,-7.52,-6.17,-7.18,-6.43
1975-08-31,-5.37,-3.76,-2.35,-0.7,-2.98,-3.07,-2.49,-2.83,-1.88,-1.17
1975-09-30,-4.49,-3.71,-4.61,-3.34,-1.65,-3.36,-5.43,-6.33,-4.16,-1.89
1975-10-31,5.04,5.78,7.54,6.56,7.93,4.72,7.38,7.42,4.66,4.55
1975-11-30,4.75,3.66,4.74,3.72,3.97,2.26,2.82,1.93,3.73,1.98
1975-12-31,-0.37,-1.33,-1.85,-1.85,0.3,-0.9,-1.22,-1.54,-1.59,-1.1
1976-01-31,15.87,12.46,12.54,14.53,10.19,13.9,13.52,13.66,11.55,12.58
1976-02-29,6.92,1.54,2.56,0.7,2.54,-0.48,-0.56,0.55,-1.65,0.02
1976-03-31,3.27,3.63,3.5,3.23,2.19,2.77,0.37,2.95,4.62,2.61
1976-04-30,-2.67,-0.87,-3.17,-0.41,0.45,0.05,-0.15,-1.19,-2.44,-1.38
1976-05-31,-3.91,-1.66,-3.23,-1.23,-2.35,-0.61,-2.11,-0.1,-1.33,1.89
1976-06-30,6.14,5.83,4.37,5.18,3.05,5.23,3.8,4.58,3.78,5.54
1976-07-31,3.67,-0.81,-0.49,-0.06,0.34,-1.11,-0.97,-0.69,-0.61,-1.41
1976-08-31,-0.99,1.41,-0.37,1.25,1.78,-1.43,-1.16,0.1,-2.45,-0.19
1976-09-30,1.53,1.41,2.91,2.68,2.76,2.21,2.92,2.16,2.21,3.41
1976-10-31,-2.06,-2.14,-1.97,-1.7,-0.97,-1.53,-1.35,-2.03,-2.59,-3.0
1976-11-30,3.04,3.16,1.02,2.13,2.56,-1.68,0.75,-0.36,1.82,-0.68
1976-12-31,6.48,5.83,7.14,6.25,4.21,9.03,5.13,5.0,5.83,6.28
1977-01-31,-3.39,-4.32,-2.93,-1.8,-2.14,-3.25,-4.61,-6.88,-4.23,-3.02
1977-02-28,-2.11,-1.09,-1.68,-2.93,-0.07,-1.56,-1.31,-2.08,-2.29,-1.45
1977-03-31,-0.33,0.03,-0.43,-1.44,-0.46,-0.66,-1.84,-2.93,0.27,-0.85
1977-04-30,4.34,1.94,2.37,0.74,-0.16,1.81,0.73,-0.81,1.25,-1.3
1977-05-31,-0.84,-1.73,-2.08,-0.57,0.55,0.07,-2.31,-1.53,0.07,-2.01
1977-06-30,7.11,4.16,3.9,5.56,3.02,3.99,5.43,5.07,6.04,6.45
1977-07-31,-2.95,-2.69,0.01,0.36,-1.06,-0.86,-2.28,-0.96,-2.11,-1.09
1977-08-31,-2.89,-0.68,-2.69,-2.44,-1.55,-1.33,-0.31,-0.19,-1.89,-1.32
1977-09-30,-0.75,-1.98,0.66,0.54,1.92,-0.14,-0.37,0.11,0.21,-0.01
1977-10-31,-6.07,-2.86,-3.06,-4.47,-4.54,-3.57,-4.13,-4.28,-4.45,-3.02
1977-11-30,6.37,5.08,4.33,5.65,3.98,5.47,5.15,3.75,3.9,3.9
1977-12-31,-0.07,-0.34,0.57,0.4,1.38,0.58,0.1,0.33,0.99,1.58
1978-01-31,-3.74,-5.11,-4.91,-4.26,-4.73,-5.75,-6.1,-7.33,-5.98,-5.46
1978-02-28,-0.9,-1.6,-0.87,-0.19,1.38,-0.65,-1.81,-1.77,-1.69,-1.44
1978-03-31,6.23,2.27,4.37,3.62,3.34,4.8,4.77,3.61,2.8,1.68
1978-04-30,8.45,8.1,4.81,6.94,5.85,7.31,9.97,10.7,9.69,9.94
1978-05-31,3.07,2.99,1.79,2.41,0.52,3.2,2.5,2.74,2.48,1.6
1978-06-30,-0.58,-0.95,-0.41,-0.52,-1.01,-1.64,0.07,-1.29,-2.89,-1.69
1978-07-31,6.55,4.08,5.72,3.91,6.04,5.46,6.89,5.04,5.84,6.99
1978-08-31,5.49,2.92,2.59,4.74,3.58,4.32,3.48,5.73,4.92,5.0
1978-09-30,1.79,-1.51,-0.86,0.09,-1.59,-0.48,-1.82,-0.13,-0.34,-2.05
1978-10-31,-16.83,-11.29,-12.04,-8.57,-12.1,-11.78,-11.37,-10.98,-10.68,-10.78
1978-11-30,3.14,3.56,4.33,3.54,3.09,3.22,3.58,2.89,3.12,3.72
1978-12-31,0.54,-1.03,0.64,0.39,1.37,1.66,1.22,1.39,2.55,4.29
1979-01-31,11.3,8.21,5.19,4.86,4.9,6.15,3.37,4.45,2.74,4.85
1979-02-28,-2.06,-2.63,-3.58,-2.11,-3.97,-2.32,-2.96,-3.33,-3.19,-3.2
1979-03-31,9.31,5.93,6.59,3.76,6.46,7.21,6.26,6.62,6.47,7.23
1979-04-30,-0.21,-0.93,-1.13,-1.07,1.02,1.57,1.78,1.46,0.65,1.64
1979-05-31,-0.36,-0.46,-0.65,-0.62,-1.48,-1.5,-2.71,-1.98,-2.22,-1.52
1979-06-30,6.81,5.0,6.79,3.57,5.45,5.92,3.79,5.35,4.76,2.67
1979-07-31,2.6,1.64,2.42,1.07,1.89,2.16,3.01,2.27,1.88,-0.89
1979-08-31,6.8,3.95,4.81,4.31,7.44,8.88,6.61,7.41,6.37,6.11
1979-09-30,-1.3,-2.13,0.74,-0.91,0.5,0.21,-0.3,0.81,1.24,-0.48
1979-10-31,-10.4,-6.99,-8.28,-6.96,-6.84,-6.72,-7.97,-5.88,-5.62,-8.07
1979-11-30,6.35,6.88,7.13,5.18,7.07,6.48,5.05,4.84,6.54,6.55
1979-12-31,4.85,1.27,3.67,1.01,3.37,3.25,3.08,2.33,3.02,2.04
1980-01-31,9.73,5.28,6.66,2.06,6.34,8.37,5.99,7.27,6.28,6.04
1980-02-29,0.37,-2.18,-0.34,0.81,-1.06,-0.25,-4.62,0.11,3.54,-2.69
1980-03-31,-17.14,-10.57,-13.27,-8.78,-10.67,-12.88,-8.82,-10.12,-11.74,-12.61
1980-04-30,4.82,7.99,7.21,6.79,6.2,4.94,2.92,5.53,5.3,1.51
1980-05-31,6.41,6.71,5.34,6.0,6.16,6.06,6.1,6.73,5.53,5.2
1980-06-30,3.94,4.07,4.14,2.21,3.82,2.56,2.66,3.19,3.43,4.14
1980-07-31,5.38,3.26,6.4,4.76,6.34,6.44,8.76,8.17,10.34,8.14
1980-08-31,1.46,0.18,1.0,3.07,3.74,2.7,2.18,0.98,2.91,3.09
1980-09-30,0.45,2.52,2.73,0.54,2.6,3.4,4.22,4.4,2.71,3.43
1980-10-31,1.76,-0.7,1.71,-0.58,2.58,1.77,2.14,2.19,0.05,5.48
1980-11-30,5.42,4.47,6.86,5.3,12.33,15.99,11.46,12.76,8.51,13.28
1980-12-31,-3.48,-0.58,-1.28,-0.97,-3.19,-2.94,-2.68,-5.57,0.39,-4.61
1981-01-31,1.95,-1.83,-1.54,1.35,-4.13,-7.13,-4.05,-4.97,-3.98,-7.22
1981-02-28,0.72,0.64,1.71,1.67,1.96,2.57,4.73,3.43,2.99,-0.97
1981-03-31,8.36,9.47,7.13,6.2,3.49,4.73,4.37,4.41,5.56,1.14
1981-04-30,0.12,-0.82,-1.08,1.95,-0.41,-2.06,-2.48,-2.63,0.45,-1.97
1981-05-31,2.22,1.85,1.62,2.93,1.01,0.14,-0.39,0.55,3.16,0.34
1981-06-30,-2.12,-0.17,1.73,-0.68,-1.96,-0.02,-1.86,-1.0,-2.84,-0.03
1981-07-31,-2.24,-1.57,-1.88,-1.9,-1.04,0.12,-1.03,1.56,-0.04,1.74
1981-08-31,-8.27,-5.44,-6.1,-7.29,-3.7,-4.31,-5.97,-6.64,-5.82,-6.48
1981-09-30,-8.32,-4.45,-5.52,-4.2,-2.97,-6.45,-4.92,-6.25,-6.27,-7.55
1981-10-31,3.03,2.48,5.86,6.56,4.83,5.69,6.92,7.42,8.69,6.03
1981-11-30,3.75,5.78,5.38,5.04,3.83,3.82,4.2,4.51,3.02,4.66
1981-12-31,-3.68,-2.38,-3.33,-2.03,-1.49,-2.08,-2.73,-3.83,-2.69,-3.01
1982-01-31,-1.3,-0.87,-1.64,-1.7,-1.6,-4.05,-2.59,-3.58,-2.96,-1.36
1982-02-28,-2.82,-0.93,-2.02,-2.75,-5.57,-4.74,-5.58,-7.33,-4.64,-6.39
1982-03-31,0.36,0.86,-0.05,-0.18,0.33,-1.1,-0.94,-0.69,0.06,-3.05
1982-04-30,3.64,4.07,4.26,4.86,1.77,3.55,5.27,3.89,5.52,6.36
1982-05-31,-3.01,-3.07,-4.75,-3.88,-3.1,-1.68,-3.95,-1.19,-3.69,-1.92
1982-06-30,-1.12,-1.27,-2.28,-2.68,-2.91,-2.01,-1.67,-0.76,-2.52,-2.31
1982-07-31,-2.7,-3.09,-2.15,-1.76,-1.7,-3.71,-1.49,-3.41,-2.92,0.1
1982-08-31,13.02,12.84,14.86,15.05,11.78,11.64,11.59,12.29,9.59,9.67
1982-09-30,0.93,-0.04,1.84,0.47,1.18,1.88,1.45,3.02,2.76,3.16
1982-10-31,17.37,11.65,10.79,13.19,8.6,11.91,12.3,9.85,13.07,12.9
1982-11-30,9.17,5.68,5.97,5.3,4.35,3.52,5.33,3.84,4.38,7.41
1982-12-31,2.41,1.26,1.8,0.29,0.31,-0.22,1.16,-0.08,1.1,3.94
1983-01-31,4.88,4.52,3.51,4.71,8.35,2.55,3.51,3.02,2.97,3.32
1983-02-28,4.27,4.88,4.71,2.76,2.26,3.55,2.28,3.36,3.22,3.29
1983-03-31,6.53,2.94,3.41,2.87,2.66,4.51,2.85,2.85,4.82,3.47
1983-04-30,11.09,6.3,6.55,6.7,6.16,9.22,6.42,6.7,6.12,8.87
1983-05-31,2.32,3.35,2.68,0.25,-0.67,2.26,-1.78,0.56,2.66,0.46
1983-06-30,4.19,1.29,-0.19,3.78,2.64,3.16,5.23,6.4,3.61,5.07
1983-07-31,-4.29,-3.61,-1.4,-2.47,-2.95,-2.37,-3.9,-3.88,-4.09,-3.75
1983-08-31,-1.89,0.56,-1.0,1.91,2.54,0.56,0.86,0.56,0.53,-1.1
1983-09-30,-1.14,1.85,2.29,2.55,2.16,0.87,1.78,1.71,1.67,1.87
1983-10-31,-6.95,-2.3,-0.04,-0.85,-3.18,-1.9,-2.18,-2.89,-1.44,-3.96
1983-11-30,6.18,4.88,3.06,2.04,1.84,2.97,3.07,4.46,2.35,1.02
1983-12-31,-2.04,-2.64,-2.12,-1.57,-0.62,-1.12,-2.03,0.46,-0.79,0.53
1984-01-31,-0.55,-2.54,-2.77,-0.57,1.83,-0.71,1.07,-2.24,-1.78,-3.29
1984-02-29,-6.65,-4.3,-6.04,-2.87,-3.36,-5.42,-1.88,-3.69,-3.52,-4.04
1984-03-31,2.45,3.41,2.4,1.13,-1.1,1.78,1.23,0.49,0.97,2.03
1984-04-30,-5.41,-3.04,-1.83,0.81,1.63,2.87,1.57,0.01,1.78,0.75
1984-05-31,-10.2,-6.89,-6.33,-3.69,-6.13,-5.52,-4.2,-2.87,-4.36,-5.18
1984-06-30,-1.22,0.05,1.02,3.09,5.98,2.61,2.23,4.52,3.64,2.48
1984-07-31,-8.9,-4.11,-2.67,-1.28,-2.0,-3.33,-1.96,-2.54,-1.53,0.92
1984-08-31,13.48,13.1,11.74,11.75,11.43,10.16,10.83,11.09,11.15,11.39
1984-09-30,-2.89,-0.98,-0.18,-0.51,1.21,0.13,-1.01,1.43,-0.95,0.33
1984-10-31,-3.49,-0.71,2.05,-0.64,-0.81,-1.09,0.54,0.9,0.73,0.62
1984-11-30,-4.07,-0.07,-0.48,-0.38,0.37,-0.22,-1.99,-0.97,-1.28,-2.22
1984-12-31,0.15,1.4,3.24,2.38,2.6,1.49,2.53,3.11,2.36,2.9
1985-01-31,12.75,9.64,8.85,8.91,7.08,6.63,8.78,7.37,8.15,10.62
1985-02-28,0.32,1.67,0.06,0.94,1.06,2.92,2.11,3.14,3.15,1.12
1985-03-31,-1.89,-0.62,-1.08,-0.68,0.59,0.96,0.2,0.65,0.38,-2.01
1985-04-30,-3.74,-0.25,-0.43,0.02,0.09,1.35,-1.3,0.15,-0.2,-0.99
1985-05-31,1.69,6.68,5.74,4.85,6.34,6.18,6.07,5.48,6.02,6.19
1985-06-30,-0.49,1.92,1.88,1.45,2.92,2.08,1.7,1.83,1.95,0.72
1985-07-31,1.91,0.75,-0.45,0.03,-1.14,-0.08,-0.26,-0.86,-1.41,1.05
1985-08-31,-0.91,-0.92,0.19,0.45,-0.33,-0.9,-0.17,-0.29,-0.74,-1.06
1985-09-30,-6.85,-4.65,-4.2,-5.03,-3.51,-2.9,-3.66,-2.93,-3.55,-4.07
1985-10-31,5.09,3.79,4.75,5.3,4.39,4.68,3.63,4.67,6.19,4.27
1985-11-30,7.91,7.04,6.84,5.75,7.74,8.47,6.6,4.8,7.6,8.4
1985-12-31,2.04,4.17,4.64,3.89,4.85,5.62,3.83,3.23,3.8,7.18
1986-01-31,5.2,4.86,2.8,1.5,-0.16,-1.03,2.36,-0.86,-0.23,1.42
1986-02-28,5.59,7.95,9.01,6.83,7.99,7.65,7.69,7.85,9.52,6.46
1986-03-31,7.01,4.95,3.73,4.44,4.44,4.77,6.46,6.56,6.59,5.81
1986-04-30,-3.52,-5.0,-2.66,-2.05,1.1,-1.26,0.69,-0.81,0.74,0.42
1986-05-31,2.76,3.84,4.7,4.56,5.45,4.88,4.57,6.85,6.78,4.71
1986-06-30,-1.19,1.48,-0.26,1.31,4.01,1.29,2.07,1.79,2.91,0.93
1986-07-31,-10.53,-4.42,-4.48,-5.96,-4.54,-4.21,-4.66,-5.31,-7.0,-8.38
1986-08-31,5.55,7.71,8.17,7.79,6.17,7.06,6.81,7.35,5.69,5.2
1986-09-30,-8.06,-8.44,-7.72,-6.98,-7.03,-8.73,-9.56,-8.59,-6.9,-9.28
1986-10-31,3.07,3.87,7.11,5.71,5.76,5.56,6.78,4.64,3.22,6.94
1986-11-30,-1.44,0.83,1.15,2.01,0.7,3.54,1.39,1.94,1.9,1.61
1986-12-31,-2.91,-2.84,-3.61,-2.55,-3.97,-1.68,-2.84,-2.51,-3.21,-2.44
1987-01-31,10.64,12.42,14.36,12.98,12.56,13.22,10.89,13.75,12.36,14.02
1987-02-28,11.38,6.28,3.94,4.16,5.65,3.54,2.9,3.71,5.06,5.62
1987-03-31,0.37,-1.19,2.15,2.32,0.01,1.64,0.99,3.43,4.1,2.33
1987-04-30,-2.64,-2.16,-0.42,-2.63,-2.58,-2.06,-2.13,-0.71,-1.06,-1.66
1987-05-31,1.29,-1.33,-0.82,0.11,0.61,2.23,0.65,0.09,0.96,0.83
1987-06-30,-0.08,4.71,3.85,4.35,3.05,3.85,6.39,5.19,5.38,4.42
1987-07-31,5.81,6.83,4.38,3.64,2.66,3.94,2.39,5.52,4.05,5.57
1987-08-31,0.15,3.83,3.21,2.8,3.74,4.96,3.71,4.44,4.61,5.05
1987-09-30,0.35,-0.7,-1.87,-2.03,-1.2,-1.85,-3.5,-1.02,-2.83,-4.06
1987-10-31,-32.37,-26.97,-22.16,-21.84,-22.54,-20.33,-20.03,-20.44,-23.41,-24.57
1987-11-30,-4.74,-5.73,-6.08,-6.09,-5.4,-9.08,-7.34,-8.56,-7.58,-9.07
1987-12-31,6.13,6.07,5.15,7.06,8.34,7.42,6.13,7.06,8.34,8.92
1988-01-31,3.05,3.99,5.58,4.91,3.88,5.04,5.45,3.77,4.36,4.07
1988-02-29,7.98,5.24,3.22,4.96,5.14,4.62,5.01,5.24,5.52,6.11
1988-03-31,3.57,-1.38,-1.88,-0.34,-0.98,-2.67,-3.04,-3.46,-1.45,-2.0
1988-04-30,3.03,0.76,-0.65,0.91,1.68,2.53,1.34,0.63,0.17,0.1
1988-05-31,-1.4,0.29,1.38,0.4,-0.58,0.94,0.73,0.75,0.29,-0.62
1988-06-30,5.09,4.18,4.65,4.13,5.21,4.16,6.49,5.37,6.09,5.32
1988-07-31,0.15,-0.45,-0.64,0.27,-0.07,-1.59,-0.74,-1.45,-1.38,0.0
1988-08-31,-3.66,-1.24,-0.78,-1.28,-2.8,-4.08,-2.64,-3.93,-2.01,-3.06
1988-09-30,2.31,1.74,4.2,4.33,1.0,3.43,4.29,5.0,6.3,4.46
1988-10-31,-1.86,0.05,0.81,2.08,2.52,3.07,1.05,2.21,4.02,-0.19
1988-11-30,-2.17,-0.98,-2.49,-1.73,-1.21,-2.22,-0.6,-2.0,-1.33,-2.3
1988-12-31,3.49,0.31,1.99,2.28,1.62,2.77,1.38,2.0,1.89,3.64
1989-01-31,7.65,7.15,5.85,5.05,6.61,6.39,6.62,7.83,6.59,5.94
1989-02-28,0.46,-1.41,0.07,-1.62,-2.67,-2.56,-1.47,-1.92,-2.0,-1.35
1989-03-31,4.17,2.77,1.96,2.64,1.61,-0.77,2.96,2.97,2.93,3.15
1989-04-30,6.67,4.53,4.43,4.42,2.85,5.57,6.2,6.49,4.86,5.03
1989-05-31,4.87,3.6,4.33,4.12,2.88,2.62,6.35,3.81,4.18,5.11
1989-06-30,-1.34,-0.05,-1.66,1.22,0.15,0.26,-1.35,-1.34,-0.8,-1.22
1989-07-31,3.64,6.86,5.13,7.05,7.85,7.22,8.36,7.7,8.31,11.17
1989-08-31,2.36,2.77,2.73,1.54,1.69,1.24,2.7,3.1,2.38,1.43
1989-09-30,-0.72,-0.89,-0.16,0.38,-0.49,-1.35,-0.3,0.12,-0.75,2.4
1989-10-31,-5.11,-2.65,-2.99,-1.7,-1.17,-2.38,-3.62,-3.6,-2.47,-3.0
1989-11-30,2.04,2.32,1.87,2.89,2.74,2.65,1.51,1.7,0.96,0.18
1989-12-31,-0.38,0.43,2.72,1.31,2.09,2.85,4.44,1.1,1.43,0.61
1990-01-31,-8.93,-5.86,-7.58,-7.59,-6.03,-6.29,-7.89,-7.29,-6.8,-8.32
1990-02-28,2.61,2.25,1.31,3.01,1.32,2.09,0.6,1.43,1.99,1.14
1990-03-31,1.61,1.08,1.31,-0.34,1.87,2.23,3.51,2.72,3.25,3.83
1990-04-30,-4.52,-4.39,-4.49,-4.79,-4.43,-0.91,-3.52,-2.96,-1.54,-0.75
1990-05-31,8.29,7.64,8.15,8.69,8.2,8.96,8.59,10.86,9.92,9.56
1990-06-30,-0.14,-0.44,1.73,-1.79,-0.85,-0.7,-1.93,-1.07,0.31,0.73
1990-07-31,-4.57,-2.45,-0.18,-0.1,1.41,-0.2,-0.86,-1.32,-3.32,-1.05
1990-08-31,-13.87,-10.06,-8.9,-8.74,-9.19,-8.55,-8.86,-10.46,-8.91,-9.74
1990-09-30,-7.72,-8.71,-6.04,-6.01,-4.51,-3.51,-3.33,-6.88,-6.11,-5.39
1990-10-31,-5.75,-4.63,-2.91,-0.1,0.55,-1.15,-1.96,-1.39,-0.03,1.13
1990-11-30,11.4,7.41,7.34,6.05,7.24,5.55,6.43,7.56,6.83,7.15
1990-12-31,4.11,1.3,2.16,2.14,2.5,3.31,1.9,2.87,4.2,4.78
1991-01-31,5.89,6.76,3.92,2.63,4.09,3.68,5.52,4.69,7.25,6.12
1991-02-28,11.41,8.66,6.38,7.65,7.44,5.86,6.25,7.66,7.51,9.57
1991-03-31,8.45,3.82,2.49,1.22,2.58,3.47,0.97,2.78,4.77,3.94
1991-04-30,0.42,-0.44,0.82,-0.53,1.3,0.24,-0.5,0.36,0.01,1.02
1991-05-31,2.66,3.68,2.18,3.16,4.74,2.46,3.82,6.6,3.25,5.45
1991-06-30,-6.47,-6.09,-4.57,-5.51,-3.74,-3.96,-4.81,-4.66,-4.05,-4.11
1991-07-31,3.35,3.98,3.57,4.66,4.54,3.24,3.68,4.36,5.5,6.8
1991-08-31,3.35,1.88,2.54,2.78,1.09,0.69,1.45,3.34,3.94,4.39
1991-09-30,3.5,-0.9,0.04,0.77,-0.37,-0.11,-1.47,-2.06,-2.29,-1.72
1991-10-31,5.93,2.58,2.23,2.81,0.65,1.79,0.47,1.68,1.55,1.61
1991-11-30,-6.51,-3.17,-3.77,-2.77,-4.49,-4.88,-4.98,-5.26,-3.7,-0.5
1991-12-31,9.36,8.98,6.68,10.82,12.5,7.44,10.62,10.11,13.37,14.77
1992-01-31,7.24,1.01,0.6,-1.34,-0.87,-0.35,-0.43,0.53,-0.88,-2.45
1992-02-29,-1.21,2.36,3.74,-0.21,3.92,1.77,1.48,0.29,0.65,1.24
1992-03-31,-4.0,-2.44,-1.91,-0.78,-0.93,-2.89,-2.42,-2.14,-1.23,-3.41
1992-04-30,-5.83,-0.77,1.73,0.93,1.73,5.0,3.41,4.01,0.56,-0.48
1992-05-31,-0.25,0.98,0.48,1.59,0.64,0.56,-0.08,0.12,1.08,0.93
1992-06-30,-4.1,-2.69,-2.51,-0.1,-1.43,-0.09,0.19,-3.19,-1.78,-3.54
1992-07-31,3.46,2.62,2.95,5.54,3.02,4.27,4.53,4.07,4.1,4.61
1992-08-31,-7.25,-4.32,-4.63,-2.52,-2.64,-1.52,-1.7,-1.92,-1.24,-1.1
1992-09-30,1.72,1.49,0.17,2.83,0.48,1.05,0.57,3.12,2.47,-0.25
1992-10-31,3.12,0.89,1.39,0.93,-1.62,-0.68,1.0,1.11,3.1,1.88
1992-11-30,8.31,6.83,4.71,3.22,2.37,2.32,3.55,5.17,4.89,4.22
1992-12-31,4.69,3.24,2.75,2.26,-0.36,1.96,1.61,3.07,2.58,-0.43
1993-01-31,3.87,3.83,4.01,2.52,2.3,1.03,0.04,1.15,0.87,-1.63
1993-02-28,-3.09,1.02,0.48,2.28,3.19,2.01,2.22,0.52,0.48,-3.28
1993-03-31,2.95,3.73,4.14,2.93,1.73,3.39,2.31,3.23,1.75,1.33
1993-04-30,0.85,1.11,-0.36,-1.88,-2.15,-0.14,-2.28,-3.16,-5.55,-4.87
1993-05-31,7.63,3.02,2.49,1.78,1.99,3.63,1.97,3.1,4.01,3.12
1993-06-30,1.45,1.35,2.54,1.14,0.09,-0.25,0.1,1.65,-0.46,-0.26
1993-07-31,0.88,3.58,0.97,0.94,1.3,1.04,0.84,-2.21,-0.75,-2.85
1993-08-31,6.3,4.56,5.75,3.95,2.54,3.79,4.05,4.35,3.35,2.91
1993-09-30,0.02,-0.04,0.51,1.12,-0.21,0.61,-0.48,0.34,-0.45,0.1
1993-10-31,3.41,1.39,-1.56,-0.17,0.03,0.96,2.89,1.07,1.64,3.53
1993-11-30,-3.97,-3.69,-3.63,-1.86,-1.49,-3.24,-1.19,-0.67,-0.5,0.32
1993-12-31,-0.28,1.6,2.65,2.85,2.42,2.34,2.6,1.0,0.74,2.48
1994-01-31,3.64,3.82,4.67,3.1,2.85,3.78,2.82,3.72,2.9,2.03
1994-02-28,-4.98,-3.64,-3.02,-2.35,-1.17,-2.81,-2.81,0.6,-2.64,-2.52
1994-03-31,-5.75,-4.9,-4.37,-4.27,-4.65,-4.26,-4.02,-4.63,-3.98,-4.61
1994-04-30,-2.15,1.38,0.84,1.94,0.93,2.03,0.25,-0.51,1.29,2.59
1994-05-31,0.36,0.43,-0.02,-0.34,-0.87,-0.25,2.41,1.32,2.74,0.87
1994-06-30,-3.77,-3.13,-3.02,-2.49,-4.16,-0.77,-2.76,-2.5,-2.6,-2.76
1994-07-31,2.52,5.26,3.17,3.55,2.58,3.87,4.08,3.19,1.87,2.96
1994-08-31,5.43,4.22,3.49,5.05,4.05,4.36,2.66,4.83,4.51,4.84
1994-09-30,-1.6,-2.41,-1.41,-0.27,-1.93,-2.85,-2.04,-2.71,-2.45,-1.36
1994-10-31,-0.59,1.17,2.33,1.78,0.59,4.01,2.18,1.65,1.58,1.64
1994-11-30,-4.74,-3.4,-3.66,-4.34,-3.3,-3.38,-4.14,-3.08,-3.26,-3.42
1994-12-31,-0.48,1.58,2.09,2.66,1.02,0.46,3.18,0.44,0.86,1.53
1995-01-31,0.32,4.49,1.39,0.18,0.58,1.92,2.81,3.31,2.77,2.31
1995-02-28,3.74,2.46,3.52,3.77,4.14,4.61,4.79,4.29,4.03,3.68
1995-03-31,1.71,2.37,2.93,2.81,3.01,2.32,1.96,2.72,3.49,2.39
1995-04-30,1.33,2.26,1.77,2.81,1.19,3.21,1.25,1.67,3.52,3.87
1995-05-31,1.98,2.3,3.49,1.73,3.85,3.79,3.71,4.27,2.5,4.61
1995-06-30,6.5,3.61,2.18,3.17,3.31,2.62,1.07,3.15,2.86,3.69
1995-07-31,6.03,3.59,4.57,3.77,3.43,4.88,5.26,4.15,4.13,2.86
1995-08-31,3.72,3.2,2.01,-0.31,-0.5,1.53,-1.13,1.18,0.34,2.04
1995-09-30,3.56,2.62,1.67,2.44,4.06,3.69,1.83,4.39,3.84,6.01
1995-10-31,-3.08,-3.31,-2.59,-3.14,-1.27,-3.18,-0.81,-0.99,0.53,0.63
1995-11-30,4.15,4.8,5.73,5.94,3.88,5.01,2.85,6.03,2.6,4.6
1995-12-31,2.39,1.53,2.47,2.96,2.79,1.42,-0.65,2.77,1.49,0.72
1996-01-31,1.83,2.34,2.01,0.5,1.06,3.25,2.17,3.55,3.27,3.71
1996-02-29,3.09,1.45,1.67,1.37,0.88,1.79,4.25,0.49,1.83,1.44
1996-03-31,-1.63,0.98,1.97,3.17,1.66,2.62,0.4,2.11,1.52,-0.08
1996-04-30,3.73,4.0,1.97,1.82,2.68,1.3,2.58,0.4,3.42,2.15
1996-05-31,2.87,2.7,2.01,3.28,1.45,1.99,2.01,3.11,2.97,3.34
1996-06-30,-5.33,-2.22,-2.61,1.41,-0.77,-1.4,-1.78,-0.1,0.05,1.45
1996-07-31,-11.39,-7.87,-6.08,-7.45,-5.34,-5.67,-4.3,-5.08,-3.46,-4.67
1996-08-31,4.2,4.92,3.74,4.65,4.25,2.83,3.36,4.12,3.8,0.26
1996-09-30,3.93,3.32,4.29,3.61,4.68,4.53,5.37,6.56,7.83,5.02
1996-10-31,-3.07,-0.71,3.34,1.34,1.32,2.55,1.84,2.28,1.11,1.53
1996-11-30,2.11,6.25,5.21,4.43,4.95,5.87,6.2,9.1,8.22,7.56
1996-12-31,-0.49,0.14,-1.26,0.46,-0.77,-0.16,-2.05,-1.92,-2.87,-0.63
1997-01-31,3.49,2.94,5.94,2.6,3.63,3.51,5.9,6.71,7.61,5.86
1997-02-28,-1.24,-1.64,-1.2,0.09,-0.08,0.02,0.11,0.38,-0.33,1.26
1997-03-31,-6.44,-4.3,-3.73,-4.4,-3.22,-2.02,-3.76,-4.44,-4.71,-6.28
1997-04-30,-2.65,1.69,3.15,0.69,2.05,3.7,3.64,7.75,6.04,6.49
1997-05-31,11.47,8.35,9.11,6.86,7.19,6.47,6.36,6.52,5.75,7.08
1997-06-30,4.64,3.37,4.95,4.86,4.54,2.51,5.65,5.65,3.74,3.89
1997-07-31,5.82,6.92,8.09,6.72,8.37,8.78,8.59,8.57,9.49,4.89
1997-08-31,0.54,-1.15,-3.0,-0.53,-1.85,-2.82,-4.09,-5.48,-4.47,-5.44
1997-09-30,8.39,7.04,6.91,7.45,5.51,5.44,5.83,6.91,3.69,5.07
1997-10-31,-4.38,-4.43,-4.3,-2.41,-3.32,-3.69,-2.61,-4.44,-2.39,-2.99
1997-11-30,-1.86,0.64,1.35,0.21,3.82,2.99,1.69,5.07,4.2,6.8
1997-12-31,-0.92,3.3,1.84,2.0,3.47,2.94,1.67,3.57,-0.2,1.78
1998-01-31,1.57,-0.23,-0.05,-0.93,-2.54,-1.16,-1.61,1.25,3.9,0.7
1998-02-28,8.16,7.38,8.16,7.03,8.28,7.51,7.97,7.75,8.4,4.94
1998-03-31,7.24,7.35,3.3,4.41,5.21,3.87,4.06,5.09,3.8,7.17
1998-04-30,1.61,2.21,2.98,0.66,0.98,1.91,3.89,0.52,1.6,-0.89
1998-05-31,-5.23,-2.77,-4.66,-1.47,-1.1,-1.74,-5.09,-2.6,-2.7,0.28
1998-06-30,2.36,5.29,3.72,0.04,3.28,1.88,3.17,4.17,5.29,3.7
1998-07-31,-2.95,-5.5,-3.39,-4.41,-2.86,-1.75,-2.83,-2.43,-0.78,0.15
1998-08-31,-23.05,-16.49,-18.18,-15.19,-13.48,-15.07,-14.94,-15.63,-15.6,-13.37
1998-09-30,10.8,7.5,5.51,5.17,4.15,8.17,5.74,3.42,9.09,6.06
1998-10-31,6.08,5.83,6.93,5.44,9.22,7.43,6.21,7.9,5.49,10.21
1998-11-30,10.27,5.11,5.56,5.75,6.57,4.73,5.53,4.55,9.13,5.38
1998-12-31,14.67,4.54,3.81,7.1,6.44,4.24,3.78,7.04,7.27,5.92
1999-01-31,11.55,1.46,-0.37,0.79,0.51,1.66,2.48,1.6,7.72,2.34
1999-02-28,-2.7,-3.71,-0.85,-4.17,-2.06,-2.81,-5.02,-2.0,-4.7,-5.03
1999-03-31,13.94,2.97,3.94,1.95,4.07,4.03,3.47,5.02,3.88,-0.66
1999-04-30,8.36,6.04,4.41,4.41,3.82,5.23,9.12,3.1,-1.15,7.86
1999-05-31,-6.31,2.45,0.32,2.99,-2.48,-2.1,-0.19,-2.24,-2.56,-2.22
1999-06-30,2.09,4.39,3.24,3.58,6.03,4.3,4.34,5.1,6.21,6.54
1999-07-31,-3.37,-3.37,-1.09,-1.15,-5.44,-2.24,-2.77,-4.27,-2.8,-3.05
1999-08-31,-1.67,-1.32,-1.97,-2.52,-1.94,-1.77,-4.17,-0.14,1.27,-0.56
1999-09-30,0.42,-0.63,-4.96,-3.51,-0.77,-1.24,-3.15,-0.55,-3.12,-4.8
1999-10-31,9.72,1.68,5.31,3.87,10.29,7.73,4.02,11.09,7.18,2.04
1999-11-30,7.0,7.21,1.15,4.35,0.04,1.84,3.82,0.7,2.57,3.62
1999-12-31,15.52,15.73,6.4,8.18,6.68,7.78,7.19,7.51,6.41,1.98
2000-01-31,-0.65,-4.32,-2.77,-1.61,-6.36,-5.92,-2.87,-3.97,-4.89,-6.19
2000-02-29,15.46,2.96,8.79,2.93,-3.43,4.32,1.58,-0.59,-1.0,-4.25
2000-03-31,-4.62,6.81,5.94,6.04,11.7,7.35,8.67,13.85,11.63,6.78
2000-04-30,-11.62,-6.53,-4.19,-4.04,-0.56,-0.76,-1.06,-2.44,-9.06,1.12
2000-05-31,-9.39,-2.29,-3.05,-1.01,0.44,-3.52,-4.35,-1.47,-4.26,-0.89
2000-06-30,14.09,1.58,1.43,1.78,-1.2,-0.93,3.78,0.94,5.64,3.7
2000-07-31,-9.58,1.84,-2.02,1.72,0.92,-1.74,3.79,-1.77,-2.83,-2.67
2000-08-31,12.42,7.9,8.21,7.57,10.89,3.93,10.32,6.38,7.59,2.8
2000-09-30,-7.88,-10.82,-1.86,-0.35,-0.85,-6.77,-1.09,-12.97,-2.48,-0.21
2000-10-31,-10.55,-6.77,-7.7,-2.6,-3.65,-0.81,-3.36,5.88,-1.47,5.32
2000-11-30,-25.57,-13.75,-15.75,-8.17,-9.4,-4.53,-7.39,-7.03,-7.35,-4.08
2000-12-31,0.91,4.62,4.49,1.17,6.92,0.62,1.77,-0.32,2.14,-0.32
2001-01-31,8.36,9.38,6.68,2.54,1.09,0.71,4.92,7.64,-0.81,3.48
2001-02-28,-19.29,-10.65,-8.06,-10.45,-6.97,-12.55,-12.88,-5.11,-7.08,-3.25
2001-03-31,-13.94,-7.64,-4.84,-2.32,-4.35,-6.34,-7.32,-4.76,-9.28,-3.76
2001-04-30,14.29,10.53,8.16,8.12,9.24,6.53,9.6,9.34,6.24,4.75
2001-05-31,-0.32,0.05,0.21,0.92,0.75,2.19,0.88,1.02,1.94,0.62
2001-06-30,-0.76,-2.49,-3.55,1.23,-1.37,-2.52,-2.42,0.83,-3.34,-1.08
2001-07-31,-11.81,-6.33,-1.37,-1.73,-5.18,-2.01,2.19,0.57,-0.69,1.03
2001-08-31,-10.05,-6.83,-8.55,-3.83,-8.81,-6.28,-5.8,-4.87,-5.76,-2.95
2001-09-30,-17.48,-10.27,-15.68,-7.63,-12.26,-10.41,-6.71,-9.33,-6.21,-3.45
2001-10-31,9.41,0.02,6.03,3.24,5.24,1.2,3.85,1.87,1.85,-1.2
2001-11-30,13.62,3.25,12.82,5.0,9.57,9.84,7.28,8.22,6.71,4.92
2001-12-31,2.07,5.03,-1.72,0.63,0.97,4.05,3.46,1.46,0.8,1.39
2002-01-31,-8.71,-5.13,0.57,-2.77,-2.56,1.37,-0.41,1.02,0.13,-1.59
2002-02-28,-7.28,-4.97,-11.22,-0.94,-3.16,-2.91,-0.28,-1.67,0.48,0.1
2002-03-31,6.17,4.34,9.33,5.18,4.16,4.64,6.18,5.59,1.37,2.43
2002-04-30,-9.94,-3.93,-7.06,-0.61,-6.77,-1.65,-4.2,-3.96,-5.66,-7.7
2002-05-31,-3.48,-3.69,-2.24,-3.24,-1.17,-0.85,-0.92,-0.47,-1.72,1.37
2002-06-30,-12.62,-10.79,-10.5,-4.39,-4.23,-7.93,-3.94,-8.21,-5.43,-9.16
2002-07-31,-12.55,-9.23,-11.43,-9.4,-6.67,-11.91,-10.36,-7.98,-4.07,-5.45
2002-08-31,1.8,-0.82,-0.41,0.52,-1.06,1.57,3.56,1.06,-1.43,1.06
2002-09-30,-8.7,-14.4,-11.02,-9.04,-11.14,-9.64,-11.17,-7.62,-10.31,-11.18
2002-10-31,9.82,7.04,7.27,9.81,7.69,12.04,8.19,5.61,6.23,9.17
2002-11-30,12.02,14.29,9.55,7.88,9.84,7.14,2.5,2.45,4.02,4.73
2002-12-31,-10.51,-9.7,-6.1,-7.84,-8.21,-6.76,-5.71,-2.1,-4.71,-3.22
2003-01-31,-2.83,1.77,-0.57,-5.39,-2.49,-4.51,-3.6,-1.75,-3.44,-1.64
2003-02-28,-4.19,-0.88,-3.46,-3.87,-0.29,0.04,-0.75,-0.7,-1.88,-3.36
2003-03-31,1.18,-1.24,-0.63,0.13,-0.34,1.5,2.39,2.33,1.71,0.61
2003-04-30,13.58,9.75,10.11,10.16,7.95,6.78,9.8,4.91,8.02,6.73
2003-05-31,12.41,11.32,9.77,5.24,9.05,4.1,4.92,4.38,4.33,5.43
2003-06-30,2.21,1.66,-0.1,0.44,1.79,1.57,1.88,0.15,1.64,1.89
2003-07-31,4.71,3.17,8.25,4.29,4.59,3.85,2.71,1.98,-0.92,-0.41
2003-08-31,5.72,3.36,0.63,5.96,0.37,4.63,3.2,2.41,0.32,0.58
2003-09-30,-1.51,-4.14,-1.65,-2.25,0.24,-0.26,-2.52,-1.44,-0.27,0.18
2003-10-31,9.18,7.48,5.9,10.43,7.41,4.75,7.48,4.02,4.45,5.65
2003-11-30,1.71,2.29,2.41,1.47,0.92,0.85,0.27,1.44,0.58,2.96
2003-12-31,2.13,4.27,7.2,4.74,4.5,4.9,1.46,4.92,4.93,4.96
2004-01-31,7.88,2.53,3.61,2.64,1.41,0.42,1.37,3.13,0.7,1.53
2004-02-29,-1.91,0.53,1.71,3.58,2.48,0.82,4.47,0.63,1.41,1.54
2004-03-31,-2.75,-1.28,-0.6,-0.9,0.17,-2.32,-0.08,-0.9,-1.83,-1.07
2004-04-30,-5.41,-3.39,-2.47,-4.28,-4.3,-0.39,-3.1,-1.45,1.18,0.04
2004-05-31,1.94,1.78,2.29,2.93,0.19,2.43,0.92,2.01,0.34,-0.64
2004-06-30,1.65,2.07,2.09,0.84,1.85,3.08,0.79,2.83,0.83,2.45
2004-07-31,-9.77,-5.58,-6.56,-4.3,-3.5,-3.67,-2.12,-1.86,-2.37,-4.62
2004-08-31,-2.87,-1.92,-0.1,0.62,-2.14,3.23,0.07,-0.13,1.23,0.96
2004-09-30,3.85,4.24,3.97,0.94,2.0,-1.21,3.83,2.04,-0.15,0.63
2004-10-31,3.62,3.21,0.72,0.79,2.55,-0.09,2.18,1.98,1.01,0.48
2004-11-30,7.47,5.41,6.15,5.39,4.78,3.21,4.9,2.78,3.39,6.68
2004-12-31,5.04,4.46,4.44,3.75,1.5,2.83,3.08,3.09,3.44,4.82
2005-01-31,-5.77,-3.77,-5.17,-3.4,-2.01,-1.81,-1.02,-2.14,-2.23,-1.26
2005-02-28,-0.13,1.33,2.31,2.13,0.42,2.37,1.75,5.17,2.56,0.17
2005-03-31,-3.6,-0.59,-0.72,-3.67,-0.96,-1.71,-0.31,-2.78,-0.97,-1.5
2005-04-30,-4.67,-3.22,-3.1,-3.71,-1.67,0.19,-1.8,-2.12,-2.02,-3.02
2005-05-31,6.23,4.64,6.12,5.47,4.08,2.3,3.52,3.46,1.78,4.65
2005-06-30,0.43,0.0,1.04,1.21,0.43,1.24,0.1,0.89,0.38,1.07
2005-07-31,6.4,3.29,5.25,5.56,3.41,4.83,2.24,4.5,3.66,3.05
2005-08-31,0.03,-0.14,1.0,-0.87,0.13,-1.91,-1.91,-2.42,0.19,-2.6
2005-09-30,1.87,-0.15,0.16,1.03,1.71,1.22,0.28,-0.44,1.77,0.47
2005-10-31,-3.53,-0.09,-0.41,-0.34,-1.53,-2.49,-1.62,-0.51,-3.24,-2.81
2005-11-30,3.9,4.08,5.51,5.3,5.44,3.35,3.88,3.22,2.75,2.76
2005-12-31,2.29,-0.8,-1.4,0.35,-0.07,0.24,1.53,-0.73,-0.2,0.37
2006-01-31,5.33,3.58,4.67,1.05,3.0,4.42,3.89,1.27,3.9,4.04
2006-02-28,-0.33,-1.35,-0.03,1.0,-0.15,1.12,1.09,0.69,-1.14,-0.15
2006-03-31,2.8,1.4,1.52,2.87,2.04,3.52,0.63,0.61,1.97,1.35
2006-04-30,-0.23,2.03,-1.71,1.68,1.95,1.57,1.56,-0.1,2.48,0.65
2006-05-31,-4.72,-1.35,-3.57,-2.79,-3.27,-4.19,-3.68,-2.54,-2.23,-2.82
2006-06-30,-1.52,0.16,-0.29,-2.07,-0.93,0.2,1.28,1.03,0.97,-0.19
2006-07-31,-3.36,-1.28,-2.82,-1.23,-0.66,0.88,0.63,0.1,1.91,-2.15
2006-08-31,4.53,3.24,3.59,2.14,2.39,1.78,2.34,2.51,0.9,3.57
2006-09-30,0.41,2.49,1.58,2.7,4.01,2.68,1.96,3.76,0.14,1.31
2006-10-31,4.87,5.62,2.59,4.72,2.61,3.62,1.76,2.85,5.09,3.76
2006-11-30,2.37,2.45,2.81,0.86,2.85,0.66,1.55,1.26,4.1,2.25
2006-12-31,1.26,2.19,0.69,2.25,1.64,3.29,0.63,0.83,0.6,-0.38
2007-01-31,2.86,1.58,1.88,1.97,0.45,2.64,1.61,2.21,0.72,2.86
2007-02-28,-0.74,-1.98,0.13,-0.47,-1.74,-3.0,-1.36,-2.02,-2.37,-0.17
2007-03-31,0.86,1.01,1.12,1.97,1.66,0.43,0.74,0.58,2.08,1.48
2007-04-30,4.0,3.11,3.47,2.32,3.44,4.62,3.22,4.81,4.63,5.41
2007-05-31,2.85,2.25,4.0,3.63,4.66,1.83,3.76,3.13,4.94,4.21
2007-06-30,-0.94,-1.27,-1.97,-1.97,-0.53,-3.46,-2.39,-1.65,-0.67,-0.91
2007-07-31,-3.69,-5.67,-3.58,-4.14,-2.36,-4.26,-2.95,-3.51,-2.5,-1.1
2007-08-31,1.73,0.51,1.57,2.78,1.44,1.95,2.13,1.15,1.3,0.07
2007-09-30,4.33,3.34,2.89,2.02,5.33,2.3,2.84,3.19,4.43,4.79
2007-10-31,0.94,0.51,3.08,0.13,6.96,0.16,1.27,1.56,4.86,1.2
2007-11-30,-7.43,-7.76,-2.28,-6.84,-2.6,-5.8,-5.43,-1.92,-2.66,-4.98
2007-12-31,-1.7,-0.94,-0.91,-1.23,0.6,-3.12,-1.83,-0.19,1.78,0.68
2008-01-31,-9.75,-6.36,-5.26,-7.4,-10.7,-3.35,-5.56,-3.71,-6.11,-6.84
2008-02-29,-3.47,-3.25,-0.49,-5.82,-4.4,-5.75,-4.99,-2.22,-1.37,0.69
2008-03-31,-2.64,1.33,-0.99,-5.03,1.0,0.68,-2.66,0.1,0.43,-1.12
2008-04-30,6.4,2.93,2.84,5.71,7.02,2.74,4.4,4.74,3.85,6.23
2008-05-31,3.76,3.35,3.15,-0.2,3.74,-1.23,1.47,1.69,3.76,2.61
2008-06-30,-9.44,-12.76,-8.85,-11.54,-8.86,-11.66,-10.73,-5.6,-4.83,-5.31
2008-07-31,0.01,0.8,-0.39,1.98,5.7,-1.53,-0.82,1.2,-7.16,0.41
2008-08-31,0.87,-0.75,1.38,0.79,1.96,1.89,1.85,2.44,1.79,1.66
2008-09-30,-10.59,-18.82,-8.4,-11.41,-4.64,-9.15,-9.72,-7.31,-8.9,-8.49
2008-10-31,-26.01,-23.77,-16.37,-21.13,-19.06,-15.21,-15.2,-14.27,-15.54,-17.29
2008-11-30,-17.76,-13.11,-11.03,-7.87,-10.29,-9.34,-6.06,-6.64,-1.23,-7.92
2008-12-31,0.29,6.88,1.1,6.28,-0.91,2.6,0.46,4.17,-0.8,2.63
2009-01-31,-8.1,-7.81,-7.68,-6.55,-14.73,-7.94,-10.98,-5.57,-6.25,-5.75
2009-02-28,-12.21,-10.77,-11.13,-11.12,-13.18,-11.18,-8.34,-10.65,-10.26,-6.69
2009-03-31,15.4,13.39,8.54,9.13,8.61,7.78,9.34,9.38,6.18,9.06
2009-04-30,13.96,15.27,10.25,10.09,14.87,10.25,9.81,6.6,7.89,10.63
2009-05-31,6.67,8.88,3.41,4.22,4.5,4.21,3.77,7.52,4.81,4.31
2009-06-30,2.49,-0.68,0.37,0.5,1.95,1.18,-1.24,0.38,-0.8,3.15
2009-07-31,9.85,6.87,8.32,10.03,9.18,9.67,8.77,6.12,7.25,5.4
2009-08-31,9.23,4.24,8.27,1.92,3.07,2.21,3.9,1.67,2.04,1.76
2009-09-30,5.64,5.46,2.2,3.93,5.7,7.09,1.72,3.21,4.44,3.59
2009-10-31,-8.42,-5.23,-5.28,-2.96,-5.19,-2.97,-1.25,-0.89,-0.64,0.99
2009-11-30,3.42,3.6,4.53,2.62,5.82,6.25,7.34,6.34,5.9,5.49
2009-12-31,4.43,3.04,2.29,5.97,4.61,2.54,2.89,3.74,2.48,0.25
2010-01-31,-3.84,-1.04,-2.08,-3.26,-4.69,-2.61,-3.33,-4.03,-4.09,-4.82
2010-02-28,4.49,4.5,4.11,4.12,3.17,3.36,2.75,2.33,3.18,3.74
2010-03-31,8.01,6.49,7.24,5.93,9.3,7.18,4.74,5.42,5.54,5.04
2010-04-30,5.42,0.78,0.89,3.37,2.64,2.18,0.43,0.85,3.3,1.83
2010-05-31,-9.0,-6.78,-9.16,-7.26,-7.71,-7.16,-7.59,-7.43,-8.2,-8.13
2010-06-30,-9.2,-2.51,-6.91,-4.99,-6.02,-5.47,-6.34,-3.82,-5.72,-5.53
2010-07-31,6.86,7.25,5.0,6.58,7.77,7.55,6.43,7.51,5.99,7.75
2010-08-31,-7.84,-7.63,-3.43,-6.99,-2.48,-7.03,-4.15,-3.52,-3.99,-4.91
2010-09-30,10.19,10.75,9.27,9.76,9.56,8.88,8.92,8.77,10.9,8.92
2010-10-31,2.7,4.06,2.28,0.74,3.78,3.42,4.7,4.49,3.79,5.39
2010-11-30,1.54,1.67,0.97,0.7,0.85,-1.76,-0.71,2.0,0.85,-0.91
2010-12-31,12.31,9.6,6.4,9.96,5.93,7.09,7.5,5.48,5.1,5.15
2011-01-31,3.16,3.24,0.7,3.73,3.04,2.58,2.09,2.25,1.02,1.44
2011-02-28,3.71,3.59,5.99,5.02,4.86,1.76,4.49,2.66,2.99,2.75
2011-03-31,-0.4,-1.25,-0.63,-0.29,1.03,0.43,1.0,0.72,0.97,1.12
2011-04-30,1.6,1.19,2.48,2.08,3.69,2.65,2.81,3.26,3.42,3.92
2011-05-31,-4.71,-2.44,-2.27,-2.01,-0.54,-0.79,-1.24,-1.58,-0.88,0.85
2011-06-30,-3.27,-4.19,-2.12,-2.35,-1.96,-1.91,-1.64,-0.86,-1.3,-0.56
2011-07-31,-3.62,-5.56,-4.16,-3.96,-2.14,-1.98,-2.54,-2.36,-0.78,0.38
2011-08-31,-10.73,-9.63,-9.66,-6.97,-7.52,-5.86,-4.4,-4.81,-5.05,-4.09
2011-09-30,-11.35,-10.2,-11.22,-9.33,-9.0,-7.4,-6.02,-6.6,-5.16,-7.66
2011-10-31,12.45,15.13,16.92,12.73,14.5,11.94,8.66,10.56,10.38,9.67
2011-11-30,-1.68,-2.99,-1.29,-0.93,-0.36,0.76,0.16,0.12,-0.55,1.39
2011-12-31,0.35,-2.07,-1.11,2.3,-0.13,2.25,1.59,0.34,0.77,0.83
2012-01-31,8.71,7.47,5.69,6.58,7.06,2.49,3.06,2.58,6.78,6.15
2012-02-29,6.64,4.12,4.68,5.48,3.13,2.66,4.9,3.31,6.22,4.06
2012-03-31,2.95,3.37,2.58,4.47,2.95,2.52,2.96,1.93,5.17,2.33
2012-04-30,0.06,-3.38,-1.32,-1.65,-2.04,-0.54,0.36,-0.84,-0.6,0.37
2012-05-31,-7.14,-9.02,-8.27,-5.72,-9.02,-5.66,-4.56,-5.63,-4.48,-7.08
2012-06-30,6.91,4.39,3.57,4.69,2.54,3.54,3.19,5.93,2.05,3.24
2012-07-31,-2.95,-0.97,0.34,-0.2,1.33,1.09,2.49,1.35,0.5,0.76
2012-08-31,4.41,4.13,4.33,3.64,3.53,2.14,1.29,1.36,3.82,1.03
2012-09-30,3.3,4.72,3.24,3.61,4.54,2.62,3.33,1.94,0.72,2.56
2012-10-31,-1.81,1.24,-0.06,-3.71,-2.96,-0.42,-0.81,-1.0,-3.96,-1.41
2012-11-30,1.12,-0.17,1.9,1.54,2.51,1.49,0.11,-0.41,0.56,1.11
2012-12-31,3.17,4.42,2.12,2.17,3.09,0.72,1.32,0.36,-1.11,0.68
2013-01-31,7.88,8.32,6.2,6.15,5.02,7.98,6.3,5.36,1.84,5.37
2013-02-28,0.45,1.78,1.92,1.27,1.07,0.68,2.08,1.49,1.07,0.93
2013-03-31,5.37,3.96,4.43,4.38,3.82,3.2,4.22,3.54,3.59,4.6
2013-04-30,3.19,1.36,-1.18,-0.39,1.05,1.2,2.63,1.46,2.71,1.47
2013-05-31,5.08,7.01,3.18,3.74,3.58,2.7,0.69,2.27,3.07,1.56
2013-06-30,-1.27,-2.56,-0.96,-0.07,-0.21,-0.05,-0.38,-1.55,-3.08,-1.77
2013-07-31,8.55,8.29,6.12,6.41,4.67,5.74,5.61,5.03,5.32,4.44
2013-08-31,-1.7,-2.66,-3.07,-2.65,-3.94,-3.12,-3.49,-3.2,-0.32,-3.02
2013-09-30,6.86,5.31,3.33,4.11,4.27,3.62,3.17,3.46,2.54,4.14
2013-10-31,0.04,3.3,2.54,3.88,5.04,4.63,4.7,3.69,5.74,4.42
2013-11-30,3.6,2.53,3.83,2.3,1.59,2.46,3.49,3.77,3.86,2.97
2013-12-31,3.22,3.43,2.97,3.6,4.52,1.52,1.47,3.26,1.75,2.81
2014-01-31,2.6,-2.53,-2.91,-4.06,0.11,-2.72,-3.1,-4.8,-4.68,-4.96
2014-02-28,6.75,4.8,2.94,4.69,4.98,3.53,4.31,4.86,5.39,4.84
2014-03-31,-4.65,-1.37,2.54,0.87,-1.59,0.47,2.18,0.83,0.75,0.76
2014-04-30,-5.0,-0.83,-2.08,-0.77,-1.48,0.47,-0.86,1.72,1.81,1.03
2014-05-31,1.5,1.95,1.08,2.57,3.91,0.67,1.74,1.39,3.31,1.34
2014-06-30,7.66,4.51,3.05,2.14,2.91,1.93,2.51,1.8,2.5,0.84
2014-07-31,-5.65,-3.46,-2.63,-2.26,-2.68,-2.25,-2.24,-0.28,-0.73,-2.75
2014-08-31,7.99,4.33,5.34,3.92,3.42,3.43,3.5,4.76,4.21,4.01
2014-09-30,-4.86,-2.29,-2.28,-1.07,-2.95,-2.3,-1.51,-1.32,-2.35,-1.17
2014-10-31,1.93,2.92,2.14,0.9,2.85,3.61,2.54,2.16,2.91,2.18
2014-11-30,-0.8,2.39,2.77,0.11,1.47,1.53,1.47,3.96,4.39,4.12
2014-12-31,0.05,0.66,0.14,0.36,1.22,1.81,0.24,-0.6,-2.16,-0.51
2015-01-31,-2.11,-6.63,-3.74,-4.61,-4.45,-3.89,-3.3,-2.49,-0.8,-2.31
2015-02-28,9.57,8.33,6.02,6.12,7.66,4.89,5.41,5.53,6.32,6.39
2015-03-31,-0.1,-1.22,-0.85,-0.48,-0.82,-0.1,-1.23,-1.72,-2.37,-0.6
2015-04-30,-0.59,0.66,0.83,0.59,0.48,-0.36,0.39,1.77,0.67,0.27
2015-05-31,4.65,1.71,1.64,1.86,1.58,1.08,1.2,0.92,0.84,1.15
2015-06-30,-1.39,-0.3,-1.92,-0.48,-1.89,-0.75,-1.8,-2.36,-2.14,-1.05
2015-07-31,-0.3,-0.17,2.09,3.01,1.81,1.47,1.03,3.13,-1.06,2.8
2015-08-31,-10.09,-5.65,-5.44,-5.37,-6.2,-6.6,-6.19,-5.98,-5.74,-5.61
2015-09-30,-10.0,-4.97,-3.11,-2.63,-3.63,-1.83,-3.93,-1.48,-2.94,-2.35
2015-10-31,5.27,7.35,7.2,9.56,7.5,6.98,7.3,8.03,8.68,7.52
2015-11-30,3.88,2.41,0.56,2.05,1.35,-0.16,0.01,1.13,-0.5,-0.36
2015-12-31,-3.26,-4.74,-3.52,-0.92,-3.39,-1.35,-2.03,-0.99,-4.19,-1.23
2016-01-31,-20.02,-10.01,-2.57,-6.99,-6.1,-3.72,-6.48,-3.9,-7.33,-4.12
2016-02-29,-2.81,-3.41,-0.69,-1.22,1.14,-0.6,-0.69,0.43,1.48,1.48
2016-03-31,8.15,6.82,6.78,8.09,7.92,4.91,7.13,6.51,8.0,6.85
2016-04-30,3.7,4.38,2.43,-0.44,2.06,2.86,2.6,0.12,-2.22,-0.45
2016-05-31,2.39,2.83,1.78,2.05,2.22,1.86,0.83,2.16,2.82,0.11
2016-06-30,-2.83,-2.35,-1.23,-1.48,0.2,0.52,-0.06,0.93,-1.35,1.75
2016-07-31,6.37,1.62,2.5,4.06,4.65,3.52,2.55,5.11,5.06,4.17
2016-08-31,1.12,2.27,3.43,-0.22,0.35,1.31,0.63,-0.32,0.06,-0.69
2016-09-30,5.1,1.2,-0.6,0.19,1.05,-1.22,-0.6,0.1,0.89,0.37
2016-10-31,-8.68,-0.46,-0.75,0.31,-1.88,-0.68,-1.74,-3.46,-3.24,-1.86
2016-11-30,7.58,5.64,8.23,4.21,6.23,5.62,3.84,4.44,5.03,3.37
2016-12-31,-3.59,2.49,2.57,2.53,2.67,2.72,1.27,2.17,0.55,2.08
2017-01-31,5.45,1.17,-0.1,1.82,1.44,0.44,2.81,2.92,2.87,1.66
2017-02-28,0.04,1.37,3.11,3.69,3.06,5.09,3.53,2.78,3.22,5.24
2017-03-31,0.25,-0.56,-0.67,-0.25,0.02,-1.17,0.6,0.63,0.99,0.61
2017-04-30,0.24,-0.04,-0.01,2.85,0.82,-0.04,0.73,1.56,2.42,0.96
2017-05-31,-1.84,0.0,-0.2,1.15,0.78,0.15,1.19,1.3,1.75,2.72
2017-06-30,3.44,-0.38,2.82,0.28,1.67,2.98,1.8,0.39,0.04,-0.81
2017-07-31,2.26,2.39,2.93,1.06,2.05,2.68,1.89,2.41,1.9,0.74
2017-08-31,1.79,-2.45,-0.94,-1.64,0.85,0.53,0.94,-0.37,2.4,0.48
2017-09-30,4.53,5.65,4.27,3.44,3.42,2.39,2.48,1.01,0.54,3.53
2017-10-31,-0.34,0.84,2.53,0.61,4.68,3.09,1.72,2.16,5.52,-0.06
2017-11-30,2.03,1.15,2.55,1.7,3.69,1.95,1.96,4.47,3.76,5.29
2017-12-31,2.47,2.07,1.12,0.54,-0.11,0.95,-0.11,2.04,0.73,2.34
2018-01-31,6.52,2.57,6.57,5.01,8.31,5.23,4.69,5.3,6.09,5.93
2018-02-28,-3.01,-5.72,-4.8,-3.78,-2.75,-3.79,-3.13,-4.71,-0.2,-4.48
2018-03-31,-0.35,-0.1,-1.95,-1.47,-2.21,-3.88,-2.08,-1.98,-2.91,-2.45
2018-04-30,0.38,5.6,0.98,0.16,0.23,1.16,-1.17,1.31,0.57,-1.41
2018-05-31,7.69,1.53,2.41,0.94,4.59,3.3,1.74,1.49,5.29,1.35
2018-06-30,0.92,1.7,0.88,-1.06,-0.13,0.1,-0.23,1.48,0.98,0.82
2018-07-31,-0.81,2.59,2.08,3.28,5.09,4.78,1.15,4.06,4.04,3.71
2018-08-31,9.17,3.69,-0.53,2.46,2.59,2.0,2.39,3.75,7.31,3.2
2018-09-30,-2.39,-0.9,0.38,-0.91,-1.04,-0.16,0.45,1.37,0.23,0.99
2018-10-31,-12.77,-7.52,-8.77,-8.44,-7.74,-6.4,-5.12,-5.72,-8.66,-8.3
2018-11-30,1.55,2.8,0.11,2.22,2.59,0.96,3.31,2.64,-1.22,4.07
2018-12-31,-10.69,-7.85,-12.27,-9.24,-8.62,-10.58,-9.23,-8.58,-10.24,-7.53
2019-01-31,15.17,6.28,11.99,10.94,8.18,8.69,9.64,5.78,8.43,7.74
2019-02-28,6.74,-0.29,4.82,4.38,3.46,3.25,1.77,5.04,2.46,5.0
2019-03-31,-1.52,-0.78,-0.38,0.25,0.81,-0.2,1.29,1.77,4.05,1.6
2019-04-30,0.46,6.1,3.81,5.97,4.24,4.43,3.99,4.6,4.68,2.6
2019-05-31,-6.88,-7.72,-8.34,-7.7,-7.15,-6.15,-5.89,-6.55,-7.71,-5.72
2019-06-30,8.1,6.38,8.47,8.27,4.05,7.15,7.58,7.58,8.27,6.43
2019-07-31,-0.4,2.31,0.67,-0.43,3.19,1.02,1.31,1.78,0.52,3.17
2019-08-31,-3.84,-4.01,-4.35,-1.47,-3.69,-3.81,-4.15,-2.98,-1.56,1.25
2019-09-30,-2.3,0.42,4.05,3.1,2.18,4.97,1.47,0.74,0.84,1.95
2019-10-31,3.16,0.59,0.83,0.24,2.91,2.4,1.79,2.95,2.88,2.74
2019-11-30,7.14,4.75,3.65,3.15,3.5,3.35,4.74,3.35,3.43,4.17
2019-12-31,1.68,1.73,4.08,2.42,2.82,2.14,2.13,2.8,3.37,3.88
2020-01-31,0.77,0.57,1.21,-1.87,0.1,-3.39,-2.73,-1.84,2.27,0.78
2020-02-29,-5.32,-7.63,-9.97,-10.42,-8.67,-8.96,-8.25,-7.43,-6.95,-8.86
2020-03-31,-15.02,-17.83,-20.04,-14.61,-15.48,-21.57,-9.72,-16.47,-7.43,-11.69
2020-04-30,12.76,12.99,16.66,12.09,15.94,9.66,10.95,16.17,14.04,13.36
2020-05-31,9.92,5.44,5.14,4.96,5.38,4.36,4.19,8.22,3.81,6.22
2020-06-30,3.44,1.38,3.96,0.19,-0.43,-0.37,-0.89,1.51,4.43,5.1
2020-07-31,5.5,6.42,3.81,8.63,6.35,4.14,6.7,5.69,4.84,8.01
2020-08-31,4.4,8.62,2.98,12.17,2.71,5.53,3.48,7.21,8.85,11.31
2020-09-30,1.45,-3.25,-5.19,-6.05,-3.09,-5.17,-2.46,-2.96,-3.71,-4.53
2020-10-31,0.81,-1.8,0.08,-2.21,1.12,0.79,0.26,-1.02,-3.74,-5.07
2020-11-30,20.94,14.33,15.27,17.42,11.6,11.06,13.78,11.23,10.16,10.36
2020-12-31,7.08,3.02,8.48,9.22,4.89,2.15,5.76,2.01,3.45,6.11
2021-01-31,6.08,-0.8,0.65,2.95,0.18,2.6,0.16,-2.93,-0.67,-2.33
2021-02-28,1.82,7.05,8.63,-1.32,4.75,5.92,6.05,3.11,2.19,-0.78
2021-03-31,-9.3,0.6,3.32,3.67,3.91,4.63,5.32,6.44,3.08,4.15
2021-04-30,3.78,4.19,4.26,4.63,4.84,9.01,3.4,4.36,5.6,4.97
2021-05-31,-4.98,0.99,2.7,-1.65,1.95,1.59,2.05,1.64,0.05,-1.01
2021-06-30,11.05,-0.57,-0.46,1.59,1.72,0.25,-0.87,1.88,4.52,3.89
2021-07-31,-4.56,-3.69,-1.4,-0.27,1.75,1.73,2.59,2.73,1.99,3.93
2021-08-31,3.3,1.9,1.14,3.27,3.75,2.97,5.21,3.33,2.72,1.95
2021-09-30,-2.37,-1.42,-2.47,-0.96,-2.78,-4.31,-5.0,-7.58,-5.31,-5.5
2021-10-31,1.67,6.58,3.35,6.8,12.6,4.56,7.79,4.79,7.49,5.57
2021-11-30,-8.34,-8.71,-6.07,-5.68,-1.65,0.31,-0.84,-2.0,-0.12,2.75
2021-12-31,-6.12,-2.28,5.06,4.36,1.9,7.8,2.11,4.54,3.12,7.17
2022-01-31,-13.53,-5.49,-0.74,-0.49,-5.54,-4.6,-7.27,-7.15,-7.11,-3.7
2022-02-28,0.05,1.42,0.71,0.08,-0.43,-3.43,-2.55,-7.39,-1.66,-3.63
2022-03-31,3.53,2.01,1.59,-0.69,6.61,2.67,2.51,4.14,3.89,3.63
2022-04-30,-14.46,-10.21,-8.28,-9.08,-11.37,-5.83,-13.72,-5.29,-10.05,-5.85
2022-05-31,-9.98,1.79,1.73,4.3,-0.8,3.49,2.42,-1.56,-1.36,-1.39
2022-06-30,-9.74,-10.12,-11.17,-12.28,-9.39,-7.95,-9.39,-6.17,-7.09,-6.64
2022-07-31,10.56,10.12,9.25,6.9,8.13,8.73,14.64,7.09,8.1,11.84
2022-08-31,3.59,-2.8,-0.98,-2.8,-1.07,-2.68,-4.9,-5.03,-4.78,-4.04
2022-09-30,-8.2,-10.24,-9.2,-9.76,-8.36,-7.97,-7.75,-9.73,-9.64,-9.77
2022-10-31,3.5,7.54,9.22,11.97,9.75,12.28,1.42,6.92,6.85,11.64
2022-11-30,-3.07,2.22,2.62,5.04,6.26,5.4,-0.07,8.78,8.5,3.58
2022-12-31,-7.83,-8.51,-5.63,-3.93,-4.56,-4.08,-9.76,-5.81,-5.16,-6.92
2023-01-31,14.14,12.8,7.11,5.38,4.17,4.68,11.81,7.2,5.15,6.29
2023-02-28,-0.9,-2.47,-2.37,-2.97,-3.6,-3.19,-2.04,-1.98,-1.97,-1.44
2023-03-31,-1.97,2.53,0.15,0.25,-5.97,-1.88,1.22,7.04,6.0,5.98
2023-04-30,-4.02,-2.45,-1.16,1.22,-0.13,1.84,-0.93,2.29,1.96,1.67
2023-05-31,9.72,2.44,-3.51,-3.33,-2.63,-6.06,2.43,6.09,0.64,0.64
2023-06-30,6.85,4.4,6.12,6.88,6.05,5.87,9.1,6.43,5.63,8.35
2023-07-31,6.64,5.76,3.11,2.61,5.67,3.79,6.1,3.79,1.15,2.85
2023-08-31,-7.6,-2.5,-3.05,-3.82,-3.84,-1.7,-2.33,-0.25,-1.06,-0.98
2023-09-30,-5.66,-4.98,-4.04,-5.05,-4.73,-5.49,-1.85,-4.95,-4.23,-6.16
2023-10-31,-8.29,-4.33,-1.42,-4.52,-4.49,-0.7,-3.24,-4.93,0.63,-1.63
2023-11-30,16.31,12.32,10.81,8.31,9.68,9.72,7.4,7.95,8.85,9.54
2023-12-31,14.15,4.19,6.95,6.95,8.08,6.1,6.1,3.34,3.43,4.53
2024-01-31,-3.03,2.88,0.98,-0.63,-0.55,1.75,1.21,2.35,3.07,0.15
2024-02-29,8.75,7.77,4.69,2.76,4.08,7.94,5.32,8.06,4.57,3.29
2024-03-31,-0.91,1.5,4.08,4.34,4.3,4.2,4.76,4.3,3.4,0.61
2024-04-30,-8.95,-6.26,-4.56,-4.43,-3.23,-4.11,-2.0,-3.22,-5.68,-3.22
2024-05-31,0.07,1.3,2.76,4.75,3.09,2.62,4.71,9.26,3.61,6.59
2024-06-30,3.33,0.94,-1.16,-1.54,0.46,2.79,3.22,5.34,2.46,6.22
2024-07-31,0.76,-0.02,5.36,6.3,8.19,6.33,-1.18,-0.82,-1.29,2.97
2024-08-31,-1.6,-1.03,2.36,2.24,-0.04,2.94,1.22,2.44,1.53,4.03
2024-09-30,1.26,4.7,1.67,1.69,5.44,0.09,1.25,3.12,1.26,2.44
2024-10-31,1.08,0.43,-1.35,-0.88,-1.86,0.08,3.1,0.52,-3.56,-2.46
2024-11-30,14.63,13.12,7.23,6.59,13.67,7.74,7.78,5.05,4.99,4.16
2024-12-31,-7.92,-5.45,-5.71,-5.27,-0.22,-7.79,-2.83,-1.0,-4.27,1.15
2025-01-31,8.81,5.64,4.97,4.83,3.84,5.32,0.64,7.56,1.85,0.38
2025-02-28,-6.14,-5.75,-3.39,-2.1,-10.2,2.41,-1.33,-5.52,-0.71,0.58
2025-03-31,-13.52,-6.62,-5.25,-5.9,-6.19,-1.29,-7.31,-7.56,-3.87,-7.26
2025-04-30,5.64,2.76,-1.68,-0.49,-0.72,-1.35,-1.26,-0.96,-0.86,-0.34
2025-05-31,8.02,6.88,5.56,6.45,10.35,0.27,11.48,6.21,8.31,2.07
2025-06-30,8.64,10.4,5.59,4.67,0.22,1.59,9.6,4.75,4.5,4.39
2025-07-31,5.09,3.87,-0.31,-0.08,-1.24,2.03,1.13,3.48,2.21,3.82
2025-08-31,4.03,0.21,2.39,3.77,3.92,2.42,2.25,3.1,-0.85,2.82
2025-09-30,3.83,6.6,-0.16,9.47,0.38,1.43,0.59,4.69,0.8,6.05
2025-10-31,6.37,9.31,0.15,2.56,-2.29,0.82,-1.74,6.43,-2.22,3.81
2025-11-30,-3.85,-5.5,-0.33,-0.37,3.08,-0.02,2.26,4.55,-0.38,-2.58
2025-12-31,-0.84,0.06,3.84,2.66,-1.74,1.81,0.48,-2.0,-0.67,0.85
2026-01-31,-1.81,0.19,-1.2,2.79,-1.38,5.06,4.72,3.42,0.23,-0.37
2026-02-28,-3.29,-3.7,-1.48,-1.98,1.15,1.88,3.51,-3.14,-0.76,0.01
2026-03-31,-2.9,-1.21,-4.28,-6.39,-4.7,-0.08,-6.64,-4.97,-6.17,-4.97
2026-04-30,14.57,27.42,4.62,7.78,1.29,3.06,10.01,20.09,5.8,7.74
2026-05-31,14.22,17.18,1.58,11.2,1.79,0.61,0.03,1.18,4.92,7.19
2026-06-30,3.56,6.53,2.65,3.74,2.02,3.47,1.72,-4.93,-3.24,-1.76
2026-07-31,-4.81,-17.73,-8.82,3.18,3.99,3.18,-2.14,1.22,3.86,-0.22
