"","date","mkt_excess","smb","hml","rf"
"1",1960-01-01,-0.0698,0.0212,0.0265,0.0033
"2",1960-02-01,0.0116,0.006,-0.0197,0.0029
"3",1960-03-01,-0.0163,-0.0055,-0.0275,0.0035
"4",1960-04-01,-0.0171,0.0022,-0.0214,0.0019
"5",1960-05-01,0.0312,0.0129,-0.0373,0.0027
"6",1960-06-01,0.0208,-0.0028,-0.0027,0.0024
"7",1960-07-01,-0.0237,-0.0052,0.0208,0.0013
"8",1960-08-01,0.03,0.007,-0.0022,0.0017
"9",1960-09-01,-0.06,-0.0113,0.0166,0.0016
"10",1960-10-01,-0.0071,-0.0403,0.0275,0.0022
"11",1960-11-01,0.0469,0.0036,-0.0237,0.0013
"12",1960-12-01,0.0473,-0.0159,-0.0076,0.0016
"13",1961-01-01,0.062,0.0063,0.0362,0.0019
"14",1961-02-01,0.0357,0.0388,-0.0059,0.0014
"15",1961-03-01,0.0289,0.0323,-0.0083,0.002
"16",1961-04-01,0.0029,9e-04,0.0209,0.0017
"17",1961-05-01,0.024,0.0196,0.0044,0.0018
"18",1961-06-01,-0.0308,-0.025,-0.0012,0.002
"19",1961-07-01,0.0283,-0.0193,-8e-04,0.0018
"20",1961-08-01,0.0257,-0.0171,-0.0029,0.0014
"21",1961-09-01,-0.0215,-0.0107,-0.0061,0.0017
"22",1961-10-01,0.0258,-0.0165,0.0014,0.0019
"23",1961-11-01,0.0445,0.0126,-0.012,0.0015
"24",1961-12-01,-0.0017,-0.0086,0.018,0.0019
"25",1962-01-01,-0.0387,0.0177,0.0511,0.0024
"26",1962-02-01,0.0181,-0.0117,0.0086,0.002
"27",1962-03-01,-0.0068,0.0066,-0.0159,0.002
"28",1962-04-01,-0.0659,-0.008,0.0016,0.0022
"29",1962-05-01,-0.0866,-0.0313,0.0276,0.0024
"30",1962-06-01,-0.085,-0.0044,0.0242,0.002
"31",1962-07-01,0.0627,0.0152,-0.0337,0.0027
"32",1962-08-01,0.0213,0.0122,-0.0112,0.0023
"33",1962-09-01,-0.0522,-0.024,0.0133,0.0021
"34",1962-10-01,-5e-04,-0.0395,0.013,0.0026
"35",1962-11-01,0.1089,0.025,0.0085,0.002
"36",1962-12-01,0.0101,-0.0376,0.0032,0.0023
"37",1963-01-01,0.0494,0.0301,0.0224,0.0025
"38",1963-02-01,-0.024,0.0046,0.0215,0.0023
"39",1963-03-01,0.0308,-0.0258,0.021,0.0023
"40",1963-04-01,0.0451,-0.0126,0.01,0.0025
"41",1963-05-01,0.0176,0.0108,0.0255,0.0024
"42",1963-06-01,-0.02,-0.0032,0.0065,0.0023
"43",1963-07-01,-0.0039,-0.0057,-0.0084,0.0027
"44",1963-08-01,0.0508,-0.0095,0.0172,0.0025
"45",1963-09-01,-0.0157,-0.0025,-2e-04,0.0027
"46",1963-10-01,0.0254,-0.0057,-3e-04,0.0029
"47",1963-11-01,-0.0086,-0.0116,0.0178,0.0027
"48",1963-12-01,0.0183,-0.0196,-0.0021,0.0029
"49",1964-01-01,0.0224,-0.0024,0.0158,0.003
"50",1964-02-01,0.0155,0.0011,0.0277,0.0026
"51",1964-03-01,0.0141,0.0095,0.033,0.0031
"52",1964-04-01,0.001,-0.0135,-0.0056,0.0029
"53",1964-05-01,0.0141,-0.0084,0.0182,0.0026
"54",1964-06-01,0.0127,-0.0023,0.0069,0.003
"55",1964-07-01,0.0174,0.002,0.0079,0.003
"56",1964-08-01,-0.0144,3e-04,7e-04,0.0028
"57",1964-09-01,0.0269,-0.0062,0.0172,0.0028
"58",1964-10-01,0.006,0.005,0.0108,0.0029
"59",1964-11-01,-1e-04,0.0068,-0.0204,0.0029
"60",1964-12-01,4e-04,-0.0027,-0.0243,0.0031
"61",1965-01-01,0.0354,0.0253,0.0036,0.0028
"62",1965-02-01,0.0044,0.0332,0.0022,0.003
"63",1965-03-01,-0.0134,0.0181,0.0115,0.0036
"64",1965-04-01,0.0311,0.0111,0.0073,0.0031
"65",1965-05-01,-0.0078,5e-04,-0.0155,0.0031
"66",1965-06-01,-0.0551,-0.0407,0.0023,0.0035
"67",1965-07-01,0.0144,0.0086,0.0219,0.0031
"68",1965-08-01,0.0273,0.0285,-0.0098,0.0033
"69",1965-09-01,0.0286,0.0063,-0.0014,0.0031
"70",1965-10-01,0.026,0.0252,0.0155,0.0031
"71",1965-11-01,-3e-04,0.0469,0.0016,0.0035
"72",1965-12-01,0.0101,0.0207,0.0215,0.0033
"73",1966-01-01,0.0072,0.0402,0.0327,0.0038
"74",1966-02-01,-0.0121,0.0444,0.0038,0.0035
"75",1966-03-01,-0.0251,0.0086,-0.0213,0.0038
"76",1966-04-01,0.0213,0.0344,-0.0036,0.0034
"77",1966-05-01,-0.0567,-0.046,-0.016,0.0041
"78",1966-06-01,-0.0144,0.0102,0.0049,0.0038
"79",1966-07-01,-0.0163,-0.0034,0.0091,0.0035
"80",1966-08-01,-0.0794,-0.0327,0.0051,0.0041
"81",1966-09-01,-0.0106,-0.0099,0.0047,0.004
"82",1966-10-01,0.0386,-0.0656,0.0268,0.0045
"83",1966-11-01,0.0138,0.0416,-0.0474,0.004
"84",1966-12-01,0.0013,0.0199,-0.0107,0.004
"85",1967-01-01,0.0815,0.0823,0.0222,0.0043
"86",1967-02-01,0.0077,0.0333,-0.0225,0.0036
"87",1967-03-01,0.0399,0.0154,0.0041,0.0039
"88",1967-04-01,0.0389,0.0043,-0.0227,0.0032
"89",1967-05-01,-0.0432,0.0209,0.0084,0.0033
"90",1967-06-01,0.0242,0.0588,0.0078,0.0027
"91",1967-07-01,0.0458,0.0319,0.0278,0.0032
"92",1967-08-01,-0.009,0.0043,0.0143,0.0031
"93",1967-09-01,0.031,0.0302,-0.0242,0.0032
"94",1967-10-01,-0.0308,0.0147,-0.0329,0.0039
"95",1967-11-01,0.0037,0.0017,-0.017,0.0036
"96",1967-12-01,0.0305,0.0565,-0.0059,0.0033
"97",1968-01-01,-0.0403,0.0399,0.0485,0.004
"98",1968-02-01,-0.0374,-0.0295,0.0125,0.0039
"99",1968-03-01,0.0021,-0.0128,-0.0066,0.0038
"100",1968-04-01,0.0902,0.0567,-0.0111,0.0043
"101",1968-05-01,0.0228,0.0631,0.0079,0.0045
"102",1968-06-01,0.007,-0.0018,0.0065,0.0043
"103",1968-07-01,-0.0269,-0.0127,0.0533,0.0048
"104",1968-08-01,0.0135,0.0239,0.0098,0.0042
"105",1968-09-01,0.0405,0.0274,0.003,0.0043
"106",1968-10-01,0.0043,-0.0052,0.0282,0.0044
"107",1968-11-01,0.0543,0.0233,-0.0095,0.0042
"108",1968-12-01,-0.0393,0.0338,4e-04,0.0043
"109",1969-01-01,-0.0125,-0.0062,0.0167,0.0053
"110",1969-02-01,-0.0586,-0.0396,0.0088,0.0046
"111",1969-03-01,0.0266,-0.0026,-0.0043,0.0046
"112",1969-04-01,0.0146,-0.0082,3e-04,0.0053
"113",1969-05-01,-9e-04,-0.0031,0.0062,0.0048
"114",1969-06-01,-0.0719,-0.0535,-0.0109,0.0051
"115",1969-07-01,-0.07,-0.0324,0.0118,0.0053
"116",1969-08-01,0.0469,0.0081,-0.0375,0.005
"117",1969-09-01,-0.0297,0.0123,-0.0322,0.0062
"118",1969-10-01,0.0506,0.0392,-0.0312,0.006
"119",1969-11-01,-0.038,-0.0255,-0.0125,0.0052
"120",1969-12-01,-0.0263,-0.0368,-0.0288,0.0064
"121",1970-01-01,-0.081,0.0291,0.0317,0.006
"122",1970-02-01,0.0514,-0.0239,0.0369,0.0062
"123",1970-03-01,-0.0106,-0.0231,0.0408,0.0057
"124",1970-04-01,-0.1099,-0.0614,0.0614,0.005
"125",1970-05-01,-0.069,-0.0461,0.0332,0.0053
"126",1970-06-01,-0.058,-0.0208,0.0044,0.0058
"127",1970-07-01,0.0692,-0.0054,0.0088,0.0052
"128",1970-08-01,0.045,0.0148,0.0139,0.0053
"129",1970-09-01,0.0418,0.0863,-0.0544,0.0054
"130",1970-10-01,-0.0227,-0.0417,0.0023,0.0046
"131",1970-11-01,0.0462,-0.0397,0.0156,0.0046
"132",1970-12-01,0.0574,0.0282,0.0107,0.0042
"133",1971-01-01,0.0483,0.0727,0.0157,0.0038
"134",1971-02-01,0.0141,0.0186,-0.0125,0.0033
"135",1971-03-01,0.0412,0.026,-0.04,0.003
"136",1971-04-01,0.0315,-0.0049,0.0089,0.0028
"137",1971-05-01,-0.0399,-0.0103,-0.0133,0.0029
"138",1971-06-01,-9e-04,-0.0153,-0.0198,0.0037
"139",1971-07-01,-0.0449,-0.0151,-2e-04,0.004
"140",1971-08-01,0.0379,-0.0022,0.0264,0.0047
"141",1971-09-01,-0.0086,0.005,-0.029,0.0037
"142",1971-10-01,-0.0442,-0.0175,-0.0051,0.0037
"143",1971-11-01,-0.0046,-0.0277,-0.0167,0.0037
"144",1971-12-01,0.0871,0.0329,-0.0038,0.0037
"145",1972-01-01,0.0247,0.0584,0.0212,0.0029
"146",1972-02-01,0.0287,0.0132,-0.0283,0.0025
"147",1972-03-01,0.0062,-0.0029,-0.0161,0.0027
"148",1972-04-01,0.0029,0.0016,3e-04,0.0029
"149",1972-05-01,0.0129,-0.0271,-0.0272,0.003
"150",1972-06-01,-0.0243,0.0028,-0.0246,0.0029
"151",1972-07-01,-0.008,-0.029,0.006,0.0031
"152",1972-08-01,0.0327,-0.0399,0.0456,0.0029
"153",1972-09-01,-0.0114,-0.0266,0.0049,0.0034
"154",1972-10-01,0.0052,-0.0273,0.0122,0.004
"155",1972-11-01,0.046,-0.0118,0.0488,0.0037
"156",1972-12-01,0.0062,-0.0195,-0.0218,0.0037
"157",1973-01-01,-0.0327,-0.0349,0.027,0.0044
"158",1973-02-01,-0.0485,-0.0389,0.0164,0.0042
"159",1973-03-01,-0.013,-0.0278,0.0257,0.0046
"160",1973-04-01,-0.0568,-0.0384,0.0539,0.0052
"161",1973-05-01,-0.0297,-0.0627,0.0038,0.0051
"162",1973-06-01,-0.0157,-0.0284,0.0114,0.0051
"163",1973-07-01,0.0504,0.0792,-0.0526,0.0064
"164",1973-08-01,-0.0382,-0.02,0.0103,0.007
"165",1973-09-01,0.0474,0.0293,0.0222,0.0068
"166",1973-10-01,-0.0083,-0.0021,0.0166,0.0065
"167",1973-11-01,-0.1278,-0.0772,0.0409,0.0056
"168",1973-12-01,0.0059,-0.054,0.0401,0.0064
"169",1974-01-01,-0.0016,0.0968,0.0595,0.0063
"170",1974-02-01,-0.0046,0,0.0247,0.0058
"171",1974-03-01,-0.0282,0.025,-0.0014,0.0056
"172",1974-04-01,-0.0528,-0.0068,0.0092,0.0075
"173",1974-05-01,-0.047,-0.0293,-0.0208,0.0075
"174",1974-06-01,-0.0284,-0.0024,0.0083,0.006
"175",1974-07-01,-0.0806,0.0078,0.0516,0.007
"176",1974-08-01,-0.0939,-0.0069,0.0261,0.006
"177",1974-09-01,-0.1179,0.0027,0.0543,0.0081
"178",1974-10-01,0.1611,-0.0343,-0.0991,0.0051
"179",1974-11-01,-0.0453,-0.0117,-0.0025,0.0054
"180",1974-12-01,-0.0344,-0.0474,0.0012,0.007
"181",1975-01-01,0.1367,0.1106,0.0826,0.0058
"182",1975-02-01,0.0556,0.0012,-0.0447,0.0043
"183",1975-03-01,0.0266,0.0375,0.0242,0.0041
"184",1975-04-01,0.0422,-0.0064,-0.0113,0.0044
"185",1975-05-01,0.052,0.0393,-0.0405,0.0044
"186",1975-06-01,0.0487,0.0081,0.0135,0.0041
"187",1975-07-01,-0.066,0.0266,0.0176,0.0048
"188",1975-08-01,-0.0284,-0.0317,-0.0091,0.0048
"189",1975-09-01,-0.0426,-0.0016,0.0033,0.0053
"190",1975-10-01,0.0532,-0.0408,0.0035,0.0056
"191",1975-11-01,0.0265,-0.0122,0.0203,0.0041
"192",1975-12-01,-0.016,-0.0087,0.017,0.0048
"193",1976-01-01,0.1215,0.0487,0.0863,0.0047
"194",1976-02-01,0.0031,0.0697,0.0571,0.0034
"195",1976-03-01,0.0232,-0.0117,-0.0011,0.004
"196",1976-04-01,-0.0149,-8e-04,-0.0016,0.0042
"197",1976-05-01,-0.0134,-0.0119,-0.0129,0.0037
"198",1976-06-01,0.0406,-0.0132,0.0073,0.0043
"199",1976-07-01,-0.0106,0.0028,0.0174,0.0047
"200",1976-08-01,-0.0057,-0.0205,0.0079,0.0042
"201",1976-09-01,0.0206,8e-04,-0.0031,0.0044
"202",1976-10-01,-0.0242,0.0014,-0.0017,0.0041
"203",1976-11-01,0.0036,0.0234,0.0153,0.004
"204",1976-12-01,0.0565,0.0303,0.0223,0.004
"205",1977-01-01,-0.0403,0.0475,0.0432,0.0036
"206",1977-02-01,-0.0194,0.0103,0.0045,0.0035
"207",1977-03-01,-0.0135,0.0099,0.0109,0.0038
"208",1977-04-01,0.0015,-0.0013,0.0338,0.0038
"209",1977-05-01,-0.0147,0.0125,0.0081,0.0037
"210",1977-06-01,0.0472,0.0207,-0.0062,0.004
"211",1977-07-01,-0.0169,0.0209,-0.006,0.0042
"212",1977-08-01,-0.0176,0.0155,-0.0277,0.0044
"213",1977-09-01,-0.0027,0.015,-0.0026,0.0043
"214",1977-10-01,-0.0439,0.0119,0.0162,0.0049
"215",1977-11-01,0.04,0.0368,0.0023,0.005
"216",1977-12-01,0.0027,0.0136,-0.0029,0.0049
"217",1978-01-01,-0.06,0.0228,0.0338,0.0049
"218",1978-02-01,-0.0139,0.0359,0.0081,0.0046
"219",1978-03-01,0.0285,0.0344,0.0115,0.0053
"220",1978-04-01,0.0787,0.0036,-0.0354,0.0054
"221",1978-05-01,0.0176,0.0453,-0.0055,0.0051
"222",1978-06-01,-0.0169,0.0174,0.006,0.0054
"223",1978-07-01,0.0512,0.0029,-0.01,0.0056
"224",1978-08-01,0.0378,0.0506,-0.0066,0.0056
"225",1978-09-01,-0.0144,-0.0049,0.0188,0.0062
"226",1978-10-01,-0.119,-0.0989,0.0126,0.0068
"227",1978-11-01,0.0271,0.0306,-0.0208,0.007
"228",1978-12-01,0.0087,0.0119,-0.0214,0.0078
"229",1979-01-01,0.0422,0.0355,0.0219,0.0077
"230",1979-02-01,-0.0356,0.0044,0.0117,0.0073
"231",1979-03-01,0.0567,0.032,-0.0068,0.0081
"232",1979-04-01,-7e-04,0.0217,0.0112,0.008
"233",1979-05-01,-0.022,0.0021,0.0132,0.0082
"234",1979-06-01,0.0384,0.0113,0.0142,0.0081
"235",1979-07-01,0.0083,0.0129,0.0178,0.0077
"236",1979-08-01,0.0554,0.0198,-0.0158,0.0077
"237",1979-09-01,-0.0083,-0.0026,-0.0094,0.0083
"238",1979-10-01,-0.081,-0.0338,-0.0183,0.0087
"239",1979-11-01,0.0522,0.0281,-0.0321,0.0099
"240",1979-12-01,0.0178,0.0413,-0.0213,0.0095
"241",1980-01-01,0.055,0.0162,0.0185,0.008
"242",1980-02-01,-0.0123,-0.0186,0.0059,0.0089
"243",1980-03-01,-0.129,-0.067,-0.0096,0.0121
"244",1980-04-01,0.0395,0.0105,0.0103,0.0126
"245",1980-05-01,0.0526,0.0205,0.0038,0.0081
"246",1980-06-01,0.0298,0.0166,-0.008,0.0061
"247",1980-07-01,0.0651,0.041,-0.0629,0.0053
"248",1980-08-01,0.0175,0.039,-0.0246,0.0064
"249",1980-09-01,0.0219,0.0096,-0.0461,0.0075
"250",1980-10-01,0.0104,0.0239,-0.0293,0.0095
"251",1980-11-01,0.096,-0.0327,-0.0811,0.0096
"252",1980-12-01,-0.0446,-0.0028,0.028,0.0131
"253",1981-01-01,-0.0506,0.0291,0.0674,0.0104
"254",1981-02-01,0.0061,-0.0047,0.0097,0.0107
"255",1981-03-01,0.0367,0.0334,0.0061,0.0121
"256",1981-04-01,-0.0216,0.045,0.0228,0.0108
"257",1981-05-01,0.0013,0.0194,-0.0043,0.0115
"258",1981-06-01,-0.0234,-0.0083,0.0514,0.0135
"259",1981-07-01,-0.0155,-0.0207,-0.0061,0.0124
"260",1981-08-01,-0.0702,-0.0195,0.0471,0.0128
"261",1981-09-01,-0.0719,-0.0268,0.0511,0.0124
"262",1981-10-01,0.0492,0.0213,-0.0409,0.0121
"263",1981-11-01,0.034,-0.0109,0.0191,0.0107
"264",1981-12-01,-0.0363,0.0118,0.0079,0.0087
"265",1982-01-01,-0.0323,-0.0125,0.0319,0.008
"266",1982-02-01,-0.0586,0.0046,0.0609,0.0092
"267",1982-03-01,-0.0182,-0.0019,0.0376,0.0098
"268",1982-04-01,0.0324,0.0164,-0.0308,0.0113
"269",1982-05-01,-0.0393,0.0017,0.0178,0.0106
"270",1982-06-01,-0.0308,-0.0043,0.0156,0.0096
"271",1982-07-01,-0.032,0.0091,7e-04,0.0105
"272",1982-08-01,0.1123,-0.0428,0.0109,0.0076
"273",1982-09-01,0.0131,0.0287,0.0023,0.0051
"274",1982-10-01,0.113,0.0238,-0.0362,0.0059
"275",1982-11-01,0.0468,0.0463,-0.018,0.0063
"276",1982-12-01,0.0056,-0.0031,-6e-04,0.0067
"277",1983-01-01,0.0359,0.0282,-0.0072,0.0069
"278",1983-02-01,0.0259,0.0318,0.0066,0.0062
"279",1983-03-01,0.0281,0.0175,0.0206,0.0063
"280",1983-04-01,0.0666,0.0046,0.0043,0.0071
"281",1983-05-01,0.0051,0.062,-0.014,0.0069
"282",1983-06-01,0.0307,0.0093,-0.0389,0.0067
"283",1983-07-01,-0.0406,0.015,0.0555,0.0074
"284",1983-08-01,-0.005,-0.0429,0.0559,0.0076
"285",1983-09-01,0.0092,0.0061,0.0099,0.0076
"286",1983-10-01,-0.0343,-0.0355,0.0496,0.0076
"287",1983-11-01,0.0217,0.0202,-0.0073,0.007
"288",1983-12-01,-0.0177,-0.0025,0.0175,0.0073
"289",1984-01-01,-0.0192,-0.0035,0.0748,0.0076
"290",1984-02-01,-0.0477,-0.0168,0.0341,0.0071
"291",1984-03-01,0.0065,0.001,0.0053,0.0073
"292",1984-04-01,-0.0051,-0.0116,0.0119,0.0081
"293",1984-05-01,-0.0598,7e-04,0.0026,0.0078
"294",1984-06-01,0.0181,-0.0024,-0.0275,0.0075
"295",1984-07-01,-0.0272,-0.0221,0.0031,0.0082
"296",1984-08-01,0.1027,-0.0028,-0.018,0.0083
"297",1984-09-01,-0.008,0.0012,0.052,0.0086
"298",1984-10-01,-0.0084,-0.0112,0.0062,0.01
"299",1984-11-01,-0.0177,-0.0072,0.0386,0.0073
"300",1984-12-01,0.0184,-0.0067,-0.0033,0.0064
"301",1985-01-01,0.0797,0.0331,-0.0514,0.0065
"302",1985-02-01,0.0122,0.0068,-0.0028,0.0058
"303",1985-03-01,-0.0083,-0.0112,0.0395,0.0062
"304",1985-04-01,-0.0096,0.0013,0.0361,0.0072
"305",1985-05-01,0.0507,-0.023,-0.0097,0.0066
"306",1985-06-01,0.0127,0.0045,0.0033,0.0055
"307",1985-07-01,-0.0072,0.0283,-0.0162,0.0062
"308",1985-08-01,-0.0101,-0.003,0.0234,0.0055
"309",1985-09-01,-0.0451,-0.0162,0.0121,0.006
"310",1985-10-01,0.04,-0.015,0.0077,0.0065
"311",1985-11-01,0.0646,0.0019,-0.0291,0.0061
"312",1985-12-01,0.0388,-0.0053,-0.0146,0.0065
"313",1986-01-01,0.0065,0.0115,0.0046,0.0056
"314",1986-02-01,0.0714,-0.0057,-0.0063,0.0053
"315",1986-03-01,0.0491,-0.0054,-0.0039,0.006
"316",1986-04-01,-0.0128,0.0276,-0.0281,0.0052
"317",1986-05-01,0.0462,-0.0136,-0.0014,0.0049
"318",1986-06-01,0.0106,-0.0093,0.012,0.0052
"319",1986-07-01,-0.0643,-0.0343,0.0466,0.0052
"320",1986-08-01,0.0607,-0.0416,0.0354,0.0046
"321",1986-09-01,-0.0859,0.024,0.0323,0.0045
"322",1986-10-01,0.0464,-0.0253,-0.0142,0.0046
"323",1986-11-01,0.0117,-0.0187,-2e-04,0.0039
"324",1986-12-01,-0.0326,0.0019,0.0036,0.0049
"325",1987-01-01,0.1245,-0.0189,-0.0318,0.0042
"326",1987-02-01,0.0438,0.0345,-0.0586,0.0043
"327",1987-03-01,0.0163,0.005,0.0166,0.0047
"328",1987-04-01,-0.0209,-0.0172,-0.0036,0.0044
"329",1987-05-01,0.0011,-0.0053,0.0022,0.0038
"330",1987-06-01,0.0391,-0.0203,0.0113,0.0048
"331",1987-07-01,0.0384,-0.0057,0.0094,0.0046
"332",1987-08-01,0.0352,-0.0085,-0.0098,0.0047
"333",1987-09-01,-0.0258,0.0058,0.0026,0.0045
"334",1987-10-01,-0.2319,-0.0827,0.0418,0.006
"335",1987-11-01,-0.0776,0.0268,0.0314,0.0035
"336",1987-12-01,0.0682,3e-04,-0.0442,0.0039
"337",1988-01-01,0.0421,-0.0075,0.0493,0.0029
"338",1988-02-01,0.0477,0.0333,-0.0153,0.0046
"339",1988-03-01,-0.0226,0.0601,0.0086,0.0044
"340",1988-04-01,0.0057,0.0091,0.0151,0.0046
"341",1988-05-01,-0.0027,-0.0254,0.0244,0.0051
"342",1988-06-01,0.0478,0.0202,-0.0135,0.0049
"343",1988-07-01,-0.0125,-0.0024,0.0218,0.0051
"344",1988-08-01,-0.0331,8e-04,0.0216,0.0059
"345",1988-09-01,0.0331,-0.0137,-0.0079,0.0062
"346",1988-10-01,0.0116,-0.0294,0.02,0.0061
"347",1988-11-01,-0.0227,-0.0166,0.0144,0.0057
"348",1988-12-01,0.0148,0.0191,-0.0183,0.0063
"349",1989-01-01,0.0607,-0.022,0.0059,0.0055
"350",1989-02-01,-0.0223,0.0283,0.0101,0.0061
"351",1989-03-01,0.0157,0.007,0.0052,0.0067
"352",1989-04-01,0.0435,-0.0065,-0.0144,0.0067
"353",1989-05-01,0.0328,-8e-04,-0.009,0.0079
"354",1989-06-01,-0.0133,-0.0095,0.0223,0.0071
"355",1989-07-01,0.0718,-0.0411,-0.028,0.007
"356",1989-08-01,0.0143,0.0057,0.0062,0.0074
"357",1989-09-01,-0.0076,0.003,-0.0127,0.0065
"358",1989-10-01,-0.0365,-0.0324,-0.0116,0.0068
"359",1989-11-01,0.0104,-0.0119,-0.0113,0.0069
"360",1989-12-01,0.0118,-0.0237,0.0015,0.0061
"361",1990-01-01,-0.078,-0.0114,0.0083,0.0057
"362",1990-02-01,0.0112,0.0097,0.0065,0.0057
"363",1990-03-01,0.0183,0.0147,-0.029,0.0064
"364",1990-04-01,-0.0336,-0.0047,-0.0257,0.0069
"365",1990-05-01,0.0843,-0.0256,-0.0389,0.0068
"366",1990-06-01,-0.0109,0.0135,-0.02,0.0063
"367",1990-07-01,-0.019,-0.0309,-6e-04,0.0068
"368",1990-08-01,-0.1012,-0.035,0.0156,0.0066
"369",1990-09-01,-0.0611,-0.0364,0.0059,0.006
"370",1990-10-01,-0.0192,-0.0552,8e-04,0.0068
"371",1990-11-01,0.0635,0.0042,-0.0297,0.0057
"372",1990-12-01,0.0246,0.0079,-0.0157,0.006
"373",1991-01-01,0.0469,0.0378,-0.0148,0.0052
"374",1991-02-01,0.0719,0.0401,-0.0062,0.0048
"375",1991-03-01,0.0266,0.0388,-0.013,0.0044
"376",1991-04-01,-0.0028,0.005,0.0149,0.0053
"377",1991-05-01,0.0366,-0.0039,-0.0052,0.0047
"378",1991-06-01,-0.0494,0.0018,0.0108,0.0042
"379",1991-07-01,0.0424,-0.0096,-0.013,0.0049
"380",1991-08-01,0.0232,0.0158,-0.0079,0.0046
"381",1991-09-01,-0.0159,0.0168,-0.0123,0.0046
"382",1991-10-01,0.0129,0.0077,-0.0043,0.0042
"383",1991-11-01,-0.042,-0.0051,-0.0177,0.0039
"384",1991-12-01,0.1085,-0.0226,-0.0423,0.0038
"385",1992-01-01,-0.0059,0.0848,0.0467,0.0034
"386",1992-02-01,0.0108,0.0083,0.0651,0.0028
"387",1992-03-01,-0.0265,-0.0097,0.0349,0.0034
"388",1992-04-01,0.0109,-0.0612,0.0436,0.0032
"389",1992-05-01,0.003,0.0041,0.0111,0.0028
"390",1992-06-01,-0.0233,-0.031,0.0324,0.0032
"391",1992-07-01,0.0378,-0.0045,-0.0051,0.0031
"392",1992-08-01,-0.0238,-0.001,-0.0109,0.0026
"393",1992-09-01,0.0119,0.0055,-0.0019,0.0026
"394",1992-10-01,0.0102,0.0211,-0.0198,0.0023
"395",1992-11-01,0.0414,0.0368,-0.0152,0.0023
"396",1992-12-01,0.0153,0.0165,0.0264,0.0028
"397",1993-01-01,0.0093,0.0189,0.059,0.0023
"398",1993-02-01,0.0012,-0.0339,0.0648,0.0022
"399",1993-03-01,0.0232,0.0029,0.0126,0.0025
"400",1993-04-01,-0.0305,-0.0062,0.0255,0.0024
"401",1993-05-01,0.0289,0.0206,-0.0346,0.0022
"402",1993-06-01,0.003,-0.003,0.0264,0.0025
"403",1993-07-01,-0.0034,0.0096,0.0287,0.0024
"404",1993-08-01,0.0372,0.0012,0.0018,0.0025
"405",1993-09-01,-0.0012,0.0307,-0.0024,0.0026
"406",1993-10-01,0.0142,0.0199,-0.0278,0.0022
"407",1993-11-01,-0.0187,-0.0126,-0.0078,0.0025
"408",1993-12-01,0.0165,0.0118,0.0025,0.0023
"409",1994-01-01,0.0287,0.0034,0.011,0.0025
"410",1994-02-01,-0.0255,0.0276,-0.0152,0.0021
"411",1994-03-01,-0.0479,-0.0108,0.0167,0.0027
"412",1994-04-01,0.0068,-0.0093,0.0166,0.0027
"413",1994-05-01,0.0058,-0.0208,0.006,0.0032
"414",1994-06-01,-0.0304,-0.0042,0.0177,0.0031
"415",1994-07-01,0.0282,-0.0177,0.0059,0.0028
"416",1994-08-01,0.0402,0.0153,-0.026,0.0037
"417",1994-09-01,-0.0228,0.0303,-0.0179,0.0037
"418",1994-10-01,0.0135,-0.0216,-0.0167,0.0038
"419",1994-11-01,-0.0403,0.0033,-0.0074,0.0037
"420",1994-12-01,0.0086,0.0015,-0.001,0.0044
"421",1995-01-01,0.018,-0.0349,0.0258,0.0042
"422",1995-02-01,0.0363,-0.0057,0.0098,0.004
"423",1995-03-01,0.0219,-0.0018,-0.0216,0.0046
"424",1995-04-01,0.0211,-0.0052,0.0167,0.0044
"425",1995-05-01,0.029,-0.0253,0.0228,0.0054
"426",1995-06-01,0.0272,0.0314,-0.0252,0.0047
"427",1995-07-01,0.0371,0.0211,-0.0157,0.0045
"428",1995-08-01,0.0055,0.0131,0.0268,0.0047
"429",1995-09-01,0.0336,-0.0217,-0.0011,0.0043
"430",1995-10-01,-0.0151,-0.0381,-0.0048,0.0047
"431",1995-11-01,0.0396,-0.0112,0.0052,0.0042
"432",1995-12-01,0.0104,0.0066,0.0024,0.0049
"433",1996-01-01,0.0226,-0.0282,0.0045,0.0043
"434",1996-02-01,0.0133,0.0178,-0.0105,0.0039
"435",1996-03-01,0.0074,0.0144,0.0042,0.0039
"436",1996-04-01,0.0206,0.052,-0.0396,0.0046
"437",1996-05-01,0.0236,0.0321,-0.0091,0.0042
"438",1996-06-01,-0.0113,-0.04,0.0233,0.004
"439",1996-07-01,-0.0596,-0.0431,0.0519,0.0045
"440",1996-08-01,0.0277,0.0245,-0.008,0.0041
"441",1996-09-01,0.0501,-0.0102,-0.0275,0.0044
"442",1996-10-01,0.0087,-0.0439,0.0487,0.0042
"443",1996-11-01,0.0625,-0.0402,0.0138,0.0041
"444",1996-12-01,-0.017,0.0313,0.0127,0.0046
"445",1997-01-01,0.0496,-0.0194,-0.0143,0.0045
"446",1997-02-01,-0.0048,-0.0317,0.0562,0.0039
"447",1997-03-01,-0.0502,-0.0033,0.0337,0.0043
"448",1997-04-01,0.0404,-0.0576,3e-04,0.0043
"449",1997-05-01,0.0673,0.0513,-0.0413,0.0049
"450",1997-06-01,0.041,0.0119,0.0147,0.0037
"451",1997-07-01,0.0731,-0.0273,0.0013,0.0043
"452",1997-08-01,-0.041,0.0715,0.0113,0.0041
"453",1997-09-01,0.0534,0.0254,0.0024,0.0044
"454",1997-10-01,-0.038,-0.0071,0.0233,0.0042
"455",1997-11-01,0.0299,-0.0511,0.0122,0.0039
"456",1997-12-01,0.0133,-0.0248,0.0374,0.0048
"457",1998-01-01,0.0015,-0.0101,-0.0168,0.0043
"458",1998-02-01,0.0703,0.0013,-0.0093,0.0039
"459",1998-03-01,0.0476,-0.0119,0.0138,0.0039
"460",1998-04-01,0.0074,6e-04,0.0103,0.0043
"461",1998-05-01,-0.0307,-0.034,0.0341,0.004
"462",1998-06-01,0.0319,-0.0317,-0.0203,0.0041
"463",1998-07-01,-0.0242,-0.0482,-0.0181,0.004
"464",1998-08-01,-0.1605,-0.0546,0.0359,0.0043
"465",1998-09-01,0.0619,0,-0.0351,0.0046
"466",1998-10-01,0.0698,-0.0297,-0.0237,0.0032
"467",1998-11-01,0.0607,0.0122,-0.0317,0.0031
"468",1998-12-01,0.0615,-0.0047,-0.0425,0.0038
"469",1999-01-01,0.0348,0.0066,-0.0442,0.0035
"470",1999-02-01,-0.0408,-0.0599,0.0189,0.0035
"471",1999-03-01,0.0348,-0.0387,-0.0256,0.0043
"472",1999-04-01,0.0434,0.0388,0.0238,0.0037
"473",1999-05-01,-0.0246,0.0334,0.025,0.0034
"474",1999-06-01,0.0477,0.0321,-0.0322,0.004
"475",1999-07-01,-0.0349,0.0249,-0.0018,0.0038
"476",1999-08-01,-0.0137,-0.0094,-0.0192,0.0039
"477",1999-09-01,-0.0277,0.0313,-0.029,0.0039
"478",1999-10-01,0.0609,-0.0693,-0.0288,0.0039
"479",1999-11-01,0.0341,0.0684,-0.0565,0.0036
"480",1999-12-01,0.0766,0.0652,-0.0767,0.0044
"481",2000-01-01,-0.0474,0.0512,-0.011,0.0041
"482",2000-02-01,0.0246,0.2134,-0.0973,0.0043
"483",2000-03-01,0.0521,-0.1739,0.0848,0.0047
"484",2000-04-01,-0.0639,-0.0603,0.0645,0.0046
"485",2000-05-01,-0.0439,-0.0607,0.0458,0.005
"486",2000-06-01,0.0468,0.1269,-0.0803,0.004
"487",2000-07-01,-0.0248,-0.0282,0.081,0.0048
"488",2000-08-01,0.0703,-0.005,-0.014,0.005
"489",2000-09-01,-0.0544,-0.0172,0.0722,0.0051
"490",2000-10-01,-0.0278,-0.0383,0.0564,0.0056
"491",2000-11-01,-0.107,-0.0307,0.1225,0.0051
"492",2000-12-01,0.0118,0.0085,0.0754,0.005
"493",2001-01-01,0.0325,0.0639,-0.0506,0.0054
"494",2001-02-01,-0.1003,-0.0064,0.1222,0.0038
"495",2001-03-01,-0.0725,0.0027,0.0649,0.0042
"496",2001-04-01,0.0793,0.0047,-0.0467,0.0039
"497",2001-05-01,0.0068,0.0249,0.0339,0.0032
"498",2001-06-01,-0.0194,0.0632,-0.012,0.0028
"499",2001-07-01,-0.0213,-0.0406,0.0495,0.003
"500",2001-08-01,-0.064,0.0219,0.0286,0.0031
"501",2001-09-01,-0.0924,-0.0623,0.0152,0.0028
"502",2001-10-01,0.0248,0.0749,-0.0731,0.0022
"503",2001-11-01,0.0753,-0.0057,0.0217,0.0017
"504",2001-12-01,0.0161,0.0472,0.0083,0.0015
"505",2002-01-01,-0.0144,0.0117,0.0342,0.0014
"506",2002-02-01,-0.023,-0.0108,0.0234,0.0013
"507",2002-03-01,0.0424,0.0409,0.0108,0.0013
"508",2002-04-01,-0.0521,0.0582,0.0401,0.0015
"509",2002-05-01,-0.0136,-0.0327,0.0152,0.0014
"510",2002-06-01,-0.0723,0.0408,0.0037,0.0013
"511",2002-07-01,-0.0819,-0.0524,-0.0358,0.0015
"512",2002-08-01,0.005,-0.0279,0.0296,0.0014
"513",2002-09-01,-0.1034,0.0242,0.0127,0.0014
"514",2002-10-01,0.0784,-0.034,-0.0374,0.0014
"515",2002-11-01,0.0596,0.0325,-0.0123,0.0012
"516",2002-12-01,-0.0576,-3e-04,0.0216,0.0011
"517",2003-01-01,-0.0257,0.0134,-0.0084,0.001
"518",2003-02-01,-0.0188,-0.0041,-0.0142,9e-04
"519",2003-03-01,0.0109,0.0116,-0.0206,0.001
"520",2003-04-01,0.0818,0.0075,0.012,0.001
"521",2003-05-01,0.0605,0.0461,0.0063,9e-04
"522",2003-06-01,0.0142,0.0169,0.002,0.001
"523",2003-07-01,0.0233,0.0493,-0.0154,7e-04
"524",2003-08-01,0.0233,0.0244,0.0164,7e-04
"525",2003-09-01,-0.0124,0.0085,0.0014,8e-04
"526",2003-10-01,0.0608,0.0259,0.0221,7e-04
"527",2003-11-01,0.0135,0.0206,0.0172,7e-04
"528",2003-12-01,0.0429,-0.0268,0.0151,8e-04
"529",2004-01-01,0.0215,0.0254,0.0242,7e-04
"530",2004-02-01,0.014,-0.0157,0.0095,6e-04
"531",2004-03-01,-0.0132,0.0173,0.0023,9e-04
"532",2004-04-01,-0.0181,-0.0173,-0.0323,8e-04
"533",2004-05-01,0.0118,-0.0023,-0.0018,6e-04
"534",2004-06-01,0.0185,0.0225,0.0121,8e-04
"535",2004-07-01,-0.0404,-0.0375,0.0322,0.001
"536",2004-08-01,7e-04,-0.0151,0.0107,0.0011
"537",2004-09-01,0.016,0.0299,-5e-04,0.0011
"538",2004-10-01,0.0142,0.0014,-0.0026,0.0011
"539",2004-11-01,0.0453,0.0373,0.0157,0.0015
"540",2004-12-01,0.0342,-4e-04,-0.0022,0.0016
"541",2005-01-01,-0.0275,-0.0169,0.021,0.0016
"542",2005-02-01,0.0188,-0.0059,0.0144,0.0016
"543",2005-03-01,-0.0194,-0.0142,0.0208,0.0021
"544",2005-04-01,-0.0261,-0.0395,9e-04,0.0021
"545",2005-05-01,0.0365,0.0287,-0.0061,0.0024
"546",2005-06-01,0.0058,0.0252,0.0286,0.0023
"547",2005-07-01,0.0392,0.0287,-0.0078,0.0024
"548",2005-08-01,-0.012,-0.0107,0.0134,0.003
"549",2005-09-01,0.0048,-0.0062,0.0078,0.0029
"550",2005-10-01,-0.0204,-0.013,0.0043,0.0027
"551",2005-11-01,0.0361,0.0105,-0.0119,0.0031
"552",2005-12-01,-0.0024,-0.0044,0.0015,0.0032
"553",2006-01-01,0.0303,0.0546,0.0099,0.0035
"554",2006-02-01,-0.003,-0.0041,-0.0031,0.0034
"555",2006-03-01,0.0147,0.0339,0.0061,0.0037
"556",2006-04-01,0.0073,-0.0138,0.0226,0.0036
"557",2006-05-01,-0.0356,-0.0301,0.0238,0.0043
"558",2006-06-01,-0.0035,-0.0035,0.0085,0.004
"559",2006-07-01,-0.0077,-0.0396,0.0262,0.004
"560",2006-08-01,0.0203,0.0099,-0.0195,0.0042
"561",2006-09-01,0.0184,-0.013,7e-04,0.0041
"562",2006-10-01,0.0322,0.0177,-0.0033,0.0041
"563",2006-11-01,0.017,0.0063,3e-04,0.0042
"564",2006-12-01,0.0085,-0.0116,0.0275,0.004
"565",2007-01-01,0.0138,9e-04,-0.0068,0.0044
"566",2007-02-01,-0.0196,0.0123,-9e-04,0.0038
"567",2007-03-01,0.0071,9e-04,-0.0089,0.0043
"568",2007-04-01,0.0349,-0.0221,-0.0144,0.0044
"569",2007-05-01,0.0323,0.0016,-0.0058,0.0041
"570",2007-06-01,-0.0196,0.0072,-0.0104,0.004
"571",2007-07-01,-0.0372,-0.0269,-0.0371,0.004
"572",2007-08-01,0.0094,-0.0013,-0.0189,0.0042
"573",2007-09-01,0.0322,-0.0228,-0.0213,0.0032
"574",2007-10-01,0.0179,0.0014,-0.0282,0.0032
"575",2007-11-01,-0.048,-0.0281,-0.0109,0.0034
"576",2007-12-01,-0.0087,0.0012,-0.0048,0.0027
"577",2008-01-01,-0.0633,-0.0096,0.0402,0.0021
"578",2008-02-01,-0.0309,-0.0046,-0.0071,0.0013
"579",2008-03-01,-0.0094,0.0077,0.0034,0.0017
"580",2008-04-01,0.0461,-0.0174,-0.0099,0.0018
"581",2008-05-01,0.0187,0.0293,-0.0157,0.0018
"582",2008-06-01,-0.0843,0.0116,-0.0249,0.0017
"583",2008-07-01,-0.0075,0.0261,0.0521,0.0015
"584",2008-08-01,0.0153,0.0339,0.0151,0.0013
"585",2008-09-01,-0.0935,-0.0106,0.0565,0.0015
"586",2008-10-01,-0.172,-0.0229,-0.0192,8e-04
"587",2008-11-01,-0.0774,-0.0299,-0.0621,3e-04
"588",2008-12-01,0.0177,0.0349,2e-04,0
"589",2009-01-01,-0.0809,-1e-04,-0.1101,0
"590",2009-02-01,-0.1014,0.0014,-0.0659,1e-04
"591",2009-03-01,0.0901,-9e-04,0.0347,2e-04
"592",2009-04-01,0.1017,0.0537,0.0537,1e-04
"593",2009-05-01,0.0521,-0.0242,0.0043,0
"594",2009-06-01,0.0042,0.0259,-0.0278,1e-04
"595",2009-07-01,0.0774,0.0175,0.0489,1e-04
"596",2009-08-01,0.0333,-0.0112,0.076,1e-04
"597",2009-09-01,0.0408,0.0243,0.0115,1e-04
"598",2009-10-01,-0.0253,-0.0426,-0.0417,0
"599",2009-11-01,0.0563,-0.025,-0.0033,0
"600",2009-12-01,0.028,0.0601,-0.0011,1e-04
"601",2010-01-01,-0.0335,0.0043,0.0033,0
"602",2010-02-01,0.0339,0.0118,0.0318,0
"603",2010-03-01,0.063,0.0146,0.0219,1e-04
"604",2010-04-01,0.0199,0.0484,0.0296,1e-04
"605",2010-05-01,-0.079,0.0013,-0.0248,1e-04
"606",2010-06-01,-0.0556,-0.0179,-0.0473,1e-04
"607",2010-07-01,0.0692,0.0023,-0.0049,1e-04
"608",2010-08-01,-0.0478,-0.0301,-0.0173,1e-04
"609",2010-09-01,0.0955,0.0382,-0.0302,1e-04
"610",2010-10-01,0.0387,0.0108,-0.0246,1e-04
"611",2010-11-01,0.0059,0.0367,-0.009,1e-04
"612",2010-12-01,0.0682,0.0072,0.0356,1e-04
"613",2011-01-01,0.0198,-0.0229,0.0061,1e-04
"614",2011-02-01,0.0348,0.015,0.0118,1e-04
"615",2011-03-01,0.0045,0.0249,-0.0184,1e-04
"616",2011-04-01,0.029,-0.0042,-0.0244,0
"617",2011-05-01,-0.0127,-0.0073,-0.0185,0
"618",2011-06-01,-0.0174,-0.0027,-0.002,0
"619",2011-07-01,-0.0235,-0.0118,-0.009,0
"620",2011-08-01,-0.0596,-0.0296,-0.0243,1e-04
"621",2011-09-01,-0.0758,-0.0312,-0.0153,0
"622",2011-10-01,0.1133,0.0305,6e-04,0
"623",2011-11-01,-0.0027,-0.0018,-0.0052,0
"624",2011-12-01,0.0075,-0.0056,0.0154,0
"625",2012-01-01,0.0505,0.0201,-0.0093,0
"626",2012-02-01,0.0442,-0.0184,0.0042,0
"627",2012-03-01,0.0312,-0.0063,0.0119,0
"628",2012-04-01,-0.0085,-0.0037,-0.0077,0
"629",2012-05-01,-0.0617,0.0012,-0.0095,1e-04
"630",2012-06-01,0.0389,0.0072,0.0055,0
"631",2012-07-01,0.0079,-0.0276,-6e-04,0
"632",2012-08-01,0.0254,0.0048,0.0125,1e-04
"633",2012-09-01,0.0273,0.0045,0.0163,1e-04
"634",2012-10-01,-0.0176,-0.011,0.0352,1e-04
"635",2012-11-01,0.0078,0.006,-0.0087,1e-04
"636",2012-12-01,0.0118,0.0149,0.0352,1e-04
"637",2013-01-01,0.0557,0.0028,0.0101,0
"638",2013-02-01,0.0128,-0.0029,0.0018,0
"639",2013-03-01,0.0404,0.0083,-0.0021,0
"640",2013-04-01,0.0156,-0.0237,0.0046,0
"641",2013-05-01,0.028,0.0167,0.0271,0
"642",2013-06-01,-0.012,0.0131,-4e-04,0
"643",2013-07-01,0.0565,0.0182,0.0057,0
"644",2013-08-01,-0.0271,0.0032,-0.0273,0
"645",2013-09-01,0.0377,0.0289,-0.0118,0
"646",2013-10-01,0.0417,-0.0156,0.0122,0
"647",2013-11-01,0.0311,0.0131,0.0019,0
"648",2013-12-01,0.0281,-0.0044,0,0
"649",2014-01-01,-0.0332,0.0093,-0.0199,0
"650",2014-02-01,0.0466,0.0036,-0.0035,0
"651",2014-03-01,0.0043,-0.0186,0.049,0
"652",2014-04-01,-0.0018,-0.0418,0.0122,0
"653",2014-05-01,0.0205,-0.0185,-0.001,0
"654",2014-06-01,0.026,0.0305,-0.0071,0
"655",2014-07-01,-0.0203,-0.0417,-8e-04,0
"656",2014-08-01,0.0424,0.004,-0.0058,0
"657",2014-09-01,-0.0196,-0.036,-0.0147,0
"658",2014-10-01,0.0251,0.0402,-0.0167,0
"659",2014-11-01,0.0256,-0.0205,-0.0313,0
"660",2014-12-01,-5e-04,0.0252,0.0211,0
"661",2015-01-01,-0.031,-0.0061,-0.0348,0
"662",2015-02-01,0.0613,0.0064,-0.0175,0
"663",2015-03-01,-0.0111,0.0306,-0.0038,0
"664",2015-04-01,0.0059,-0.0298,0.0181,0
"665",2015-05-01,0.0137,0.0096,-0.011,0
"666",2015-06-01,-0.0152,0.0295,-0.008,0
"667",2015-07-01,0.0157,-0.0417,-0.0416,0
"668",2015-08-01,-0.0602,0.0037,0.0275,0
"669",2015-09-01,-0.0306,-0.0263,0.0055,0
"670",2015-10-01,0.0775,-0.0191,-0.0046,0
"671",2015-11-01,0.0057,0.0358,-0.0043,0
"672",2015-12-01,-0.0215,-0.028,-0.0257,1e-04
"673",2016-01-01,-0.0574,-0.034,0.0208,1e-04
"674",2016-02-01,-6e-04,0.0073,-0.0061,2e-04
"675",2016-03-01,0.0695,0.0075,0.0123,2e-04
"676",2016-04-01,0.0092,0.0077,0.0322,1e-04
"677",2016-05-01,0.0178,-0.0018,-0.0162,1e-04
"678",2016-06-01,-3e-04,0.006,-0.0149,2e-04
"679",2016-07-01,0.0394,0.0247,-0.0127,2e-04
"680",2016-08-01,0.0049,0.0119,0.0317,2e-04
"681",2016-09-01,0.0027,0.0209,-0.0122,2e-04
"682",2016-10-01,-0.0201,-0.0441,0.041,2e-04
"683",2016-11-01,0.0486,0.056,0.0832,1e-04
"684",2016-12-01,0.0181,0.0013,0.035,3e-04
"685",2017-01-01,0.0194,-0.0116,-0.0274,4e-04
"686",2017-02-01,0.0355,-0.0213,-0.0152,4e-04
"687",2017-03-01,0.0017,0.0113,-0.0333,3e-04
"688",2017-04-01,0.0108,0.0068,-0.0208,5e-04
"689",2017-05-01,0.0107,-0.0251,-0.0382,6e-04
"690",2017-06-01,0.0079,0.0222,0.0151,6e-04
"691",2017-07-01,0.0188,-0.0145,-0.0023,7e-04
"692",2017-08-01,0.0018,-0.0167,-0.0213,9e-04
"693",2017-09-01,0.0249,0.0445,0.0315,9e-04
"694",2017-10-01,0.0226,-0.0193,0.0013,9e-04
"695",2017-11-01,0.0312,-0.006,-9e-04,8e-04
"696",2017-12-01,0.0106,-0.0132,5e-04,9e-04
"697",2018-01-01,0.0558,-0.0316,-0.0132,0.0011
"698",2018-02-01,-0.0364,0.0027,-0.011,0.0011
"699",2018-03-01,-0.0235,0.0405,-0.0021,0.0012
"700",2018-04-01,0.0027,0.0109,0.0053,0.0014
"701",2018-05-01,0.0266,0.0524,-0.0314,0.0014
"702",2018-06-01,0.0049,0.0111,-0.0233,0.0014
"703",2018-07-01,0.032,-0.0222,0.0047,0.0016
"704",2018-08-01,0.0345,0.0117,-0.0393,0.0016
"705",2018-09-01,6e-04,-0.0229,-0.0168,0.0015
"706",2018-10-01,-0.0765,-0.0467,0.0343,0.0019
"707",2018-11-01,0.0171,-0.0072,0.0034,0.0018
"708",2018-12-01,-0.0955,-0.0233,-0.0188,0.0019
"709",2019-01-01,0.0837,0.0273,-0.004,0.0021
"710",2019-02-01,0.0342,0.0205,-0.0266,0.0018
"711",2019-03-01,0.011,-0.0306,-0.0416,0.0019
"712",2019-04-01,0.0397,-0.0169,0.0213,0.0021
"713",2019-05-01,-0.0692,-0.0122,-0.0236,0.0021
"714",2019-06-01,0.0699,0.001,-0.0072,0.0018
"715",2019-07-01,0.0123,-0.0196,0.005,0.0019
"716",2019-08-01,-0.0255,-0.0239,-0.0477,0.0016
"717",2019-09-01,0.0141,-0.0097,0.0676,0.0018
"718",2019-10-01,0.0207,0.0027,-0.0192,0.0015
"719",2019-11-01,0.0387,0.0072,-0.02,0.0012
"720",2019-12-01,0.0277,0.0076,0.0173,0.0014
"721",2020-01-01,-0.0011,-0.031,-0.0622,0.0013
"722",2020-02-01,-0.0815,0.0108,-0.0382,0.0012
"723",2020-03-01,-0.1337,-0.0469,-0.1383,0.0012
"724",2020-04-01,0.136,0.025,-0.0134,0
"725",2020-05-01,0.0557,0.024,-0.05,1e-04
"726",2020-06-01,0.0245,0.0267,-0.0217,1e-04
"727",2020-07-01,0.0583,-0.0235,-0.0144,1e-04
"728",2020-08-01,0.0762,-0.002,-0.0302,1e-04
"729",2020-09-01,-0.0364,6e-04,-0.0272,1e-04
"730",2020-10-01,-0.0208,0.0434,0.0425,1e-04
"731",2020-11-01,0.1245,0.0581,0.0209,1e-04
"732",2020-12-01,0.0463,0.0501,-0.0168,1e-04
"733",2021-01-01,-7e-04,0.0714,0.0322,0
"734",2021-02-01,0.0281,0.0202,0.072,0
"735",2021-03-01,0.0317,-0.0233,0.0735,0
"736",2021-04-01,0.0495,-0.0319,-0.0102,0
"737",2021-05-01,0.003,-0.002,0.0704,0
"738",2021-06-01,0.0274,0.017,-0.0786,0
"739",2021-07-01,0.0134,-0.0393,-0.018,0
"740",2021-08-01,0.0294,-0.0032,-0.0023,0
"741",2021-09-01,-0.044,0.0066,0.0512,0
"742",2021-10-01,0.0663,-0.0226,-0.0053,0
"743",2021-11-01,-0.0158,-0.0131,-0.0037,0
"744",2021-12-01,0.0323,-0.0163,0.0325,1e-04
"745",2022-01-01,-0.0616,-0.0593,0.1286,0
"746",2022-02-01,-0.0228,0.0216,0.0306,0
"747",2022-03-01,0.0308,-0.0155,-0.019,0
"748",2022-04-01,-0.0941,-0.0135,0.0618,0
"749",2022-05-01,-0.0034,-0.0184,0.0844,3e-04
"750",2022-06-01,-0.084,0.0207,-0.06,6e-04
"751",2022-07-01,0.0957,0.0286,-0.0413,8e-04
"752",2022-08-01,-0.0377,0.0141,0.0018,0.0019
"753",2022-09-01,-0.0934,-0.0076,3e-04,0.0019
"754",2022-10-01,0.0785,1e-04,0.0797,0.0023
"755",2022-11-01,0.0465,-0.0357,0.0148,0.0029
"756",2022-12-01,-0.0638,-0.0076,0.0134,0.0033
"757",2023-01-01,0.0661,0.0501,-0.0394,0.0035
"758",2023-02-01,-0.0257,0.0105,-0.008,0.0034
"759",2023-03-01,0.0248,-0.0548,-0.0905,0.0036
"760",2023-04-01,0.0062,-0.0337,-0.0012,0.0035
"761",2023-05-01,0.0034,0.016,-0.0779,0.0036
"762",2023-06-01,0.0646,0.0149,-0.0013,0.004
"763",2023-07-01,0.0321,0.0205,0.0406,0.0045
"764",2023-08-01,-0.0236,-0.0313,-0.0115,0.0045
"765",2023-09-01,-0.0523,-0.025,0.015,0.0043
"766",2023-10-01,-0.0315,-0.0387,0.0022,0.0047
"767",2023-11-01,0.0888,-0.0011,0.0166,0.0044
"768",2023-12-01,0.0485,0.0628,0.0487,0.0043
"769",2024-01-01,0.0073,-0.0504,-0.0237,0.0047
"770",2024-02-01,0.0507,-0.0026,-0.0343,0.0042
"771",2024-03-01,0.0284,-0.025,0.0416,0.0043
"772",2024-04-01,-0.0465,-0.0238,-0.0045,0.0047
"773",2024-05-01,0.0433,0.0053,-0.0133,0.0044
"774",2024-06-01,0.028,-0.03,-0.0336,0.0041
"775",2024-07-01,0.0122,0.0681,0.0557,0.0045
"776",2024-08-01,0.016,-0.0349,-0.0113,0.0048
"777",2024-09-01,0.0172,-0.0013,-0.0273,0.004
"778",2024-10-01,-0.01,-0.0095,0.0091,0.0039
"779",2024-11-01,0.0649,0.0449,0.0038,0.004
"780",2024-12-01,-0.0317,-0.027,-0.0297,0.0037
"781",2025-01-01,0.028,-0.02,0.0176,0.0037
"782",2025-02-01,-0.0244,-0.0577,0.0484,0.0033
"783",2025-03-01,-0.0639,-0.0272,0.0287,0.0034
"784",2025-04-01,-0.0084,-0.0057,-0.0329,0.0035
"785",2025-05-01,0.0606,0.0061,-0.0281,0.0038
"786",2025-06-01,0.0486,0.0071,-0.0143,0.0034
"787",2025-07-01,0.0198,0.003,-0.0134,0.0034
"788",2025-08-01,0.0184,0.038,0.0437,0.0038
"789",2025-09-01,0.0339,-0.0183,-0.0105,0.0033
"790",2025-10-01,0.0196,-0.0057,-0.0318,0.0037
"791",2025-11-01,-0.0013,0.004,0.0376,0.003
"792",2025-12-01,-0.0036,-0.0104,0.024,0.0034
"793",2026-01-01,0.0103,0.0218,0.038,0.003
"794",2026-02-01,-0.0117,0.0016,0.028,0.0028
"795",2026-03-01,-0.0518,0.0044,0.0329,0.0029
"796",2026-04-01,0.0995,0.0019,-0.0137,0.0029
"797",2026-05-01,0.0491,-0.0159,-0.0231,0.0031
"798",2026-06-01,-0.0107,0.0339,0.0358,0.0029
"799",2026-07-01,-0.006,-0.0196,0.0211,0.0033
