yyyymm,real_rate,term_premium,default_premium,inflation
191302,,,,0.0
191303,,,,0.0
191304,,,,0.0
191305,,,,-0.0102040816
191306,,,,0.0103092784
191307,,,,0.0102040816
191308,,,,0.0
191309,,,,0.0101010101
191310,,,,0.0
191311,,,,0.01
191312,,,,-0.0099009901
191401,,,,0.0
191402,,,,-0.01
191403,,,,0.0
191404,,,,-0.0101010101
191405,,,,0.0102040816
191406,,,,0.0
191407,,,,0.0101010101
191408,,,,0.02
191409,,,,0.0
191410,,,,-0.0098039216
191411,,,,0.0099009901
191412,,,,-0.0098039216
191501,,,,0.0
191502,,,,-0.0099009901
191503,,,,-0.01
191504,,,,0.0101010101
191505,,,,0.01
191506,,,,0.0
191507,,,,0.0
191508,,,,0.0
191509,,,,0.0
191510,,,,0.0099009901
191511,,,,0.0098039216
191512,,,,0.0
191601,,,,0.0097087379
191602,,,,0.0
191603,,,,0.0096153846
191604,,,,0.0095238095
191605,,,,0.0094339623
191606,,,,0.0093457944
191607,,,,0.0
191608,,,,0.0092592593
191609,,,,0.0183486239
191610,,,,0.018018018
191611,,,,0.017699115
191612,,,,0.0086956522
191701,,,,0.0086206897
191702,,,,0.0256410256
191703,,,,0.0
191704,,,,0.05
191705,,,,0.0158730159
191706,,,,0.015625
191707,,,,-0.0153846154
191708,,,,0.015625
191709,,,,0.0230769231
191710,,,,0.015037594
191711,,,,0.0
191712,,,,0.0148148148
191801,,,,0.0218978102
191802,,,,0.0071428571
191803,,,,-0.0070921986
191804,,,,0.0142857143
191805,,,,0.0211267606
191806,,,,0.0137931034
191807,,,,0.0272108844
191808,,,,0.0198675497
191809,,,,0.0194805195
191810,,,,0.0191082803
191811,,,,0.01875
191812,,,,0.0122699387
191901,,,0.0177,0.0
191902,,,0.018499999999999996,-0.0181818182
191903,,,0.01759999999999999,0.012345679
191904,,,0.017900000000000006,0.0182926829
191905,,,0.017,0.0119760479
191906,,,0.016400000000000005,0.0
191907,,,0.0162,0.0295857988
191908,,,0.015700000000000006,0.0172413793
191909,,,0.0167,0.0056497175
191910,,,0.01800000000000001,0.0168539326
191911,,,0.018799999999999997,0.0220994475
191912,,,0.02040000000000001,0.0216216216
192001,0.023835978799999998,0.004299999999999998,0.02029999999999999,0.0211640212
192002,0.034637305699999996,0.005500000000000005,0.0208,0.0103626943
192003,0.0372435897,0.0034000000000000002,0.02049999999999999,0.0102564103
192004,0.022043147199999998,0.00030000000000000165,0.021299999999999993,0.0304568528
192005,0.040221674900000004,0.0008000000000000021,0.021400000000000002,0.0147783251
192006,0.042936893200000006,-0.0021000000000000046,0.020100000000000007,0.0145631068
192007,0.062884689,-0.0023999999999999994,0.0218,-0.004784689
192008,0.0823384615,-0.0015999999999999973,0.020900000000000002,-0.0240384615
192009,0.0728783251,-0.003799999999999998,0.019200000000000002,-0.0147783251
192010,0.0625,-0.0067000000000000046,0.0194,-0.005
192011,0.06252512560000001,-0.005400000000000002,0.021300000000000006,-0.0050251256
192012,0.0790020202,-0.004799999999999999,0.022999999999999993,-0.0202020202
192101,0.0773185567,-0.004400000000000001,0.023600000000000003,-0.0206185567
192102,0.08457894739999999,-0.0001999999999999988,0.023399999999999997,-0.0315789474
192103,0.0592347826,-0.0011000000000000038,0.024700000000000007,-0.0054347826
192104,0.0629289617,0.0004000000000000045,0.0247,-0.0109289617
192105,0.0736994475,0.000899999999999998,0.024099999999999996,-0.0220994475
192106,0.0555497175,0.002799999999999997,0.023799999999999995,-0.0056497175
192107,0.0403181818,0.006600000000000002,0.023600000000000003,0.0056818182
192108,0.0475,0.004700000000000003,0.025199999999999993,0.0
192109,0.058799435,0.003700000000000002,0.024100000000000003,-0.011299435
192110,0.0421,0.006200000000000004,0.025,0.0
192111,0.046014285700000004,0.006099999999999994,0.022799999999999994,-0.0057142857
192112,0.044747126400000004,0.005699999999999997,0.0211,-0.0057471264
192201,0.0621213873,0.005499999999999998,0.023599999999999996,-0.0231213873
192202,0.0381,0.006899999999999996,0.022599999999999995,0.0
192203,0.0473343195,0.008600000000000003,0.022199999999999998,-0.0118343195
192204,0.0321,0.010700000000000001,0.019900000000000008,0.0
192205,0.0325,0.010099999999999998,0.017600000000000005,0.0
192206,0.0325,0.009899999999999999,0.0189,0.0
192207,0.026011976,0.009399999999999999,0.0189,0.005988024
192208,0.0432047619,0.009899999999999999,0.018900000000000007,-0.0119047619
192209,0.0334,0.0085,0.018200000000000008,0.0
192210,0.031075903600000003,0.0058999999999999955,0.018099999999999998,0.0060240964
192211,0.030611976,0.006699999999999998,0.0189,0.005988024
192212,0.030547618999999998,0.0067000000000000046,0.0194,0.005952381
192301,0.0425171598,0.006600000000000002,0.0194,-0.0059171598
192302,0.0365,0.0068000000000000005,0.018999999999999996,0.0
192303,0.0412,0.002599999999999998,0.019600000000000006,0.0
192304,0.035347619000000004,0.002599999999999998,0.019499999999999997,0.005952381
192305,0.0395,0.004200000000000002,0.0201,0.0
192306,0.032482840199999995,0.0050000000000000044,0.0206,0.0059171598
192307,0.027335294100000004,0.004299999999999998,0.022000000000000006,0.0117647059
192308,0.044413953500000006,0.004899999999999995,0.023000000000000007,-0.0058139535
192309,0.0342520468,0.003500000000000003,0.022600000000000002,0.0058479532
192310,0.036386046500000005,0.001799999999999996,0.0235,0.0058139535
192311,0.0394,0.004300000000000005,0.023099999999999996,0.0
192312,0.0388,0.004699999999999996,0.022900000000000004,0.0
192401,0.0376,0.005399999999999995,0.021500000000000005,0.0
192402,0.0411803468,0.007399999999999997,0.020500000000000004,-0.0057803468
192403,0.041513953500000006,0.007099999999999995,0.019800000000000005,-0.0058139535
192404,0.039647953199999995,0.0085,0.019500000000000003,-0.0058479532
192405,0.0229,0.018600000000000002,0.019299999999999998,0.0
192406,0.0244,0.0154,0.018299999999999997,0.0
192407,0.013317647099999998,0.0202,0.017199999999999993,0.0058823529
192408,0.0248479532,0.020100000000000003,0.0174,-0.0058479532
192409,0.015517647099999999,0.0178,0.017799999999999996,0.0058823529
192410,0.018252046799999998,0.014599999999999998,0.016999999999999994,0.0058479532
192411,0.0258,0.0132,0.016,0.0
192412,0.0198860465,0.013900000000000003,0.015100000000000002,0.0058139535
192501,0.0261,0.013500000000000002,0.014899999999999997,0.0
192502,0.031980346800000004,0.0133,0.014100000000000001,-0.0057803468
192503,0.0219860465,0.011800000000000005,0.014500000000000006,0.0058139535
192504,0.0335803468,0.011500000000000003,0.015400000000000004,-0.0057803468
192505,0.0214860465,0.011399999999999997,0.014699999999999998,0.0058139535
192506,0.017039306400000002,0.009300000000000003,0.013499999999999998,0.0115606936
192507,0.0191714286,0.007300000000000004,0.0133,0.0114285714
192508,0.0301,0.008400000000000001,0.013399999999999995,0.0
192509,0.0317,0.0068000000000000005,0.0133,0.0
192510,0.0353,0.0029,0.013199999999999996,0.0
192511,0.0195508475,0.0014000000000000054,0.0133,0.0169491525
192512,0.0406555556,0.0029,0.012999999999999998,-0.0055555556
192601,0.0349,0.0025000000000000022,0.012700000000000003,0.0
192602,0.0318,0.005399999999999995,0.012499999999999997,0.0
192603,0.036986592199999994,0.005700000000000004,0.0126,-0.0055865922
192604,0.0251820225,0.005999999999999998,0.012400000000000001,0.0056179775
192605,0.037286592199999996,0.005200000000000003,0.011499999999999996,-0.0055865922
192606,0.0349179775,0.0075,0.010800000000000004,-0.0056179775
192607,0.042399435,0.005899999999999999,0.010799999999999997,-0.011299435
192608,0.0384142857,0.0046,0.0109,-0.0057142857
192609,0.0284528736,0.0029999999999999957,0.010700000000000001,0.0057471264
192610,0.030085714299999997,0.000900000000000005,0.010999999999999996,0.0057142857
192611,0.0278181818,0.0022999999999999965,0.0109,0.0056818182
192612,0.0307,0.004699999999999999,0.010000000000000002,0.0
192701,0.043599435000000006,0.002799999999999997,0.009499999999999995,-0.011299435
192702,0.0386142857,0.001800000000000003,0.0092,-0.0057142857
192703,0.0377471264,0.0010999999999999968,0.0092,-0.0057471264
192704,0.0339,-0.0005999999999999964,0.009000000000000001,0.0
192705,0.027519653200000004,-0.0006000000000000033,0.009300000000000003,0.0057803468
192706,0.019205747100000004,0.0026999999999999975,0.0097,0.0114942529
192707,0.0466454545,0.003700000000000002,0.009500000000000001,-0.0170454545
192708,0.0327803468,0.005899999999999999,0.0092,-0.0057803468
192709,0.0209860465,0.006200000000000001,0.008799999999999995,0.0058139535
192710,0.025019653200000002,0.0017000000000000001,0.0087,0.0057803468
192711,0.0361471264,0.0016000000000000007,0.008599999999999997,-0.0057471264
192712,0.0317,-9.999999999999593e-05,0.008599999999999997,0.0
192801,0.0331,-0.0010000000000000009,0.008899999999999998,0.0
192802,0.0448606936,-0.0015000000000000013,0.0087,-0.0115606936
192803,0.0327,-0.0010000000000000009,0.008599999999999997,0.0
192804,0.0362,-0.004300000000000005,0.0087,0.0
192805,0.0331520468,-0.0063,0.009299999999999996,0.0058479532
192806,0.045013953499999995,-0.006600000000000002,0.009800000000000003,-0.0058139535
192807,0.0412,-0.0068000000000000005,0.0097,0.0
192808,0.0436,-0.009500000000000001,0.0097,0.0
192809,0.03400409359999999,-0.011099999999999999,0.009799999999999996,0.0116959064
192810,0.0527803468,-0.013400000000000002,0.0097,-0.0057803468
192811,0.0426,-0.008800000000000002,0.0097,0.0
192812,0.048413953499999995,-0.008599999999999997,0.009899999999999999,-0.0058139535
192901,0.0466,-0.011700000000000002,0.010100000000000005,0.0
192902,0.0439,-0.007600000000000003,0.009999999999999995,0.0
192903,0.0518479532,-0.008300000000000002,0.0109,-0.0058479532
192904,0.0538823529,-0.012200000000000003,0.011100000000000006,-0.0058823529
192905,0.0449828402,-0.013600000000000001,0.011000000000000003,0.0059171598
192906,0.0421176471,-0.011299999999999998,0.011700000000000002,0.0058823529
192907,0.0338040936,-0.008599999999999997,0.011799999999999998,0.0116959064
192908,0.047,-0.009500000000000001,0.012500000000000004,0.0
192909,0.0458,-0.008300000000000002,0.013199999999999996,0.0
192910,0.0437,-0.009000000000000001,0.013400000000000002,0.0
192911,0.0347,-0.0016000000000000042,0.012699999999999996,0.0
192912,0.0360803468,0.003700000000000002,0.012799999999999999,-0.0057803468
193001,0.039713953499999996,0.0008000000000000021,0.0126,-0.0058139535
193002,0.0394479532,0.00030000000000000165,0.012000000000000004,-0.0058479532
193003,0.0353823529,0.0040000000000000036,0.011099999999999999,-0.0058823529
193004,0.024082840199999997,0.003799999999999998,0.011000000000000003,0.0059171598
193005,0.029982352900000002,0.008799999999999999,0.011200000000000002,-0.0058823529
193006,0.024817159800000002,0.013900000000000003,0.0121,-0.0059171598
193007,0.0302047619,0.0144,0.012500000000000004,-0.0119047619
193008,0.0213240964,0.0175,0.0126,-0.0060240964
193009,0.0116393939,0.014699999999999998,0.012299999999999998,0.0060606061
193010,0.023424096399999997,0.015,0.015199999999999998,-0.0060240964
193011,0.0200606061,0.0182,0.017800000000000003,-0.0060606061
193012,0.0330926829,0.0182,0.02190000000000001,-0.0182926829
193101,0.024822360199999997,0.021899999999999996,0.0199,-0.0124223602
193102,0.023178616399999998,0.0232,0.019499999999999997,-0.0125786164
193103,0.0201694268,0.0194,0.020499999999999997,-0.0063694268
193104,0.021310256399999998,0.0178,0.0232,-0.0064102564
193105,0.0217032258,0.022899999999999997,0.02779999999999999,-0.0129032258
193106,0.0185718954,0.0264,0.03,-0.0130718954
193107,0.0041,0.0284,0.027200000000000002,0.0
193108,0.0042,0.028399999999999998,0.030700000000000005,0.0
193109,0.0111225166,0.030799999999999998,0.035199999999999995,-0.0066225166
193110,0.023666666700000002,0.0215,0.040499999999999994,-0.0066666667
193111,0.0311228188,0.0208,0.039900000000000005,-0.0134228188
193112,0.0309027211,0.0166,0.051000000000000004,-0.0068027211
193201,0.0453479452,0.0142,0.03930000000000001,-0.0205479452
193202,0.038186014,0.012500000000000004,0.0364,-0.013986014
193203,0.0295921986,0.014499999999999999,0.038500000000000006,-0.0070921986
193204,0.018242857100000003,0.0225,0.052899999999999996,-0.0071428571
193205,0.0174884892,0.0318,0.0564,-0.0143884892
193206,0.0106992701,0.0313,0.0559,-0.0072992701
193207,0.0022,0.0298,0.055299999999999995,0.0
193208,0.0087529412,0.030699999999999998,0.0331,-0.0073529412
193209,0.0077074074,0.031599999999999996,0.0291,-0.0074074074
193210,0.0075626866,0.0321,0.03230000000000001,-0.0074626866
193211,0.007618797,0.0321,0.0361,-0.007518797
193212,0.0079757576,0.0311,0.038299999999999994,-0.0075757576
193301,0.0159671756,0.030100000000000002,0.0357,-0.0152671756
193302,0.015603876,0.0324,0.0389,-0.015503876
193303,0.021274015700000003,0.018699999999999994,0.0423,-0.0078740157
193304,0.0045,0.028,0.0434,0.0
193305,0.0029,0.0279,0.031099999999999996,0.0
193306,-0.0072365079,0.0299,0.026099999999999998,0.0079365079
193307,-0.029596063,0.029,0.022599999999999995,0.031496063
193308,-0.0075335878,0.0307,0.0247,0.0076335878
193309,0.0004,0.0304,0.0291,0.0
193310,0.0009,0.0306,0.03149999999999999,0.0
193311,0.0022,0.0305,0.03439999999999999,0.0
193312,0.0029,0.030699999999999998,0.0325,0.0
193401,0.0072,0.0249,0.0266,0.0
193402,-0.0013757576000000002,0.0255,0.020700000000000003,0.0075757576
193403,0.0024,0.028300000000000002,0.0213,0.0
193404,0.0015,0.028499999999999998,0.0194,0.0
193405,0.0016,0.0276,0.0204,0.0
193406,-0.006018796999999999,0.027399999999999997,0.0213,0.007518797
193407,0.0015,0.027299999999999998,0.022400000000000003,0.0
193408,0.0019,0.028,0.025599999999999998,0.0
193409,-0.0128253731,0.0289,0.02609999999999999,0.0149253731
193410,0.0100529412,0.027299999999999998,0.025,-0.0073529412
193411,0.0025,0.0274,0.025100000000000004,0.0
193412,0.0097074074,0.027,0.0242,-0.0074074074
193501,-0.0129253731,0.026099999999999998,0.0221,0.0149253731
193502,-0.0054529412,0.0256,0.022599999999999995,0.0073529412
193503,0.0015,0.0259,0.025299999999999996,0.0
193504,-0.0057992701,0.0254,0.0247,0.0072992701
193505,0.0015,0.026099999999999998,0.022900000000000004,0.0
193506,0.0087463768,0.0255,0.0216,-0.0072463768
193507,0.0015,0.0253,0.0211,0.0
193508,0.0016,0.0265,0.019800000000000005,0.0
193509,0.002,0.0262,0.0194,0.0
193510,0.002,0.0259,0.020199999999999996,0.0
193511,-0.0056992701,0.0264,0.0196,0.0072992701
193512,0.0015,0.026099999999999998,0.0186,0.0
193601,0.002,0.026500000000000003,0.016300000000000002,0.0
193602,0.002,0.026099999999999998,0.0148,0.0
193603,0.0092463768,0.025500000000000002,0.0157,-0.0072463768
193604,0.002,0.0254,0.0162,0.0
193605,0.002,0.025300000000000003,0.0167,0.0
193606,-0.0052992701,0.025300000000000003,0.016600000000000004,0.0072992701
193607,-0.0057463767999999995,0.025599999999999998,0.016099999999999996,0.0072463768
193608,-0.0051942446,0.024399999999999998,0.015300000000000001,0.0071942446
193609,0.0016,0.0252,0.014399999999999996,0.0
193610,0.0013,0.0256,0.013600000000000001,0.0
193611,0.0011,0.0246,0.013699999999999997,0.0
193612,0.0012,0.0243,0.0143,0.0
193701,-0.0054428571,0.0241,0.013900000000000003,0.0071428571
193702,0.0015,0.023799999999999998,0.0131,0.0
193703,-0.0032921986000000003,0.0247,0.013600000000000001,0.0070921986
193704,-0.0014422534999999998,0.0228,0.014199999999999997,0.0070422535
193705,-0.0028930069999999995,0.0241,0.015099999999999995,0.006993007
193706,0.0036,0.024900000000000002,0.016499999999999994,0.0
193707,-0.004144444400000001,0.0249,0.016599999999999997,0.0069444444
193708,0.0029,0.0257,0.016800000000000002,0.0
193709,-0.0037965517,0.025300000000000003,0.018799999999999997,0.0068965517
193710,0.002,0.026299999999999997,0.0225,0.0
193711,0.0077493151,0.026899999999999997,0.025800000000000003,-0.0068493151
193712,0.0079965517,0.0262,0.0252,-0.0068965517
193801,0.014888888900000001,0.026099999999999998,0.027200000000000002,-0.0138888889
193802,0.0078422535,0.026000000000000002,0.027700000000000002,-0.0070422535
193803,0.0008,0.026500000000000003,0.0308,0.0
193804,-0.0061921986000000005,0.024999999999999998,0.03169999999999999,0.0070921986
193805,0.0075422535,0.0252,0.0284,-0.0070422535
193806,0.0005,0.0254,0.029900000000000003,0.0
193807,0.0007,0.025,0.024100000000000003,0.0
193808,0.0006,0.0253,0.023099999999999996,0.0
193809,0.0008,0.0251,0.024400000000000005,0.0
193810,0.007592198600000001,0.0249,0.0221,-0.0070921986
193811,0.0004,0.0253,0.0213,0.0
193812,0.0003,0.0249,0.021899999999999996,0.0
193901,0.0003,0.024599999999999997,0.021100000000000004,0.0
193902,0.0074428571,0.0242,0.020500000000000004,-0.0071428571
193903,0.0003,0.023399999999999997,0.019,0.0
193904,0.0074942446,0.0226,0.021299999999999996,-0.0071942446
193905,0.0003,0.0214,0.021,0.0
193906,0.0003,0.0218,0.019899999999999998,0.0
193907,0.0004,0.0209,0.0195,0.0
193908,0.0005,0.0226,0.019200000000000002,0.0
193909,-0.020339130400000002,0.0264,0.0175,0.0217391304
193910,0.007592198600000001,0.0242,0.017300000000000003,-0.0070921986
193911,0.0005,0.0231,0.018500000000000003,0.0
193912,0.0004,0.022199999999999998,0.0198,0.0
194001,0.007242857100000001,0.0228,0.019799999999999998,-0.0071428571
194002,-0.0069942446,0.022600000000000002,0.019700000000000002,0.0071942446
194003,0.0002,0.0213,0.0196,0.0
194004,0.0002,0.0218,0.0192,0.0
194005,0.0006,0.024,0.0201,0.0
194006,-0.0061428571,0.0217,0.0215,0.0071428571
194007,0.007592198600000001,0.0219,0.019200000000000002,-0.0070921986
194008,0.0004,0.0219,0.019100000000000002,0.0
194009,0.0005,0.020999999999999998,0.018400000000000003,0.0
194010,0.0002,0.0212,0.0177,0.0
194011,0.0002,0.019700000000000002,0.0173,0.0
194012,-0.006942857100000001,0.019200000000000002,0.0174,0.0071428571
194101,0.0002,0.0211,0.0163,0.0
194102,0.0004,0.0209,0.016400000000000005,0.0
194103,-0.0059921986,0.0195,0.015799999999999998,0.0070921986
194104,-0.0060422535,0.0186,0.015099999999999999,0.0070422535
194105,-0.005893007,0.0184,0.015100000000000002,0.006993007
194106,-0.0196333333,0.0179,0.0154,0.0208333333
194107,0.0012,0.0179,0.015399999999999997,0.0
194108,-0.012305442199999999,0.0177,0.015300000000000001,0.0136054422
194109,-0.012422818799999999,0.0183,0.015499999999999996,0.0134228188
194110,-0.0123450331,0.0173,0.015499999999999996,0.0132450331
194111,-0.0037359477,0.015799999999999998,0.0156,0.0065359477
194112,-0.0031935065,0.0171,0.015799999999999998,0.0064935065
194201,-0.0102032258,0.022,0.014600000000000002,0.0129032258
194202,-0.0038694268000000003,0.0222,0.0144,0.0063694268
194203,-0.010158227799999999,0.021900000000000003,0.014399999999999996,0.0126582278
194204,-0.00305,0.0214,0.0143,0.00625
194205,-0.0087223602,0.0206,0.0142,0.0124223602
194206,0.0037,0.020700000000000003,0.014799999999999997,0.0
194207,-0.0023349693,0.0206,0.014699999999999998,0.0061349693
194208,-0.0022975609999999996,0.0206,0.014699999999999998,0.006097561
194209,0.0038,0.0206,0.014599999999999998,0.0
194210,-0.008321212100000001,0.0206,0.0144,0.0121212121
194211,-0.002188024,0.0209,0.014600000000000002,0.005988024
194212,-0.0021523809999999997,0.0208,0.014699999999999998,0.005952381
194301,0.0038,0.0207,0.013699999999999997,0.0
194302,0.0038,0.0208,0.013100000000000004,0.0
194303,-0.013951479300000002,0.0209,0.012499999999999997,0.0177514793
194304,-0.007827907,0.0208,0.012000000000000004,0.011627907
194305,-0.0019471264000000001,0.0206,0.011700000000000002,0.0057471264
194306,0.0038,0.0206,0.011600000000000003,0.0
194307,0.0095142857,0.0207,0.011200000000000002,-0.0057142857
194308,0.0095471264,0.0207,0.011200000000000002,-0.0057471264
194309,-0.0019803468,0.0208,0.0114,0.0057803468
194310,0.0038,0.0209,0.011199999999999998,0.0
194311,0.0038,0.020999999999999998,0.011200000000000002,0.0
194312,0.0038,0.020999999999999998,0.010799999999999997,0.0
194401,0.0038,0.020999999999999998,0.010400000000000003,0.0
194402,0.0038,0.0209,0.009799999999999996,0.0
194403,0.0038,0.0209,0.009599999999999997,0.0
194404,-0.0019471264000000001,0.020999999999999998,0.009399999999999999,0.0057471264
194405,0.0038,0.0209,0.008999999999999998,0.0
194406,-0.0019142857000000002,0.020999999999999998,0.0086,0.0057142857
194407,-0.0018818182,0.0209,0.008500000000000004,0.0056818182
194408,0.0038,0.0209,0.008399999999999998,0.0
194409,0.0038,0.0209,0.008400000000000001,0.0
194410,0.0038,0.0209,0.008299999999999998,0.0
194411,0.0038,0.0209,0.0081,0.0
194412,-0.0018497175,0.0208,0.0079,0.0056497175
194501,0.0038,0.0202,0.0076999999999999985,0.0
194502,0.0038,0.019799999999999998,0.007599999999999999,0.0
194503,0.0038,0.019799999999999998,0.007599999999999996,0.0
194504,0.0038,0.019,0.007499999999999996,0.0
194505,-0.0018179775000000003,0.018799999999999997,0.006999999999999999,0.0056179775
194506,-0.0073731844,0.0179,0.006799999999999997,0.0111731844
194507,0.0038,0.0186,0.006599999999999998,0.0
194508,0.0038,0.0185,0.006499999999999995,0.0
194509,0.0038,0.0183,0.006199999999999997,0.0
194510,0.0038,0.0178,0.0058,0.0
194511,0.0038,0.0172,0.005299999999999999,0.0
194512,-0.0017248618999999997,0.0161,0.004899999999999998,0.0055248619
194601,0.0038,0.0161,0.004699999999999999,0.0
194602,0.0092945055,0.016,0.004699999999999999,-0.0054945055
194603,-0.0072497238,0.016,0.004699999999999999,0.0110497238
194604,-0.0016644808999999997,0.0169,0.005000000000000001,0.0054644809
194605,-0.0016347826000000002,0.017099999999999997,0.0051,0.0054347826
194606,-0.007010810800000001,0.0168,0.005400000000000002,0.0108108108
194607,-0.0550235294,0.017099999999999997,0.005500000000000001,0.0588235294
194608,-0.0164020202,0.0179,0.0052,0.0202020202
194609,-0.0061009901,0.018099999999999998,0.0052,0.0099009901
194610,-0.0158078431,0.0178,0.005500000000000001,0.0196078431
194611,-0.0202384615,0.018199999999999997,0.0058,0.0240384615
194612,-0.005589671400000001,0.0174,0.005599999999999997,0.0093896714
194701,0.0038,0.017599999999999998,0.005600000000000001,0.0
194702,0.0038,0.017599999999999998,0.0057,0.0
194703,-0.0148046512,0.017499999999999998,0.006000000000000002,0.0186046512
194704,0.0038,0.0179,0.0063000000000000035,0.0
194705,0.0038,0.0178,0.0063999999999999994,0.0
194706,-0.0007662100000000002,0.0178,0.006599999999999998,0.00456621
194707,-0.002490909100000001,0.014799999999999999,0.0063000000000000035,0.0090909091
194708,-0.0060135135,0.013500000000000002,0.006099999999999998,0.0135135135
194709,-0.014222222199999999,0.0133,0.006200000000000001,0.0222222222
194710,0.0085,0.0132,0.006500000000000002,0.0
194711,0.004852173899999999,0.0137,0.006700000000000001,0.0043478261
194712,-0.0034870130000000006,0.014799999999999999,0.006600000000000002,0.012987013
194801,-0.003120512799999999,0.014599999999999998,0.006600000000000002,0.0128205128
194802,0.0184388186,0.0141,0.006799999999999997,-0.0084388186
194803,0.0142553191,0.0141,0.006999999999999999,-0.0042553191
194804,-0.007094017100000001,0.013900000000000001,0.006900000000000003,0.0170940171
194805,0.0057983193,0.013099999999999999,0.006199999999999997,0.0042016807
194806,0.0016317992000000007,0.013800000000000002,0.0058,0.0083682008
194807,-0.002448132799999999,0.0141,0.005600000000000001,0.0124481328
194808,0.0065016393,0.0136,0.005999999999999998,0.0040983607
194809,0.0109,0.0133,0.006100000000000001,0.0
194810,0.015281632699999999,0.013099999999999999,0.006600000000000002,-0.0040816327
194811,0.0195967213,0.0125,0.006899999999999996,-0.0081967213
194812,0.015732231399999998,0.0121,0.007399999999999997,-0.0041322314
194901,0.0158493776,0.011600000000000001,0.0075,-0.0041493776
194902,0.0200333333,0.011399999999999999,0.007400000000000004,-0.0083333333
194903,0.0117,0.011000000000000001,0.007700000000000002,0.0
194904,0.0074983193,0.011000000000000001,0.007500000000000003,0.0042016807
194905,0.0158841004,0.011000000000000001,0.007400000000000004,-0.0041841004
194906,0.0074983193,0.01,0.007600000000000003,0.0042016807
194907,0.0185682008,0.0114,0.007899999999999997,-0.0083682008
194908,0.0061805906999999995,0.010600000000000002,0.007800000000000001,0.0042194093
194909,0.0064983192999999995,0.0105,0.007700000000000002,0.0042016807
194910,0.0188682008,0.0107,0.007499999999999996,-0.0083682008
194911,0.0065805907000000005,0.0104,0.007500000000000003,0.0042194093
194912,0.019403361299999998,0.009899999999999999,0.0072999999999999975,-0.0084033613
195001,0.0149372881,0.010799999999999999,0.006699999999999998,-0.0042372881
195002,0.0112,0.010199999999999999,0.006599999999999998,0.0
195003,0.0069446809,0.010299999999999998,0.006599999999999998,0.0042553191
195004,0.0115,0.009899999999999999,0.0063000000000000035,0.0
195005,0.007362711899999999,0.0097,0.0063999999999999994,0.0042372881
195006,0.0072805907,0.010100000000000001,0.006600000000000002,0.0042194093
195007,-0.0010050420000000011,0.0098,0.006700000000000001,0.012605042
195008,0.0037012447999999996,0.009399999999999999,0.006200000000000001,0.0082987552
195009,0.0088847737,0.009,0.005699999999999997,0.0041152263
195010,0.004903278700000001,0.009399999999999999,0.005499999999999998,0.0081967213
195011,0.0095349593,0.0088,0.005499999999999998,0.0040650407
195012,0.0012542509999999996,0.009,0.005299999999999999,0.012145749
195101,-0.0026,0.008700000000000001,0.0051,0.016
195102,0.0017889763999999996,0.009200000000000002,0.0050000000000000044,0.0118110236
195103,0.010108949400000001,0.0101,0.004500000000000004,0.0038910506
195104,0.0147,0.0101,0.004800000000000002,0.0
195105,0.011624031,0.009899999999999999,0.005100000000000004,0.003875969
195106,0.0145,0.011399999999999999,0.005500000000000001,0.0
195107,0.0156,0.009600000000000001,0.005899999999999999,0.0
195108,0.0162,0.008400000000000001,0.006200000000000004,0.0
195109,0.008577992299999998,0.009000000000000001,0.006199999999999997,0.0077220077
195110,0.011568582400000001,0.009999999999999998,0.006100000000000005,0.0038314176
195111,0.007966412199999998,0.0108,0.005999999999999998,0.0076335878
195112,0.0135121212,0.009600000000000001,0.006000000000000002,0.0037878788
195201,0.0157,0.011100000000000002,0.006100000000000001,0.0
195202,0.0229471698,0.0115,0.005999999999999998,-0.0075471698
195203,0.0159,0.0104,0.005499999999999998,0.0
195204,0.0118977186,0.0097,0.005700000000000004,0.0038022814
195205,0.0167,0.009000000000000001,0.005600000000000001,0.0
195206,0.013212121200000001,0.008899999999999998,0.005600000000000004,0.0037878788
195207,0.010552830200000002,0.008,0.005500000000000005,0.0075471698
195208,0.0183,0.008400000000000001,0.0057,0.0
195209,0.0171,0.010599999999999998,0.005700000000000004,0.0
195210,0.0174,0.009500000000000001,0.005300000000000003,0.0
195211,0.0185,0.0087,0.005499999999999998,0.0
195212,0.0209,0.007000000000000003,0.0053999999999999986,0.0
195301,0.0233453184,0.008300000000000002,0.004899999999999998,-0.0037453184
195302,0.0234593985,0.009000000000000001,0.0045999999999999965,-0.0037593985
195303,0.016326415099999998,0.0093,0.004500000000000004,0.0037735849
195304,0.0219,0.008400000000000001,0.004199999999999995,0.0
195305,0.0178406015,0.009799999999999996,0.004400000000000001,0.0037593985
195306,0.0173546816,0.008999999999999998,0.0046,0.0037453184
195307,0.0204,0.009699999999999997,0.0058,0.0
195308,0.016668656700000003,0.009899999999999999,0.006100000000000001,0.0037313433
195309,0.0179,0.010500000000000002,0.0059000000000000025,0.0
195310,0.010082527899999999,0.0143,0.006599999999999995,0.0037174721
195311,0.0181037037,0.0142,0.0063999999999999994,-0.0037037037
195312,0.016,0.0114,0.006100000000000001,0.0
195401,0.0118,0.017300000000000003,0.006500000000000002,0.0
195402,0.0097,0.0182,0.006600000000000002,0.0
195403,0.0103,0.017499999999999998,0.006499999999999999,0.0
195404,0.013417472100000001,0.0176,0.006200000000000001,-0.0037174721
195405,0.0038686567,0.020300000000000002,0.0059000000000000025,0.0037313433
195406,0.0064,0.0208,0.005899999999999999,0.0
195407,0.0072,0.0194,0.006100000000000005,0.0
195408,0.0092,0.0177,0.006200000000000001,0.0
195409,0.013817472099999999,0.017,0.005800000000000003,-0.0037174721
195410,0.0098,0.0173,0.005899999999999999,0.0
195411,0.0093,0.0181,0.005600000000000004,0.0
195412,0.0152313433,0.0157,0.005500000000000001,-0.0037313433
195501,0.0122,0.016399999999999998,0.005200000000000003,0.0
195502,0.0117,0.0175,0.005400000000000002,0.0
195503,0.0128,0.016,0.0045999999999999965,0.0
195504,0.0159,0.0131,0.004800000000000002,0.0
195505,0.0145,0.014199999999999999,0.004600000000000003,0.0
195506,0.0141,0.0152,0.0046,0.0
195507,0.012254681600000001,0.013999999999999999,0.004600000000000003,0.0037453184
195508,0.019,0.011099999999999999,0.0045000000000000005,0.0
195509,0.0169686567,0.0091,0.0046,0.0037313433
195510,0.0223,0.0069,0.004900000000000002,0.0
195511,0.0224,0.007099999999999999,0.004799999999999999,0.0
195512,0.0291174721,0.0040999999999999995,0.004700000000000003,-0.0037174721
195601,0.0241,0.0051,0.004899999999999998,0.0
195602,0.0232,0.006100000000000001,0.0049999999999999975,0.0
195603,0.0225,0.007800000000000001,0.0049999999999999975,0.0
195604,0.0222686567,0.0051,0.004400000000000001,0.0037313433
195605,0.0223825279,0.003799999999999998,0.004499999999999997,0.0037174721
195606,0.0174925926,0.005000000000000001,0.0050000000000000044,0.0074074074
195607,0.015747058799999998,0.008200000000000002,0.005199999999999996,0.0073529412
195608,0.029649635,0.006500000000000002,0.0050000000000000044,-0.003649635
195609,0.0247369963,0.003999999999999997,0.0051,0.0036630037
195610,0.025350365,0.0038999999999999972,0.0058,0.003649635
195611,0.0299,0.0034000000000000037,0.005499999999999998,0.0
195612,0.028463636399999995,0.0024000000000000063,0.006200000000000004,0.0036363636
195701,0.0311,0.0017000000000000036,0.007200000000000005,0.0
195702,0.0273768116,0.001800000000000003,0.007999999999999993,0.0036231884
195703,0.0271898917,0.0022999999999999965,0.0076999999999999985,0.0036101083
195704,0.0271028777,0.0038000000000000013,0.0076999999999999985,0.0035971223
195705,0.0270157706,0.004199999999999999,0.0077999999999999944,0.0035842294
195706,0.0293285714,0.0032000000000000015,0.007199999999999998,0.0035714286
195707,0.024482562300000003,0.004899999999999995,0.007400000000000004,0.0071174377
195708,0.0337,0.0030000000000000027,0.007199999999999998,0.0
195709,0.0353,0.0011000000000000038,0.008099999999999996,0.0
195710,0.0358,0.0011000000000000038,0.008899999999999998,0.0
195711,0.0295664311,0.000900000000000005,0.010099999999999998,0.0035335689
195712,0.0304,0.0019000000000000024,0.012199999999999996,0.0
195801,0.0173577465,0.0086,0.012300000000000005,0.0070422535
195802,0.0153,0.0172,0.010700000000000001,0.0
195803,0.0060069929999999995,0.0191,0.010500000000000002,0.006993007
195804,0.0078277778,0.019799999999999998,0.010700000000000001,0.0034722222
195805,0.0091,0.0222,0.010499999999999995,0.0
195806,0.0083,0.024099999999999996,0.009799999999999996,0.0
195807,0.0056397924,0.025199999999999997,0.008599999999999997,0.0034602076
195808,0.020348275899999997,0.020200000000000003,0.008199999999999999,-0.0034482759
195809,0.0244,0.013599999999999998,0.007800000000000001,0.0
195810,0.0263,0.011100000000000002,0.008100000000000003,0.0
195811,0.0232397924,0.010099999999999998,0.007800000000000001,0.0034602076
195812,0.031148275899999998,0.010499999999999999,0.0076999999999999985,-0.0034482759
195901,0.0247397924,0.012600000000000004,0.0075,0.0034602076
195902,0.0304482759,0.0132,0.0075,-0.0034482759
195903,0.028,0.012300000000000002,0.007199999999999998,0.0
195904,0.026039792399999998,0.0119,0.0063,0.0034602076
195905,0.0284,0.0133,0.0058999999999999955,0.0
195906,0.028651724099999998,0.009800000000000003,0.0058,0.0034482759
195907,0.0285635739,0.0097,0.006100000000000001,0.0034364261
195908,0.0338,0.0085,0.006600000000000002,0.0
195909,0.0369753425,0.0025000000000000022,0.006600000000000002,0.0034246575
195910,0.0370870307,0.0015999999999999973,0.007100000000000002,0.0034129693
195911,0.0415,0.0017000000000000001,0.006999999999999999,0.0
195912,0.0449,-0.00020000000000000573,0.006999999999999999,0.0
196001,0.046901360499999996,0.0006000000000000033,0.007300000000000001,-0.0034013605
196002,0.036187030700000004,0.0032999999999999974,0.007800000000000001,0.0034129693
196003,0.0331,0.008,0.007599999999999996,0.0
196004,0.028898639500000003,0.010299999999999997,0.0075,0.0034013605
196005,0.0329,0.008800000000000002,0.008199999999999999,0.0
196006,0.0212101695,0.0161,0.008100000000000003,0.0033898305
196007,0.023,0.015199999999999998,0.008100000000000003,0.0
196008,0.023,0.016,0.008,0.0
196009,0.0248,0.0139,0.007599999999999996,0.0
196010,0.0162432432,0.016100000000000003,0.008100000000000003,0.0067567568
196011,0.0237,0.0162,0.0076999999999999985,0.0
196012,0.0225,0.0155,0.0075,0.0
196101,0.0224,0.018,0.0077999999999999944,0.0
196102,0.0242,0.015,0.008,0.0
196103,0.0239,0.015799999999999998,0.008,0.0
196104,0.0229,0.016200000000000003,0.007599999999999996,0.0
196105,0.0229,0.0168,0.007399999999999997,0.0
196106,0.0233,0.017099999999999997,0.006999999999999999,0.0
196107,0.0156885906,0.018,0.0068000000000000005,0.0067114094
196108,0.027233333300000002,0.0171,0.006600000000000002,-0.0033333333
196109,0.0194555184,0.0175,0.0067000000000000046,0.0033444816
196110,0.023,0.017,0.007099999999999995,0.0
196111,0.0248,0.0156,0.007199999999999998,0.0
196112,0.026,0.015500000000000003,0.0067999999999999935,0.0
196201,0.0272,0.014700000000000001,0.006599999999999995,0.0
196202,0.0239666667,0.014099999999999998,0.006499999999999999,0.0033333333
196203,0.0272,0.012600000000000004,0.006499999999999999,0.0
196204,0.023977740900000002,0.012099999999999996,0.006900000000000003,0.0033222591
196205,0.0269,0.012400000000000001,0.007200000000000005,0.0
196206,0.0273,0.012799999999999995,0.007400000000000004,0.0
196207,0.0258887417,0.012,0.007100000000000002,0.0033112583
196208,0.0282,0.011899999999999997,0.007100000000000002,0.0
196209,0.024499669999999998,0.012000000000000004,0.007099999999999995,0.00330033
196210,0.0274,0.0121,0.007100000000000002,0.0
196211,0.0283,0.011300000000000004,0.007099999999999995,0.0
196212,0.0287,0.0108,0.0068000000000000005,0.0
196301,0.0291,0.010700000000000001,0.006999999999999999,0.0
196302,0.0292,0.0108,0.006999999999999999,0.0
196303,0.0256105263,0.011199999999999998,0.006900000000000003,0.0032894737
196304,0.029,0.0115,0.006600000000000002,0.0
196305,0.0293,0.011299999999999998,0.0063,0.0
196306,0.0266213115,0.0108,0.006100000000000001,0.0032786885
196307,0.028532026100000003,0.008899999999999998,0.0058,0.0032679739
196308,0.0332,0.007600000000000003,0.005400000000000002,0.0
196309,0.0338,0.007200000000000005,0.005299999999999999,0.0
196310,0.031242671000000003,0.006999999999999999,0.0051,0.003257329
196311,0.0352,0.006199999999999997,0.0051,0.0
196312,0.0319532468,0.006499999999999999,0.0050000000000000044,0.0032467532
196401,0.0352,0.006899999999999996,0.004400000000000001,0.0
196402,0.0353,0.007100000000000002,0.004700000000000003,0.0
196403,0.0354,0.006999999999999999,0.004500000000000004,0.0
196404,0.0347,0.007599999999999996,0.004500000000000004,0.0
196405,0.0348,0.007400000000000004,0.004400000000000001,0.0
196406,0.031563754,0.007100000000000002,0.004400000000000001,0.003236246
196407,0.0313741935,0.0075,0.004300000000000005,0.0032258065
196408,0.0382154341,0.007299999999999994,0.0040999999999999995,-0.0032154341
196409,0.0320741935,0.0068000000000000005,0.003999999999999997,0.0032258065
196410,0.0357,0.006399999999999996,0.0038999999999999937,0.0
196411,0.033184565900000004,0.0058,0.003799999999999998,0.0032154341
196412,0.0384,0.0039000000000000007,0.003699999999999995,0.0
196501,0.0381,0.0040999999999999995,0.003700000000000002,0.0
196502,0.0393,0.0030999999999999986,0.003700000000000002,0.0
196503,0.036094871800000004,0.0029,0.003599999999999999,0.0032051282
196504,0.0361051118,0.0029,0.003700000000000002,0.0031948882
196505,0.0389,0.0034000000000000002,0.003699999999999995,0.0
196506,0.0316305732,0.004299999999999998,0.0039000000000000007,0.0063694268
196507,0.0384,0.0040000000000000036,0.0040000000000000036,0.0
196508,0.0384,0.004400000000000001,0.0039000000000000007,0.0
196509,0.0392,0.0040999999999999995,0.0039000000000000007,0.0
196510,0.037135443000000004,0.0029999999999999957,0.003699999999999995,0.003164557
196511,0.0409,0.0032000000000000015,0.003500000000000003,0.0
196512,0.0406454259,0.0011999999999999997,0.0034000000000000002,0.0031545741
196601,0.0459,-0.00020000000000000573,0.0032000000000000015,0.0
196602,0.040210691800000004,0.0011999999999999997,0.0034000000000000002,0.0062893082
196603,0.042775,9.999999999999593e-05,0.003999999999999997,0.003125
196604,0.0399694704,0.0005000000000000004,0.004500000000000004,0.0062305296
196605,0.0464,0.000900000000000005,0.0050000000000000044,0.0
196606,0.041904024799999995,0.002700000000000001,0.0051,0.0030959752
196607,0.044913580200000004,0.0001999999999999988,0.005200000000000003,0.0030864198
196608,0.0434461538,0.00030000000000000165,0.005199999999999996,0.0061538462
196609,0.0537,-0.005699999999999997,0.006000000000000005,0.0
196610,0.047383792,-0.0068000000000000005,0.006899999999999996,0.006116208
196611,0.0532,-0.005199999999999996,0.007800000000000001,0.0
196612,0.0496,-0.0040999999999999995,0.007899999999999997,0.0
196701,0.0472,-0.0023999999999999994,0.0077000000000000055,0.0
196702,0.0456,0.000899999999999998,0.007900000000000004,0.0
196703,0.039560486299999996,0.0029,0.007200000000000005,0.0030395137
196704,0.035369697,0.009300000000000003,0.007199999999999998,0.003030303
196705,0.032978851999999996,0.012200000000000003,0.007199999999999998,0.003021148
196706,0.0323879518,0.015300000000000001,0.007100000000000002,0.0030120482
196707,0.039096997,0.008400000000000005,0.0068000000000000005,0.003003003
196708,0.039705988000000005,0.0087,0.007099999999999995,0.002994012
196709,0.041214925400000005,0.0075,0.0075,0.0029850746
196710,0.0426238095,0.009299999999999996,0.006999999999999992,0.0029761905
196711,0.044332640900000005,0.009399999999999999,0.006499999999999999,0.0029673591
196712,0.0467414201,0.0058999999999999955,0.007400000000000004,0.0029585799
196801,0.044100295000000005,0.003599999999999999,0.0067000000000000046,0.005899705
196802,0.046867448699999995,0.004400000000000001,0.007000000000000006,0.0029325513
196803,0.0487760234,0.004299999999999998,0.007400000000000004,0.0029239766
196804,0.0508845481,0.000899999999999998,0.007599999999999996,0.0029154519
196805,0.053693023299999997,-0.001899999999999999,0.007599999999999996,0.0029069767
196806,0.0494028986,-0.001799999999999996,0.007900000000000004,0.0057971014
196807,0.0473363112,-0.0013999999999999985,0.007400000000000004,0.0057636888
196808,0.0480346705,0.0010999999999999968,0.008,0.0028653295
196809,0.049042857100000004,0.0011999999999999997,0.008199999999999999,0.0028571429
196810,0.0478019943,0.0008000000000000021,0.0075,0.0056980057
196811,0.0516671388,0.0020999999999999977,0.008199999999999999,0.0028328612
196812,0.056775141200000004,0.0001999999999999988,0.007800000000000001,0.0028248588
196901,0.0585830986,0.0002999999999999947,0.007300000000000001,0.0028169014
196902,0.055582022499999995,0.0006000000000000033,0.006399999999999989,0.0056179775
196903,0.0518201117,0.001800000000000003,0.006599999999999995,0.0083798883
196904,0.0555598338,-0.001800000000000003,0.006499999999999992,0.0055401662
196905,0.0576451791,0.0030999999999999986,0.007300000000000001,0.0027548209
196906,0.0589054945,-0.0020999999999999977,0.007199999999999998,0.0054945055
196907,0.06453551910000001,-0.007900000000000004,0.007599999999999996,0.0054644809
196908,0.06436521740000001,-0.0068000000000000005,0.008900000000000005,0.0054347826
196909,0.0681972973,-0.0032000000000000084,0.009099999999999997,0.0027027027
196910,0.0646091644,-0.00470000000000001,0.008899999999999991,0.0053908356
196911,0.06703806970000001,-0.004800000000000013,0.009000000000000008,0.0053619303
196912,0.0728666667,-0.009500000000000008,0.009299999999999989,0.0053333333
197001,0.07604748010000001,-0.009400000000000006,0.009499999999999995,0.0026525199
197002,0.0660089947,-0.006199999999999997,0.008500000000000008,0.0052910053
197003,0.061036842099999995,-0.00019999999999999185,0.007900000000000004,0.0052631579
197004,0.0572465969,0.004799999999999999,0.0087,0.0078534031
197005,0.0658025974,0.0059000000000000025,0.0087,0.0025974026
197006,0.0616186528,0.004100000000000006,0.0076999999999999985,0.0051813472
197007,0.059345360800000004,0.004199999999999995,0.009599999999999997,0.0051546392
197008,0.0641,0.005299999999999999,0.0131,0.0
197009,0.0560717949,0.006800000000000007,0.012999999999999998,0.0051282051
197010,0.0539979592,0.0102,0.012999999999999998,0.0051020408
197011,0.0477238579,0.010900000000000007,0.013299999999999992,0.0050761421
197012,0.0436494949,0.016099999999999996,0.014800000000000008,0.0050505051
197101,0.0444,0.016799999999999995,0.013800000000000007,0.0
197102,0.0344874372,0.0259,0.0131,0.0025125628
197103,0.031293734299999994,0.025500000000000002,0.012499999999999997,0.0025062657
197104,0.0361,0.023299999999999994,0.01200000000000001,0.0025
197105,0.0364124688,0.020999999999999998,0.010899999999999993,0.0049875312
197106,0.0400558313,0.016600000000000004,0.011099999999999999,0.0074441687
197107,0.0515369458,0.010299999999999997,0.011200000000000002,0.0024630542
197108,0.0469429975,0.0116,0.011700000000000002,0.0024570025
197109,0.0469,0.012900000000000002,0.01150000000000001,0.0
197110,0.042149019600000004,0.014199999999999997,0.010900000000000007,0.0024509804
197111,0.0422,0.0174,0.011200000000000002,0.0
197112,0.0352100244,0.019600000000000006,0.011300000000000004,0.0048899756
197201,0.0338,0.026800000000000004,0.010399999999999993,0.0
197202,0.02713382,0.028199999999999996,0.009599999999999997,0.00486618
197203,0.0348786925,0.024,0.009999999999999995,0.0024213075
197204,0.0346845411,0.024399999999999998,0.009400000000000006,0.0024154589
197205,0.0344903614,0.0228,0.009300000000000003,0.0024096386
197206,0.036696153800000006,0.021599999999999994,0.0097,0.0024038462
197207,0.0350038369,0.019499999999999997,0.0102,0.0047961631
197208,0.0378133652,0.019299999999999998,0.009999999999999995,0.0023866348
197209,0.044219047600000005,0.013999999999999999,0.0087,0.0023809524
197210,0.0426494062,0.011700000000000002,0.008500000000000008,0.0047505938
197211,0.0454359338,0.009899999999999999,0.0087,0.0023640662
197212,0.0483415094,0.0092,0.008499999999999994,0.0023584906
197301,0.0517470588,0.014400000000000003,0.007500000000000007,0.0023529412
197302,0.0489577465,0.012799999999999999,0.007499999999999993,0.0070422535
197303,0.051575990700000005,0.007699999999999992,0.00739999999999999,0.0093240093
197304,0.055671593500000005,0.006099999999999994,0.008300000000000002,0.0069284065
197305,0.056719266100000006,0.006699999999999998,0.0076999999999999985,0.0068807339
197306,0.065066287,-0.0009000000000000119,0.007599999999999996,0.006833713
197307,0.07783755660000001,-0.004100000000000006,0.007900000000000004,0.0022624434
197308,0.0686413093,-0.013899999999999996,0.008500000000000008,0.0180586907
197309,0.0806827051,-0.0126,0.009999999999999995,0.0022172949
197310,0.06335044249999999,-0.0032999999999999974,0.008099999999999996,0.0088495575
197311,0.0717210526,-0.007099999999999995,0.007499999999999993,0.0065789474
197312,0.0679640523,-0.001899999999999999,0.008000000000000007,0.0065359477
197401,0.06904199130000001,-0.003700000000000009,0.006500000000000006,0.0086580087
197402,0.0583244635,0.003600000000000006,0.0068000000000000005,0.0128755365
197403,0.06688813560000001,-0.0013000000000000095,0.006099999999999994,0.0127118644
197404,0.0791158996,-0.0016999999999999932,0.006199999999999997,0.0041841004
197405,0.0698,-0.0012999999999999956,0.0068000000000000005,0.0125
197406,0.0707695473,0.0021999999999999936,0.008000000000000007,0.0082304527
197407,0.0673367347,0.0068000000000000005,0.007599999999999996,0.0081632653
197408,0.077454251,-0.0040999999999999925,0.0076999999999999985,0.012145749
197409,0.06860000000000001,0.0030999999999999917,0.009400000000000006,0.012
197410,0.0647185771,0.004900000000000002,0.0121,0.0098814229
197411,0.0668722114,0.0023999999999999994,0.01709999999999999,0.0078277886
197412,0.0637330097,0.004500000000000004,0.0174,0.0077669903
197501,0.0587464355,0.017,0.019799999999999998,0.0038535645
197502,0.0473224568,0.023799999999999995,0.0203,0.0076775432
197503,0.0510904762,0.027500000000000004,0.018100000000000005,0.0038095238
197504,0.0523049336,0.0291,0.01630000000000001,0.0037950664
197505,0.0466289225,0.031299999999999994,0.0179,0.0056710775
197506,0.045881203,0.027899999999999994,0.018500000000000003,0.007518797
197507,0.0501059701,0.0216,0.01709999999999999,0.0111940299
197508,0.0625549815,0.020000000000000004,0.016399999999999998,0.0018450185
197509,0.058675138099999996,0.022000000000000006,0.016600000000000004,0.0055248619
197510,0.054105494500000004,0.0223,0.017600000000000005,0.0054945055
197511,0.0475140255,0.028999999999999998,0.017799999999999996,0.0072859745
197512,0.0507833635,0.026100000000000005,0.017699999999999994,0.0036166365
197601,0.0468981982,0.03149999999999999,0.018100000000000005,0.0018018018
197602,0.045202877700000005,0.03139999999999999,0.0169,0.0035971223
197603,0.0482078853,0.029200000000000004,0.016,0.0017921147
197604,0.0450221825,0.031099999999999996,0.015399999999999997,0.0035778175
197605,0.0448698752,0.03010000000000001,0.012799999999999992,0.0071301248
197606,0.0487902655,0.02659999999999999,0.012700000000000003,0.0053097345
197607,0.0470183099,0.028200000000000003,0.0126,0.0052816901
197608,0.0461460595,0.0276,0.011899999999999994,0.0052539405
197609,0.0473156794,0.027300000000000005,0.0102,0.0034843206
197610,0.0439916667,0.028699999999999996,0.0097,0.0052083333
197611,0.045772884300000004,0.027399999999999994,0.00979999999999999,0.0017271157
197612,0.0400517241,0.0286,0.011400000000000007,0.0034482759
197701,0.0410453608,0.030199999999999998,0.011200000000000002,0.0051546392
197702,0.0364435897,0.0308,0.010800000000000004,0.0102564103
197703,0.0392318105,0.031200000000000006,0.0102,0.0067681895
197704,0.0369966387,0.0317,0.010300000000000004,0.0084033613
197705,0.0446,0.0269,0.009599999999999997,0.005
197706,0.043566500800000005,0.025199999999999993,0.009599999999999997,0.0066334992
197707,0.0469576606,0.02489999999999999,0.009300000000000003,0.0049423394
197708,0.051621311499999996,0.020499999999999997,0.008400000000000005,0.0032786885
197709,0.0548320261,0.018299999999999997,0.008799999999999988,0.0032679739
197710,0.058342671,0.0165,0.008500000000000008,0.003257329
197711,0.0561298701,0.016700000000000007,0.0087,0.0048701299
197712,0.0574689822,0.0196,0.007999999999999993,0.0032310178
197801,0.0579587762,0.017200000000000007,0.0076000000000000095,0.0064412238
197802,0.0581,0.017699999999999994,0.007300000000000001,0.0064
197803,0.054950874399999995,0.020199999999999996,0.007500000000000007,0.0079491256
197804,0.055013564699999996,0.020900000000000002,0.0076000000000000095,0.0078864353
197805,0.054710328600000004,0.021099999999999994,0.007999999999999993,0.0093896714
197806,0.056447286799999996,0.019199999999999995,0.008400000000000005,0.0108527132
197807,0.0624312883,0.015700000000000006,0.007199999999999998,0.0076687117
197808,0.06623379,0.013499999999999998,0.00789999999999999,0.00456621
197809,0.0709242424,0.007499999999999993,0.007300000000000001,0.0075757576
197810,0.0708774436,0.009000000000000008,0.006999999999999992,0.0090225564
197811,0.0819290611,0.0012999999999999956,0.007999999999999993,0.0044709389
197812,0.08634896140000001,-0.0010000000000000009,0.007800000000000001,0.0044510386
197901,0.0846373708,-0.004900000000000002,0.008800000000000002,0.0088626292
197902,0.0814869693,-0.0023999999999999994,0.008199999999999999,0.0117130307
197903,0.084669754,-0.004599999999999993,0.008899999999999991,0.010130246
197904,0.08313868190000001,-0.0023999999999999994,0.009500000000000008,0.0114613181
197905,0.08335212460000001,-0.0058,0.0097,0.0127478754
197906,0.0794111888,-0.0029,0.010900000000000007,0.0111888112
197907,0.0813349931,-0.0029,0.010900000000000007,0.0110650069
197908,0.0856240766,-0.004500000000000004,0.011200000000000002,0.0095759234
197909,0.0917598916,-0.009899999999999992,0.010999999999999996,0.0108401084
197910,0.10895710460000001,-0.013600000000000001,0.012700000000000003,0.0080428954
197911,0.1085914894,-0.017,0.012300000000000005,0.0093085106
197912,0.10985981549999999,-0.019199999999999995,0.013200000000000003,0.0105401845
198001,0.1056584094,-0.008599999999999997,0.013300000000000006,0.0143415906
198002,0.1144611825,-0.009999999999999995,0.011899999999999994,0.0141388175
198003,0.1367908745,-0.0281,0.014899999999999997,0.0152091255
198004,0.1207640449,-0.024400000000000005,0.021500000000000005,0.0112359551
198005,0.0759234568,0.0179,0.021800000000000014,0.0098765432
198006,0.059697555,0.029899999999999996,0.021299999999999986,0.011002445
198007,0.0806,0.02679999999999999,0.015799999999999995,0.0
198008,0.0840448609,0.022699999999999998,0.015100000000000002,0.0072551391
198009,0.0942966387,0.015799999999999995,0.01680000000000001,0.0084033613
198010,0.1066761905,0.006900000000000003,0.01920000000000001,0.0095238095
198011,0.129045283,-0.014300000000000007,0.016699999999999993,0.008254717
198012,0.14554327490000002,-0.035,0.01930000000000001,0.0093567251
198101,0.1420887601,-0.0291,0.022199999999999998,0.0081112399
198102,0.1375551724,-0.019600000000000006,0.020199999999999996,0.0103448276
198103,0.1267740614,-0.008800000000000002,0.020100000000000007,0.0068259386
198104,0.130120339,-0.003699999999999981,0.01679999999999998,0.006779661
198105,0.1551436588,-0.036500000000000005,0.01630000000000001,0.0078563412
198106,0.138391314,-0.0169,0.02049999999999999,0.008908686
198107,0.13846247239999998,-0.012499999999999983,0.0179,0.0110375276
198108,0.1474580786,-0.010599999999999998,0.014499999999999985,0.0076419214
198109,0.1372491874,0.0012000000000000066,0.01429999999999998,0.0097508126
198110,0.1332540773,0.0030000000000000027,0.017100000000000004,0.0021459227
198111,0.1053880086,0.013399999999999995,0.021699999999999997,0.0032119914
198112,0.1052982924,0.02489999999999999,0.0232,0.0032017076
198201,0.11960851060000001,0.01869999999999998,0.019200000000000023,0.0031914894
198202,0.1316186638,0.005399999999999988,0.019100000000000006,0.0031813362
198203,0.1278570825,0.011899999999999994,0.022399999999999975,-0.0010570825
198204,0.1227671958,0.007800000000000001,0.0232,0.0042328042
198205,0.11141633299999999,0.01490000000000001,0.023799999999999988,0.009483667
198206,0.112173904,0.016499999999999987,0.02109999999999998,0.012526096
198207,0.1083453608,0.021699999999999983,0.021900000000000003,0.0051546392
198208,0.0847487179,0.03860000000000001,0.026100000000000012,0.0020512821
198209,0.07715291710000001,0.039099999999999996,0.026900000000000007,0.0020470829
198210,0.0740356486,0.03409999999999999,0.026099999999999984,0.0030643514
198211,0.0827366599,0.03180000000000001,0.026199999999999987,-0.0020366599
198212,0.0834816327,0.030100000000000002,0.023099999999999996,-0.0040816327
198301,0.07655081970000001,0.03269999999999999,0.02149999999999999,0.0020491803
198302,0.0800775051,0.02489999999999999,0.019400000000000014,0.0010224949
198303,0.0835,0.02479999999999999,0.018799999999999997,0.0
198304,0.07494984680000001,0.022999999999999993,0.017799999999999996,0.0071501532
198305,0.0758148073,0.029299999999999993,0.016299999999999995,0.0060851927
198306,0.08487580650000001,0.023999999999999994,0.01630000000000001,0.0030241935
198307,0.08677989950000001,0.028999999999999998,0.012399999999999994,0.0040201005
198308,0.09039699699999999,0.0276,0.011300000000000004,0.003003003
198309,0.08500998,0.0257,0.011800000000000005,0.00499002
198310,0.083420854,0.0324,0.0121,0.002979146
198311,0.085619802,0.03,0.011999999999999997,0.001980198
198312,0.0890118577,0.029700000000000004,0.011800000000000005,0.0009881423
198401,0.083076999,0.028999999999999998,0.014500000000000013,0.005923001
198402,0.0859932287,0.030800000000000008,0.015099999999999988,0.0049067713
198403,0.093246875,0.030099999999999988,0.01419999999999999,0.001953125
198404,0.0920267057,0.031499999999999986,0.015000000000000013,0.0048732943
198405,0.0953902037,0.0398,0.014600000000000002,0.0029097963
198406,0.095798646,0.0387,0.014999999999999986,0.002901354
198407,0.0973427194,0.0281,0.017100000000000004,0.0038572806
198408,0.1008575408,0.0223,0.017600000000000005,0.0038424592
198409,0.098915311,0.019799999999999998,0.0169,0.004784689
198410,0.0945428571,0.0199,0.0131,0.0028571429
198411,0.0861,0.030800000000000008,0.011900000000000008,0.0
198412,0.0806,0.0364,0.012700000000000003,0.0
198501,0.0757006648,0.03509999999999999,0.011799999999999991,0.0018993352
198502,0.0779606635,0.0382,0.010999999999999996,0.0047393365
198503,0.0814264151,0.0329,0.011300000000000004,0.0037735849
198504,0.0748007519,0.036699999999999997,0.012799999999999992,0.0046992481
198505,0.07105818520000001,0.0314,0.014300000000000007,0.0037418148
198506,0.0667041007,0.03599999999999999,0.014600000000000002,0.0027958993
198507,0.06894126390000001,0.0383,0.014599999999999988,0.0018587361
198508,0.0695447124,0.0354,0.014499999999999999,0.0018552876
198509,0.06822222219999999,0.03720000000000001,0.014099999999999988,0.0027777778
198510,0.0679065559,0.0335,0.013399999999999995,0.0036934441
198511,0.06964011040000001,0.02869999999999999,0.01440000000000001,0.0027598896
198512,0.0682477064,0.02460000000000001,0.014200000000000004,0.0027522936
198601,0.0679552608,0.025099999999999997,0.013899999999999996,0.0027447392
198602,0.0733372263,0.013499999999999998,0.01440000000000001,-0.0027372263
198603,0.0701745654,0.010999999999999996,0.015,-0.0045745654
198604,0.0624382353,0.017600000000000005,0.013999999999999999,-0.0018382353
198605,0.0587375691,0.0233,0.01200000000000001,0.0027624309
198606,0.0565903581,0.0169,0.0121,0.0055096419
198607,0.0583,0.022600000000000002,0.012799999999999992,0.0
198608,0.053473516,0.021000000000000005,0.014600000000000002,0.001826484
198609,0.0475421149,0.030599999999999995,0.013099999999999987,0.0045578851
198610,0.050892559,0.028499999999999998,0.013800000000000007,0.000907441
198611,0.0525933817,0.024399999999999998,0.013899999999999996,0.0009066183
198612,0.0543942029,0.023599999999999996,0.014799999999999994,0.0009057971
198701,0.0479651584,0.023499999999999993,0.013600000000000001,0.0063348416
198702,0.0523028777,0.02040000000000001,0.012700000000000003,0.0035971223
198703,0.051419713299999996,0.023600000000000003,0.012500000000000011,0.0044802867
198704,0.051047636,0.029500000000000005,0.011900000000000008,0.005352364
198705,0.053050754199999994,0.0314,0.011800000000000005,0.0035492458
198706,0.0531633068,0.031,0.011999999999999997,0.0035366932
198707,0.054256828199999996,0.033800000000000004,0.011899999999999994,0.0026431718
198708,0.0551275923,0.0332,0.011300000000000004,0.0052724077
198709,0.0587552448,0.035199999999999995,0.011300000000000004,0.0052447552
198710,0.0586913043,0.0313,0.010999999999999996,0.0026086957
198711,0.056032697299999996,0.0362,0.012200000000000003,0.0008673027
198712,0.0577,0.0343,0.011800000000000005,0.0
198801,0.0555003466,0.0271,0.011900000000000008,0.0025996534
198802,0.0540070873,0.028800000000000006,0.012200000000000003,0.0025929127
198803,0.052689655200000005,0.0331,0.011800000000000005,0.0043103448
198804,0.0539497854,0.0338,0.012300000000000005,0.0051502146
198805,0.0591841161,0.032600000000000004,0.011399999999999993,0.0034158839
198806,0.0603446809,0.0271,0.011400000000000007,0.0042553191
198807,0.0630627119,0.027400000000000008,0.01150000000000001,0.0042372881
198808,0.06638059069999999,0.024400000000000005,0.01100000000000001,0.0042194093
198809,0.06567731090000001,0.019299999999999998,0.010800000000000004,0.0067226891
198810,0.0701611018,0.015400000000000011,0.008999999999999994,0.0033388982
198811,0.0767680532,0.01469999999999999,0.010300000000000004,0.0008319468
198812,0.0790374896,0.011100000000000013,0.010800000000000004,0.0016625104
198901,0.0777207469,0.0076000000000000095,0.010300000000000004,0.0049792531
198902,0.0811711808,0.008199999999999999,0.0097,0.0041288192
198903,0.0824434211,0.004699999999999996,0.0087,0.0057565789
198904,0.0799587081,0.005300000000000013,0.008199999999999999,0.0065412919
198905,0.0786135662,0.003500000000000003,0.008900000000000005,0.0056864338
198906,0.0790767367,0.0006000000000000033,0.009300000000000003,0.0024232633
198907,0.0763825947,0.0013000000000000095,0.009399999999999992,0.0024174053
198908,0.077392283,0.005099999999999993,0.0092,0.001607717
198909,0.0742897271,0.007199999999999998,0.008999999999999994,0.0032102729
198910,0.0716,0.004600000000000007,0.008900000000000005,0.0048
198911,0.074511465,0.0039000000000000007,0.0092,0.002388535
198912,0.07471143760000001,0.005299999999999999,0.009599999999999997,0.0015885624
199001,0.0660907216,0.010099999999999998,0.009500000000000008,0.0103092784
199002,0.0726904239,0.0102,0.0092,0.0047095761
199003,0.07353125,0.009900000000000006,0.00839999999999999,0.00546875
199004,0.07614599840000001,0.01469999999999999,0.00839999999999999,0.0015540016
199005,0.0750726144,0.010900000000000007,0.009399999999999992,0.0023273856
199006,0.07188204329999999,0.00910000000000001,0.009599999999999997,0.0054179567
199007,0.0723508853,0.00979999999999999,0.009599999999999997,0.0038491147
199008,0.065297546,0.0175,0.009999999999999995,0.009202454
199009,0.0652413374,0.017799999999999996,0.01079999999999999,0.0083586626
199010,0.065671364,0.018100000000000005,0.0121,0.006028636
199011,0.068352809,0.015200000000000005,0.013200000000000003,0.002247191
199012,0.0674,0.017,0.013800000000000007,0.0
199101,0.0562209268,0.0215,0.014100000000000001,0.0059790732
199102,0.0579141159,0.024699999999999993,0.012399999999999994,0.0014858841
199103,0.0576163205,0.025300000000000003,0.0116,0.0014836795
199104,0.0550185185,0.027199999999999995,0.010800000000000004,0.0014814815
199105,0.0516414201,0.029900000000000003,0.009999999999999995,0.0029585799
199106,0.0527501475,0.030299999999999994,0.009499999999999995,0.0029498525
199107,0.054329411800000005,0.029200000000000004,0.008900000000000005,0.0014705882
199108,0.0503631424,0.028499999999999998,0.009000000000000008,0.0029368576
199109,0.047807613500000005,0.026799999999999997,0.009000000000000008,0.0043923865
199110,0.0484422741,0.029200000000000004,0.009399999999999992,0.0014577259
199111,0.0426887918,0.033299999999999996,0.0097,0.0029112082
199112,0.0399743106,0.032299999999999995,0.009500000000000008,0.0007256894
199201,0.0365496737,0.0396,0.009300000000000003,0.0014503263
199202,0.0347794352,0.03930000000000001,0.009399999999999992,0.0036205648
199203,0.0353494949,0.039299999999999995,0.008999999999999994,0.0050505051
199204,0.036064249799999996,0.0428,0.008800000000000002,0.0014357502
199205,0.0348663082,0.041800000000000004,0.008500000000000008,0.0014336918
199206,0.0330209019,0.0399,0.008300000000000002,0.0035790981
199207,0.029960199699999995,0.0405,0.007700000000000012,0.0021398003
199208,0.028453024900000002,0.041199999999999994,0.006999999999999992,0.0028469751
199209,0.0262611072,0.04189999999999999,0.006999999999999992,0.0028388928
199210,0.0250614296,0.0455,0.008500000000000008,0.0035385704
199211,0.029889562800000002,0.043500000000000004,0.008599999999999997,0.0014104372
199212,0.0329042254,0.0404,0.008300000000000002,-0.0007042254
199301,0.0250669486,0.042499999999999996,0.007599999999999996,0.0049330514
199302,0.0257936886,0.0405,0.0068000000000000005,0.0035063114
199303,0.026005939899999997,0.0407,0.005699999999999997,0.0034940601
199304,0.0259144847,0.04139999999999999,0.0068000000000000005,0.0027855153
199305,0.028211111100000002,0.040499999999999994,0.007800000000000001,0.0013888889
199306,0.029313037400000002,0.03609999999999999,0.00739999999999999,0.0013869626
199307,0.0304,0.03520000000000001,0.007599999999999996,0.0
199308,0.0274299169,0.032100000000000004,0.007499999999999993,0.0027700831
199309,0.0274281768,0.03320000000000001,0.0068000000000000005,0.0020718232
199310,0.0260649207,0.032100000000000004,0.006400000000000003,0.0041350793
199311,0.0303136582,0.034100000000000005,0.007300000000000001,0.0006863418
199312,0.0306,0.0348,0.007599999999999996,0.0
199401,0.0270565158,0.033900000000000007,0.007300000000000001,0.0027434842
199402,0.0290800274,0.035699999999999996,0.0068000000000000005,0.0034199726
199403,0.031591683700000005,0.03749999999999999,0.006499999999999992,0.0034083163
199404,0.0354413043,0.0377,0.006400000000000003,0.0013586957
199405,0.0407215739,0.034499999999999996,0.0063,0.0006784261
199406,0.038010169499999996,0.036,0.0068000000000000005,0.0033898305
199407,0.0405972973,0.0313,0.0068999999999999895,0.0027027027
199408,0.040756873299999996,0.0313,0.0067000000000000115,0.0040431267
199409,0.0435154362,0.033800000000000004,0.006400000000000003,0.0026845638
199410,0.048830656,0.0314,0.0063,0.000669344
199411,0.051562207400000004,0.027899999999999994,0.006400000000000003,0.0013377926
199412,0.056,0.023899999999999998,0.006400000000000003,0.0
199501,0.053091983999999995,0.020900000000000002,0.006200000000000011,0.004008016
199502,0.053707984,0.018100000000000005,0.005899999999999989,0.003992016
199503,0.053986547399999994,0.0182,0.0058,0.0033134526
199504,0.0531974901,0.017999999999999995,0.005699999999999997,0.0033025099
199505,0.0547250165,0.010999999999999996,0.005500000000000005,0.0019749835
199506,0.0527289093,0.012300000000000005,0.006000000000000005,0.0019710907
199507,0.0542,0.014899999999999997,0.0063,0.0
199508,0.0513770492,0.013400000000000002,0.006199999999999997,0.0026229508
199509,0.0508379333,0.013499999999999998,0.006099999999999994,0.0019620667
199510,0.0495362924,0.011300000000000004,0.0063,0.0032637076
199511,0.0542506181,0.0087,0.006599999999999995,-0.0006506181
199512,0.0520510417,0.008899999999999998,0.006699999999999998,-0.0006510417
199601,0.044136807800000004,0.0109,0.006600000000000009,0.0058631922
199602,0.045061658000000004,0.017599999999999998,0.006400000000000003,0.003238342
199603,0.0444353777,0.018800000000000004,0.0068000000000000005,0.0051646223
199604,0.0456464355,0.021099999999999994,0.006900000000000003,0.0038535645
199605,0.0482806142,0.0215,0.0068000000000000005,0.0019193858
199606,0.0502614304,0.0194,0.006900000000000003,0.0006385696
199607,0.0495855137,0.019200000000000002,0.007000000000000006,0.0019144863
199608,0.048589172,0.022099999999999995,0.007199999999999998,0.001910828
199609,0.047721360500000004,0.019500000000000003,0.006900000000000003,0.0031786395
199610,0.0467314322,0.017200000000000007,0.0068000000000000005,0.0031685678
199611,0.048404864199999995,0.013999999999999999,0.006900000000000003,0.0018951358
199612,0.0491,0.0182,0.006900000000000003,0.0
199701,0.0471474149,0.018600000000000005,0.006699999999999998,0.0031525851
199702,0.0469573224,0.019300000000000005,0.0063,0.0031426776
199703,0.0488937343,0.020900000000000002,0.0063,0.0025062657
199704,0.05035,0.018899999999999993,0.006100000000000008,0.00125
199705,0.0511242197,0.019599999999999992,0.006199999999999997,-0.0006242197
199706,0.0480507808,0.019500000000000003,0.006099999999999994,0.0012492192
199707,0.049252339400000004,0.013200000000000003,0.006099999999999994,0.0012476606
199708,0.0495308411,0.015799999999999995,0.006000000000000005,0.0018691589
199709,0.0470124378,0.015399999999999997,0.005500000000000005,0.0024875622
199710,0.0472186104,0.0126,0.005699999999999997,0.0024813896
199711,0.0520188119,0.010000000000000002,0.005500000000000005,-0.0006188119
199712,0.0528383901,0.008599999999999997,0.005600000000000008,-0.0012383901
199801,0.0485401116,0.0085,0.0058,0.0018598884
199802,0.0490435644,0.009000000000000001,0.0058,0.0018564356
199803,0.0484470043,0.009899999999999999,0.006000000000000005,0.0018529957
199804,0.0476504316,0.0109,0.006400000000000003,0.0018495684
199805,0.0481538462,0.0092,0.006099999999999994,0.0018461538
199806,0.048571498799999994,0.007800000000000001,0.006000000000000005,0.0012285012
199807,0.0483730061,0.008800000000000002,0.0059999999999999915,0.0012269939
199808,0.0477745098,0.005699999999999997,0.006200000000000011,0.0012254902
199809,0.044876009800000005,0.005600000000000001,0.006900000000000003,0.0012239902
199810,0.037155012200000004,0.014399999999999996,0.008099999999999996,0.0024449878
199811,0.0441,0.009399999999999999,0.009300000000000003,0.0
199812,0.0445097561,0.010299999999999997,0.010100000000000005,-0.0006097561
199901,0.0409594875,0.0102,0.01050000000000001,0.0024405125
199902,0.043182714500000004,0.0143,0.009899999999999992,0.0012172855
199903,0.0413604863,0.0148,0.00910000000000001,0.0030395137
199904,0.035627272700000004,0.0165,0.008400000000000005,0.0072727273
199905,0.045,0.0165,0.007900000000000004,0.0
199906,0.0457,0.017000000000000008,0.00789999999999999,0.0
199907,0.0424915764,0.0184,0.007599999999999996,0.0030084236
199908,0.044800479899999995,0.0177,0.007500000000000007,0.0023995201
199909,0.0420124476,0.017800000000000003,0.00810000000000001,0.0047875524
199910,0.0468132222,0.016500000000000008,0.008300000000000002,0.0017867778
199911,0.0501054697,0.015499999999999993,0.007900000000000004,0.0005945303
199912,0.052,0.0162,0.006400000000000003,0.0
200001,0.050229114699999994,0.013400000000000009,0.005500000000000005,0.0029708853
200002,0.0495758294,0.009100000000000004,0.006100000000000008,0.0059241706
200003,0.0486550059,0.004900000000000002,0.006900000000000003,0.0082449941
200004,0.0560158879,0.006400000000000003,0.0076000000000000095,0.0005841121
200005,0.0567324577,0.006100000000000001,0.009099999999999997,0.0011675423
200006,0.0516521866,0.005299999999999999,0.008099999999999996,0.0052478134
200007,0.057279814400000004,0.0015000000000000013,0.007000000000000006,0.0023201856
200008,0.0609,-0.0015000000000000013,0.007100000000000009,0.0
200009,0.0547916667,0.0011999999999999997,0.007300000000000001,0.0052083333
200010,0.059372884300000005,-0.0011000000000000038,0.007900000000000004,0.0017271157
200011,0.0611252874,-0.0040999999999999995,0.008300000000000002,0.0005747126
200012,0.0582743825,-0.001899999999999999,0.008099999999999996,-0.0005743825
200101,0.0451781609,0.004700000000000003,0.007800000000000001,0.0063218391
200102,0.0448022844,0.006099999999999994,0.007700000000000012,0.0039977156
200103,0.041924687100000003,0.011699999999999995,0.008599999999999997,0.0022753129
200104,0.034727241799999996,0.0206,0.0087,0.0039727582
200105,0.031677671000000004,0.0232,0.0077999999999999875,0.004522329
200106,0.0332117614,0.024099999999999996,0.00789999999999999,0.0016882386
200107,0.0379089888,0.020999999999999998,0.00839999999999999,-0.0028089888
200108,0.0336,0.021000000000000005,0.008300000000000002,0.0
200109,0.0218929577,0.0278,0.008599999999999997,0.0045070423
200110,0.024965115000000003,0.028999999999999998,0.008800000000000002,-0.003365115
200111,0.0203882386,0.0366,0.008400000000000005,-0.0016882386
200112,0.020845884999999998,0.040600000000000004,0.012800000000000006,-0.003945885
200201,0.014236276200000002,0.0404,0.013200000000000003,0.0022637238
200202,0.013247430800000001,0.0391,0.013799999999999993,0.0039525692
200203,0.012275702999999999,0.0425,0.013000000000000012,0.005624297
200204,0.0115071588,0.040400000000000005,0.012700000000000003,0.0055928412
200205,0.0173,0.040499999999999994,0.013399999999999995,0.0
200206,0.0164438265,0.039599999999999996,0.013200000000000003,0.0005561735
200207,0.0156882713,0.037599999999999995,0.013700000000000004,0.0011117287
200208,0.0128685175,0.0348,0.0121,0.0033314825
200209,0.0146397897,0.031700000000000006,0.012499999999999997,0.0016602103
200210,0.014142541400000002,0.034999999999999996,0.014099999999999988,0.0016574586
200211,0.0123,0.0398,0.0131,0.0
200212,0.0141062879,0.0365,0.012399999999999994,-0.0022062879
200301,0.007277667200000001,0.0378,0.011799999999999998,0.0044223328
200302,0.0039949917000000005,0.0355,0.011099999999999999,0.0077050083
200303,0.0052923538999999995,0.0373,0.010600000000000005,0.0060076461
200304,0.0134715527,0.0368,0.011100000000000006,-0.0021715527
200305,0.012332208899999999,0.0329,0.011599999999999992,-0.0016322089
200306,0.0081100817,0.036,0.012199999999999996,0.0010899183
200307,0.0079112684,0.0452,0.011299999999999998,0.0010887316
200308,0.0056935835,0.043699999999999996,0.011299999999999998,0.0038064165
200309,0.006149729100000001,0.0396,0.010700000000000001,0.0032502709
200310,0.0102799136,0.0426,0.010299999999999997,-0.0010799136
200311,0.0120027027,0.0426,0.010100000000000005,-0.0027027027
200312,0.0100840108,0.0421,0.009800000000000003,-0.0010840108
200401,0.003916657600000001,0.0411,0.009000000000000001,0.0048833424
200402,0.003900431999999999,0.03900000000000001,0.0077000000000000055,0.005399568
200403,0.0029553169000000002,0.038,0.007800000000000001,0.0064446831
200404,0.0061982924,0.0437,0.007300000000000008,0.0032017076
200405,0.0043489362,0.0437,0.007100000000000002,0.0058510638
200406,0.0095270756,0.040499999999999994,0.0076999999999999985,0.0031729244
200407,0.014881444399999999,0.039,0.007999999999999993,-0.0015814444
200408,0.0142720169,0.034499999999999996,0.008100000000000003,0.0005279831
200409,0.014389182100000002,0.0323,0.008100000000000003,0.0021108179
200410,0.0123340706,0.0302,0.007400000000000004,0.0052659294
200411,0.0201761655,0.029500000000000002,0.0068000000000000005,0.0005238345
200412,0.0255649215,0.0265,0.0068000000000000005,-0.0036649215
200501,0.021198055700000003,0.0232,0.006599999999999995,0.0021019443
200502,0.0196317777,0.0225,0.006200000000000004,0.0057682223
200503,0.0195793535,0.021400000000000002,0.006600000000000002,0.0078206465
200504,0.0210747025,0.018300000000000004,0.007199999999999998,0.0067252975
200505,0.029427749200000002,0.015599999999999996,0.008600000000000003,-0.0010277492
200506,0.0291855967,0.0132,0.009000000000000001,0.0005144033
200507,0.0275727506,0.013400000000000002,0.008899999999999998,0.0046272494
200508,0.0292822927,0.008800000000000002,0.0087,0.0051177073
200509,0.0219800407,0.012199999999999996,0.009000000000000001,0.0122199593
200510,0.0350879276,0.011299999999999998,0.009500000000000001,0.0020120724
200511,0.0468321285,0.009299999999999996,0.0097,-0.0080321285
200512,0.042948583,0.007200000000000005,0.009500000000000008,-0.004048583
200601,0.0347780488,0.0049999999999999975,0.009499999999999995,0.0076219512
200602,0.0422828543,0.0013999999999999985,0.009200000000000007,0.0020171457
200603,0.0395640161,0.005600000000000001,0.008800000000000002,0.0055359839
200604,0.0374914915,0.007199999999999998,0.008399999999999998,0.0085085085
200605,0.0422372208,0.0063,0.008000000000000007,0.0049627792
200606,0.045924691399999995,0.005200000000000003,0.008899999999999998,0.0019753086
200607,0.0465428783,0.0022999999999999965,0.00909999999999999,0.0029571217
200608,0.047634398,0.0,0.009099999999999997,0.001965602
200609,0.053004364899999996,0.00030000000000000165,0.009199999999999993,-0.0049043649
200610,0.0546213898,-0.0011000000000000038,0.00909999999999999,-0.0054213898
200611,0.0508866204,-0.002700000000000001,0.0087,-0.0014866204
200612,0.047011166300000004,0.0005999999999999964,0.009000000000000001,0.0014888337
200701,0.0467474727,0.0004000000000000045,0.009399999999999999,0.0030525273
200702,0.044949632399999995,-0.002599999999999998,0.008899999999999991,0.0053503676
200703,0.0402943041,-0.00010000000000000286,0.009700000000000007,0.0091056959
200704,0.0422038373,0.0001999999999999988,0.0092,0.0064961627
200705,0.041189281300000005,0.003699999999999995,0.0092,0.0061107187
200706,0.044162024800000005,0.005999999999999998,0.009100000000000004,0.0019379752
200707,0.0484543772,0.001899999999999999,0.009200000000000007,-0.0002543772
200708,0.043833902200000004,0.006699999999999998,0.008600000000000003,-0.0018339022
200709,0.0361440926,0.010000000000000002,0.0085,0.0027559074
200710,0.0368608087,0.009000000000000001,0.008199999999999999,0.0021391913
200711,0.0267603821,0.011799999999999998,0.009600000000000004,0.0059396179
200712,0.030670863099999997,0.015,0.011600000000000006,-0.0006708631
200801,0.0225294235,0.0161,0.0121,0.0049705765
200802,0.0182958878,0.0226,0.012899999999999995,0.0029041122
200803,0.0039317871,0.030600000000000002,0.0138,0.0086682129
200804,0.0068352216,0.0329,0.014199999999999997,0.0060647784
200805,0.008879113999999999,0.0302,0.013600000000000001,0.008420886
200806,0.008523003099999999,0.0274,0.013899999999999996,0.0100769969
200807,0.011048988899999997,0.0302,0.014899999999999997,0.0052510111
200808,0.0211915623,0.027700000000000002,0.015099999999999995,-0.0039915623
200809,0.012683018499999999,0.033,0.016599999999999997,-0.0013830185
200810,0.0168013333,0.041100000000000005,0.02600000000000001,-0.0101013333
200811,0.0210528953,0.0353,0.030900000000000004,-0.0191528953
200812,0.0106424738,0.03,0.0338,-0.0103424738
200901,-0.0030524174,0.038099999999999995,0.030899999999999997,0.0043524174
200902,-0.0019729329999999996,0.037099999999999994,0.0281,0.004972933
200903,-0.00033174849999999994,0.0334,0.029199999999999997,0.0024317485
200904,-0.0008963683000000001,0.039400000000000004,0.03,0.0024963683
200905,-0.0010887638000000002,0.0414,0.025200000000000007,0.0028887638
200906,-0.006789892300000001,0.0411,0.0189,0.0085898923
200907,0.0033855869,0.041199999999999994,0.016800000000000002,-0.0015855869
200908,-0.0005428499999999999,0.0398,0.013199999999999996,0.00224285
200909,0.0005745192999999999,0.0391,0.011800000000000005,0.0006254807
200910,-0.00026310120000000003,0.0413,0.0114,0.0009631012
200911,-0.0002077534,0.0401,0.011300000000000004,0.0007077534
200912,0.0022611982,0.0453,0.011100000000000006,-0.0017611982
201001,-0.0028174736000000002,0.0435,0.009899999999999999,0.0034174736
201002,0.0008507926,0.043000000000000003,0.009899999999999999,0.0002492074
201003,-0.0026062835,0.0443,0.010000000000000009,0.0041062835
201004,-0.00013688489999999997,0.042100000000000005,0.009599999999999997,0.0017368849
201005,0.0008248026000000001,0.0391,0.0109,0.0007751974
201006,0.0021762671,0.0364,0.013499999999999998,-0.0009762671
201007,0.0013889569,0.0361,0.012900000000000002,0.0002110431
201008,0.0002193357,0.0311,0.011699999999999995,0.0013806643
201009,0.0009182638000000001,0.0326,0.011299999999999998,0.0005817362
201010,5.480109999999997e-05,0.0354,0.0104,0.0012451989
201011,0.0009793535999999999,0.0366,0.010500000000000002,0.0004206464
201012,-0.00031844079999999997,0.04,0.010799999999999997,0.0017184408
201101,-0.0032632301,0.0417,0.010500000000000002,0.0047632301
201102,-0.003631365,0.041299999999999996,0.009299999999999996,0.004931365
201103,-0.008751071999999999,0.0419,0.009000000000000001,0.009751072
201104,-0.0058394295,0.040999999999999995,0.008599999999999997,0.0064394295
201105,-0.0043041875,0.038700000000000005,0.008199999999999999,0.0047041875
201106,0.0014709671,0.0405,0.007600000000000003,-0.0010709671
201107,-0.0004860457,0.0374,0.008300000000000002,0.0008860457
201108,-0.0025575889,0.0313,0.009899999999999999,0.0027575889
201109,-0.0014184621,0.0264,0.011799999999999998,0.0015184621
201110,0.0022626826,0.028900000000000002,0.013899999999999996,-0.0020626826
201111,0.0009435613000000001,0.027200000000000002,0.012700000000000003,-0.0008435613
201112,0.0025665163999999997,0.0254,0.013199999999999996,-0.0024665164
201201,-0.0041001914,0.024599999999999997,0.0138,0.0044001914
201202,-0.0035029736000000006,0.026299999999999997,0.012900000000000002,0.0044029736
201203,-0.006794558599999999,0.028900000000000002,0.012400000000000001,0.0075945586
201204,-0.0022210295,0.026000000000000002,0.012299999999999998,0.0030210295
201205,0.0020734793999999997,0.0212,0.012700000000000003,-0.0011734794
201206,0.0023663968999999997,0.0224,0.0138,-0.0014663969
201207,0.0026297859,0.0206,0.014699999999999998,-0.0016297859
201208,-0.0045651582,0.0213,0.0143,0.0055651582
201209,-0.0033622122999999995,0.0224,0.013499999999999998,0.0044622123
201210,0.0013889251,0.0228,0.011099999999999999,-0.0003889251
201211,0.005638086699999999,0.0219,0.010099999999999998,-0.0047380867
201212,0.0033930645,0.0239,0.009800000000000003,-0.0026930645
201301,-0.0022573042,0.0284,0.009300000000000003,0.0029573042
201302,-0.007190029499999999,0.0275,0.009500000000000001,0.0081900295
201303,-0.0017145086,0.0278,0.0092,0.0026145086
201304,0.0016396394999999998,0.0258,0.008600000000000003,-0.0010396395
201305,-0.0013804078,0.0305,0.008400000000000005,0.0017804078
201306,-0.0018997081,0.0325,0.0092,0.0023997081
201307,6.0025000000000226e-06,0.034,0.009799999999999996,0.0003939975
201308,-0.0008029316,0.0347,0.008799999999999995,0.0012029316
201309,-0.0009630045,0.0347,0.008300000000000002,0.0011630045
201310,0.0030752833,0.0337,0.007800000000000001,-0.0025752833
201311,0.0027424242,0.0354,0.0075,-0.0020424242
201312,0.0007858115,0.0371,0.007600000000000003,-8.58115e-05
201401,-0.0033202477,0.033800000000000004,0.006999999999999999,0.0037202477
201402,-0.0031979087,0.0334,0.006499999999999999,0.0036979087
201403,-0.0059400441,0.0332,0.0068000000000000005,0.0064400441
201404,-0.0029967545,0.032299999999999995,0.006600000000000002,0.0032967545
201405,-0.0031926098,0.0306,0.006000000000000005,0.0034926098
201406,-0.0014621269,0.0309,0.005499999999999998,0.0018621269
201407,0.000690194,0.030699999999999998,0.005700000000000004,-0.000390194
201408,0.0019705142,0.028399999999999998,0.006099999999999994,-0.0016705142
201409,-0.0005525688,0.0298,0.006900000000000003,0.0007525688
201410,0.0027122778,0.028,0.0076999999999999985,-0.0025122778
201411,0.0055994179,0.0262,0.0087,-0.0053994179
201412,0.0059701009,0.0243,0.009499999999999995,-0.0056701009
201501,0.0050058924,0.0197,0.009899999999999999,-0.0047058924
201502,-0.0041430449,0.023600000000000003,0.009000000000000001,0.0043430449
201503,-0.0056517216,0.022699999999999998,0.009000000000000001,0.0059517216
201504,-0.0018328732999999997,0.0247,0.009599999999999997,0.0020328733
201505,-0.0048972320000000005,0.026000000000000002,0.009099999999999997,0.005097232
201506,-0.00330287,0.028300000000000002,0.009399999999999999,0.00350287
201507,0.00023295279999999998,0.026,0.010499999999999995,6.70472e-05
201508,0.0021162763,0.0257,0.011500000000000003,-0.0014162763
201509,0.0017567566000000001,0.0251,0.012700000000000003,-0.0015567566
201510,0.0006496838,0.0257,0.013900000000000003,-0.0004496838
201511,0.0033106804,0.0253,0.014000000000000005,-0.0021106804
201512,0.0057170964,0.0245,0.014900000000000004,-0.0034170964
201601,0.0009468978,0.020999999999999998,0.014499999999999999,0.0016531022
201602,0.0022769235,0.018600000000000002,0.0138,0.0008230765
201603,-0.0014060001000000006,0.0189,0.0131,0.0043060001
201604,-0.0024410680000000002,0.02,0.011699999999999995,0.004741068
201605,-0.0013457909999999998,0.0192,0.010300000000000004,0.004045791
201606,-0.0005843661999999999,0.015199999999999998,0.010299999999999997,0.0032843662
201607,0.0046181364,0.014500000000000002,0.009399999999999999,-0.0016181364
201608,0.0020815699,0.0156,0.0092,0.0009184301
201609,0.0004960041,0.0167,0.009000000000000001,0.0024039959
201610,0.0020532515,0.018699999999999998,0.0087,0.0012467485
201611,0.006055460899999999,0.0222,0.0085,-0.0015554609
201612,0.0047726786,0.022099999999999998,0.0077000000000000055,0.0003273214
201701,-0.0007277278999999999,0.022699999999999998,0.007400000000000004,0.0058277279
201702,0.0020538825999999997,0.0218,0.006899999999999996,0.0031461174
201703,0.0065872021,0.02,0.0067000000000000046,0.0008127979
201704,0.005034466600000001,0.0185,0.006999999999999999,0.0029655334
201705,0.0080452782,0.0167,0.006999999999999999,0.0008547218
201706,0.008892889,0.016,0.006900000000000003,0.000907111
201707,0.0113899226,0.015500000000000002,0.006900000000000003,-0.0006899226
201708,0.007105547699999999,0.0141,0.0068000000000000005,0.0029944523
201709,0.0050050941,0.0156,0.006699999999999998,0.0052949059
201710,0.0113320421,0.015400000000000002,0.007200000000000005,-0.0006320421
201711,0.0122756753,0.013699999999999999,0.006999999999999999,2.43247e-05
201712,0.0137878323,0.012199999999999999,0.007100000000000002,-0.0005878323
201801,0.0086522545,0.014300000000000002,0.007100000000000002,0.0054477455
201802,0.011165309999999998,0.0144,0.006900000000000003,0.00453469
201803,0.0147388741,0.0115,0.0076999999999999985,0.0022611259
201804,0.0136249084,0.012399999999999998,0.008199999999999999,0.0039750916
201805,0.014441083099999998,0.0103,0.008300000000000002,0.0041589169
201806,0.0174061243,0.010100000000000001,0.0087,0.0015938757
201807,0.0195325367,0.010600000000000002,0.0092,6.74633e-05
201808,0.0197444577,0.009000000000000001,0.008899999999999998,0.0005555423
201809,0.0201379748,0.0121,0.009000000000000001,0.0011620252
201810,0.0207332365,0.012700000000000003,0.009300000000000003,0.0017667635
201811,0.026649348500000003,0.008399999999999998,0.010000000000000002,-0.0033493485
201812,0.026893962799999997,0.004700000000000003,0.011099999999999999,-0.0031939628
201901,0.0217934033,0.0034000000000000002,0.0119,0.0019065967
201902,0.019672946900000002,0.0029,0.0116,0.0042270531
201903,0.0183586416,0.0017000000000000001,0.010700000000000001,0.0056413584
201904,0.0185049984,0.0014999999999999979,0.010099999999999998,0.0052950016
201905,0.0213712414,0.0005000000000000004,0.009599999999999997,0.0021287586
201906,0.0215008528,-0.0010000000000000009,0.0104,0.0001991472
201907,0.0193290584,-0.00040000000000000105,0.009899999999999999,0.0016709416
201908,0.0195506682,-0.0032000000000000015,0.008899999999999998,-5.06682e-05
201909,0.0181165514,-0.001899999999999999,0.008800000000000002,0.0007834486
201910,0.014213809400000001,0.0005999999999999998,0.0091,0.0022861906
201911,0.015936243,0.002700000000000001,0.008799999999999999,-0.000536243
201912,0.0163097695,0.003199999999999998,0.008700000000000003,-0.0009097695
202001,0.0113202301,0.002400000000000001,0.008299999999999998,0.0038797699
202002,0.0124593819,-0.00020000000000000052,0.008300000000000002,0.0027406181
202003,0.005076450999999999,0.0058,0.0127,-0.002176451
202004,0.0080869419,0.0052,0.017000000000000005,-0.0066869419
202005,0.0012804983999999998,0.0054,0.014499999999999999,1.95016e-05
202006,-0.0038720469000000004,0.0057,0.012,0.0054720469
202007,-0.0037582435000000003,0.0049,0.011699999999999999,0.0050582435
202008,-0.0021532105,0.0055,0.0102,0.0031532105
202009,-0.00029274689999999985,0.005699999999999999,0.010499999999999999,0.0013927469
202010,0.0005850622,0.006900000000000001,0.0109,0.0004149378
202011,0.0015106272000000001,0.0078,0.010000000000000002,-0.0006106272
202012,-4.147850000000002e-05,0.0084,0.009000000000000005,0.0009414785
202101,-0.0034537835000000004,0.01,0.007899999999999997,0.0042537835
202102,-0.0050743828,0.0122,0.0072000000000000015,0.0054743828
202103,-0.0067832731,0.015799999999999998,0.007000000000000003,0.0070832731
202104,-0.008018909199999999,0.016200000000000003,0.006999999999999996,0.0082189092
202105,-0.007817105199999999,0.016,0.006600000000000002,0.0080171052
202106,-0.0088906629,0.0148,0.006499999999999999,0.0092906629
202107,-0.0043105235,0.0127,0.006699999999999998,0.0048105235
202108,-0.0015659113999999998,0.0123,0.0069,0.0020659114
202109,-0.0023159709,0.013300000000000001,0.007000000000000003,0.0027159709
202110,-0.0078081186,0.015300000000000001,0.006700000000000001,0.0083081186
202111,-0.004413427500000001,0.015099999999999999,0.006600000000000002,0.0049134275
202112,-0.0024725172,0.0141,0.006500000000000002,0.0030725172
202201,-0.0069145738000000005,0.0161,0.006499999999999999,0.0084145738
202202,-0.005833979299999999,0.016,0.007199999999999998,0.0091339793
202203,-0.008951379499999999,0.0169,0.008600000000000003,0.0133513795
202204,0.002017469,0.0199,0.009000000000000001,0.005582531
202205,-0.0012235240000000001,0.019200000000000002,0.009899999999999999,0.011023524
202206,0.0011639241999999994,0.016499999999999997,0.010299999999999997,0.0137360758
202207,0.0224181191,0.006700000000000001,0.011500000000000003,-0.0001181191
202208,0.0266543993,0.002700000000000001,0.010799999999999997,-0.0003543993
202209,0.029149215500000002,0.0039000000000000007,0.010999999999999996,0.0021507845
202210,0.0331435056,0.002600000000000005,0.011600000000000006,0.0040564944
202211,0.042510026400000005,-0.002600000000000005,0.011699999999999995,-0.0010100264
202212,0.0455700915,-0.0063,0.0116,-0.0030700915
202301,0.0374046362,-0.010100000000000005,0.011000000000000003,0.0079953638
202302,0.0409178895,-0.009000000000000001,0.010299999999999997,0.0055821105
202303,0.04358927,-0.010299999999999997,0.011099999999999999,0.00331073
202304,0.0441409613,-0.014600000000000002,0.010600000000000005,0.0050590387
202305,0.048881565,-0.0157,0.011000000000000003,0.002518435
202306,0.0483710858,-0.014100000000000001,0.011000000000000003,0.0032289142
202307,0.050592485,-0.013499999999999998,0.010799999999999997,0.001907515
202308,0.0486328449,-0.011299999999999998,0.010699999999999994,0.0043671551
202309,0.050714868399999995,-0.009399999999999999,0.010300000000000004,0.0024851316
202310,0.053783379500000006,-0.005400000000000002,0.0102,-0.0003833795
202311,0.054715139499999996,-0.0076999999999999985,0.010099999999999998,-0.0020151395
202312,0.053393320300000005,-0.012200000000000003,0.009000000000000001,-0.0009933203
202401,0.04675249620000001,-0.011600000000000006,0.008100000000000003,0.0054475038
202402,0.046210328200000005,-0.010300000000000004,0.007400000000000004,0.0061896718
202403,0.045935830100000005,-0.010300000000000004,0.007400000000000004,0.0064641699
202404,0.048506707,-0.006999999999999999,0.007199999999999998,0.003893293
202405,0.0508383724,-0.0076999999999999985,0.006999999999999999,0.0016616276
202406,0.0520624945,-0.009300000000000003,0.006900000000000003,0.0003375055
202407,0.050838227099999994,-0.009499999999999995,0.007199999999999998,0.0011617729
202408,0.049686113100000005,-0.011800000000000005,0.007300000000000001,0.0008138869
202409,0.0455957865,-0.010000000000000002,0.007399999999999997,0.0016042135
202410,0.0439487192,-0.0040999999999999995,0.0068000000000000005,0.0011512808
202411,0.044741715200000004,-0.0006000000000000033,0.006399999999999996,-0.0005417152
202412,0.042345,0.0011999999999999997,0.006000000000000005,0.000355
202501,0.035553842599999996,0.004200000000000002,0.006199999999999997,0.0065461574
202502,0.0377582977,0.0022999999999999965,0.006000000000000005,0.0044417023
202503,0.0397529287,0.0007999999999999952,0.006399999999999996,0.0022470713
202504,0.0389855437,0.0006999999999999992,0.007300000000000001,0.0031144563
202505,0.040411438800000005,0.0017000000000000001,0.0075,0.0020885612
202506,0.038890608599999994,0.0015000000000000013,0.006899999999999996,0.0034093914
202507,0.0409902081,0.0013999999999999985,0.006499999999999999,0.0015097919
202508,0.0383273619,0.0013999999999999985,0.006499999999999999,0.0028726381
202509,0.0366566017,0.0020000000000000018,0.006199999999999997,0.0025433983
202510,0.0392437192,0.0023999999999999994,0.006100000000000001,-0.0010437192
202511,0.0388448097,0.0030999999999999986,0.005999999999999998,-0.0010448097
202512,0.0361097975,0.005499999999999998,0.0058999999999999955,-0.0002097975
