yyyymm,PLS_SENT,PLS_SENT_ORTH
196507,-0.5077864827126696,-0.8009348795349481
196508,-0.5897287521846765,-1.007670314569193
196509,-0.6809569229308172,-1.168516610789659
196510,-0.7230634127319159,-1.346909956483534
196511,-0.7084255821547584,-0.9212888361024544
196512,-0.7835346968523307,-1.077674366533356
196601,-0.829357511654287,-1.050104789090094
196602,-0.952567604294371,-1.197919574308321
196603,-0.7518662524095058,-0.8567407562294118
196604,-0.6443731022793681,-0.8779508114917508
196605,-0.7098519564893646,-0.8840867968792979
196606,-0.6024888490280705,-0.608178059756144
196607,-0.4479769464779044,-0.5019343549639843
196608,-0.3368327119284357,-0.310383063195063
196609,-0.4487387552300493,-0.6876120835040712
196610,-0.4999344555000796,-0.8710604153869875
196611,-0.6451144849964845,-1.104430911449906
196612,-0.6970599953084126,-1.09732440323572
196701,-0.7870570537294335,-1.198092067091698
196702,-0.7156440837322621,-0.8875190155719157
196703,-0.894291781183743,-1.088901830505944
196704,-0.8814294906071857,-1.245228862707439
196705,-0.9866146094864705,-1.13488181294725
196706,-1.09542014994621,-1.456827199812077
196707,-1.201536599888058,-1.502638373217227
196708,-1.279506534606374,-1.630588238338053
196709,-1.145688755387563,-1.298572778399006
196710,-1.058087803322683,-1.084619575804335
196711,-0.9474606131009387,-1.04111172937265
196712,-0.8400820005255952,-0.8971832729882843
196801,-0.6493996771298352,-0.7543436218456994
196802,-0.6611390274322526,-0.8257438160911077
196803,-0.5568462174979975,-0.760734605114783
196804,-0.690686157381203,-0.7282451862072183
196805,-0.4509462657818893,-0.790621855435056
196806,-0.3288328606090015,-0.6478991217403611
196807,-0.0555403991820444,-0.167673810711517
196808,0.5062588292768544,0.5245711908706383
196809,0.7072620561139816,0.5937550977112622
196810,0.9162179716373807,1.023867247948588
196811,1.249150262859022,1.284493716530535
196812,1.856215785138394,1.790269709177208
196901,2.080619564644809,2.147677719973847
196902,2.224705408150065,2.214797384281167
196903,2.322738434552556,2.366903613018161
196904,2.667729905731563,2.822365783418536
196905,3.305488310027091,3.583215133103297
196906,3.562085681435247,3.796972788288428
196907,3.656719440214018,3.720207161535047
196908,3.618089187898204,3.661445786408038
196909,3.763845247787908,3.970250319824022
196910,3.637601927217911,3.71547818765681
196911,3.706235636221891,3.879241648359598
196912,3.496917223148257,3.976944829473619
197001,3.290672575834169,3.004411817139151
197002,3.048305624056862,2.721476056745751
197003,2.713179899244255,2.633032457467529
197004,2.494650844660861,2.270100651328673
197005,2.092318062383709,1.765525251466253
197006,1.723822411182672,1.535152251716732
197007,1.529614266117137,1.377432859213199
197008,1.391157878899396,1.116325958460366
197009,1.147592826440053,0.9922311375509566
197010,1.009515611343867,0.9112160742929343
197011,0.7806142763712905,0.7649513265388793
197012,0.4844511140402282,1.030783933042809
197101,0.3046478149783486,0.7287863666182535
197102,0.2008017633581389,0.7023070476868075
197103,0.07064805516912062,0.2948008020850438
197104,-0.02935886757975788,0.3002833641440292
197105,-0.1566468263568035,0.1755870945871169
197106,-0.08124518077875233,0.1663003302229124
197107,0.1024936370492012,0.3899834467786569
197108,0.05908297953190306,0.4555861750433434
197109,0.07530201366837808,0.2134010996640934
197110,-0.05335331414902029,-0.1530903783874251
197111,-0.2090086953730962,-0.3685193490061118
197112,-0.1701596696672262,-0.5944076566433315
197201,-0.1910585741845637,-0.6510806554908841
197202,-0.05823580247162893,-0.4567366000446318
197203,0.06152984521051248,-0.2963012070887746
197204,0.3040080667489749,-0.2173164733168667
197205,0.4434461756492654,0.1457559950317444
197206,0.5621098654954717,0.1822258489480016
197207,0.3569279813038114,-0.01391168850059481
197208,0.5824426110376648,0.09796551185315704
197209,0.5820306720299294,0.2233817984737017
197210,0.644943984249867,0.4087536810239485
197211,0.7232333208983307,0.2465936348602169
197212,0.8316232628917102,0.4737074671127133
197301,0.8636426583066104,0.9688241696904244
197302,0.9314019562132535,0.9624928205192169
197303,1.082079584721983,1.119089469880829
197304,1.04932291968204,1.272107776137544
197305,1.006686122309907,0.9145454243722207
197306,0.8343564772234678,0.9374373767329789
197307,0.8459833732041714,0.8990224955079807
197308,0.7637221699181234,0.9628411053465755
197309,0.7336814874324636,0.8437148141906115
197310,0.6202512101071327,0.6714814542325968
197311,0.5966077790793985,0.9259319474971267
197312,0.4918290521575132,0.1518969030531756
197401,0.2787105420261567,-0.1914307659606505
197402,0.07680773790651772,-0.3019585662301104
197403,-0.1781296549270718,-0.5652903552153982
197404,-0.3105669774706999,-0.7588633631164118
197405,-0.4561679615647806,-0.7900166184728115
197406,-0.5344865997320607,-0.9252833459472086
197407,-0.5733832308138903,-1.06717816403021
197408,-0.8106899545420999,-1.209300006828718
197409,-0.8612503102994412,-1.165058797130041
197410,-0.9366849338773546,-1.1496015657133
197411,-1.195242232358564,-1.412849972747278
197412,-1.230374879697563,-1.328102222718994
197501,-1.26690325087057,-1.414755954116828
197502,-1.271415415849575,-1.563744775382024
197503,-1.291556302889551,-1.512512198670856
197504,-1.379573582056557,-0.8879181373023165
197505,-1.226859168995958,-0.6182027229834302
197506,-1.2250881186636,-0.707842546538667
197507,-1.234192135377953,-0.7057695976900279
197508,-1.222548145461749,-0.9153527870486877
197509,-1.445843427120154,-1.144436683068274
197510,-1.108750923058401,-0.9006387113001989
197511,-1.086994274162051,-1.023854107415856
197512,-1.079593037768081,-1.165150690374159
197601,-1.054374216565081,-1.231143934801832
197602,-1.225717053217809,-1.488271302983975
197603,-0.8761867913912702,-1.221462611280836
197604,-0.9227231674625324,-1.272608602351486
197605,-0.9149102630276087,-1.583803270387837
197606,-0.9092737742826174,-1.437372945162616
197607,-0.7885740693954011,-1.376515159597082
197608,-0.8655893832929036,-1.424298165996959
197609,-1.107152223583401,-1.649104549793106
197610,-1.153668549811749,-1.5238295687282
197611,-1.145994031532114,-1.78133814456041
197612,-1.206849850620531,-1.863588387219841
197701,-1.105150013172436,-1.620091245301419
197702,-1.031693226128564,-1.458132273035496
197703,-1.029361098384249,-1.487933443804811
197704,-1.0072522998175,-1.611992981283452
197705,-1.04124632940824,-1.318882682526005
197706,-1.040481074472999,-1.554028400401701
197707,-0.9966795750028057,-1.326884003691161
197708,-0.994329899011597,-1.233666236126557
197709,-0.9410416962256074,-1.169889726228364
197710,-0.9181550400146921,-1.293062123742262
197711,-0.8162699068030271,-0.7624960627641959
197712,-0.7595761847741235,-0.6916094202945559
197801,-0.7677873027282385,-0.5511774720346961
197802,-0.733195784476827,-0.5233314058315771
197803,-0.6376478996819135,-0.5027775600371308
197804,-0.04595277935682129,-0.04425785842533605
197805,0.01128637930470667,0.03796988416466325
197806,-0.0087094878733592,0.2059032789034901
197807,-0.0313503617106748,0.1826349074933885
197808,0.03348538203875119,0.1631535489433534
197809,0.2354436276839301,0.4312136699988652
197810,0.2315711361353927,0.2848130356001779
197811,0.1366273116757037,-0.04466350594858101
197812,0.215912945308277,0.1941705736756971
197901,0.4415875333864219,0.4147307583683327
197902,0.3020922636214274,0.3020032404517552
197903,0.07911510055856616,0.2461260742646602
197904,-0.1640849096898178,0.1915398857559984
197905,-0.005452752219163897,0.2211357245903092
197906,0.4073419518435043,0.7096068446314067
197907,0.5240054447331075,0.8159552844960296
197908,0.5275958998704507,0.9579100987741979
197909,0.6190380023544748,1.040650337512002
197910,0.5017075466200815,1.025964765009751
197911,0.3966176816985942,0.9819705961216264
197912,0.2347493368020256,0.7646504695609975
198001,0.08955501402027705,0.5084157594736669
198002,0.1511495982069924,-0.1361238262628377
198003,0.2744909802072922,-0.001158791734944117
198004,0.08542451386091758,0.09172787728182018
198005,0.3176131663593507,0.4096756924004818
198006,0.3643475853792128,0.2335101923436581
198007,0.3308269225441909,0.0727080499849073
198008,0.2402976900276384,0.6832369202476797
198009,0.2510682163556796,0.4331105955394696
198010,0.2893110904824178,0.5076326027290724
198011,0.4596640856559941,0.5736272799019257
198012,0.7559448447827758,0.8663529999440441
198101,1.345207074764854,1.517837745197121
198102,1.810224307029456,2.197453881606978
198103,1.866742296424683,2.19624067695376
198104,1.998021150503375,2.109645329978397
198105,1.911234211324094,1.881564632037267
198106,1.871646982054224,1.976441516821219
198107,1.806062642096572,1.995410559949578
198108,2.156531928550206,1.299702644097856
198109,2.198556022116835,1.770566713823635
198110,2.640743762427929,2.280351187176196
198111,2.572231499237454,2.429605016512716
198112,2.739606512243909,2.667853853473874
198201,2.614841269172509,2.347050475522105
198202,2.579303826104866,1.999938561458094
198203,2.548973649799904,1.949078189894528
198204,2.376538662363852,1.763758303916568
198205,2.227190356644897,1.829326073671627
198206,2.038739853488227,1.703210833439557
198207,2.021822038750897,1.811034629959677
198208,1.752171659368075,1.661602416773219
198209,1.612754118812501,1.304818325736227
198210,1.27005896792725,0.9753676164372902
198211,1.261569086201284,0.7450198187388892
198212,1.077549496818004,1.374069145302515
198301,0.9694294108445555,1.141574865462749
198302,0.8509660431694036,1.296498591488419
198303,0.8000377338698065,1.306281196099666
198304,0.75015589772923,1.157315706144534
198305,0.659278361427318,0.8936119068927211
198306,0.7767177519238881,1.04552584746767
198307,0.7428204928574867,0.778723249742497
198308,0.8330541144189461,0.9230622260835744
198309,0.9347810855083037,1.019388327046458
198310,1.177090312840396,1.173996534362957
198311,1.537337797897626,1.655136120979292
198312,1.808331816976103,1.543001909913563
198401,1.879229976109908,1.994161807635427
198402,1.85306760619232,1.995680598545463
198403,1.926694361775325,1.918926593563272
198404,1.941307117549918,1.991052881430319
198405,2.182560752043579,2.181273514953271
198406,2.1662304640191,2.039649839316475
198407,1.977639507434291,1.958715343057835
198408,1.648837592627258,1.80146390158483
198409,1.413196567055931,1.68480089832229
198410,1.105124735129134,1.374562713935238
198411,0.8096899545037999,0.9890992947716056
198412,0.4964609414813478,0.6830672203249162
198501,0.4054678900543973,0.2779940573784112
198502,0.3576367040924155,0.2860435189999302
198503,0.2142928879874256,0.3290321486275357
198504,0.1616101925800394,0.2776864116228531
198505,0.006562508186434434,0.0815888118321114
198506,-0.2066651127147483,-0.2130451249028075
198507,-0.2781050313853002,-0.07590313825332896
198508,-0.2845352277307072,-0.1906860582302617
198509,-0.2915685978668686,-0.4617766873382418
198510,-0.2414346674417259,-0.2124477617722395
198511,-0.2159389283514799,-0.1130435128067106
198512,-0.07819929982870637,0.03734287893484804
198601,-0.09146223594148203,0.2127391847097991
198602,-0.1064297527570866,0.05344575828126479
198603,-0.02622745494489295,0.02036905841335752
198604,-0.09355560831952138,-0.2841954503638203
198605,0.01832099666729264,-0.03486855247703972
198606,0.05157385600235328,0.2243006969385201
198607,0.03504677064704352,-0.05343819269286973
198608,0.02826365174455932,-0.1184876038109759
198609,0.0353857804705423,-0.2032852108834801
198610,-0.05523184999281412,-0.2158303234704001
198611,-0.04592819102199418,-0.2796462603650078
198612,-0.05499636974014969,-0.2902750501500275
198701,-0.118226595605344,-0.2342507225243917
198702,-0.1473835427346735,-0.1862847346582139
198703,-0.05563767033588888,-0.08269054426148921
198704,-0.008173054655602974,0.19610990048575
198705,-0.04043052894686042,0.08418659274677147
198706,-0.05034000493351304,-0.07430728965044175
198707,-0.08012411753657316,-0.0626480002897735
198708,-0.1092977710840405,-0.1486216661451862
198709,-0.1100816059840452,-0.03905888974242663
198710,-0.1643894574294963,-0.2849280313269485
198711,-0.2830120315523555,-0.2043363564845446
198712,-0.43536951086722,-0.5059310247047256
198801,-0.4496827806136723,-0.5440540319307918
198802,-0.4814610590007824,-0.7869462282505093
198803,-0.628067281504315,-0.8387205963759536
198804,-0.696973033873216,-0.965022840070741
198805,-0.8006980928229239,-0.9809907396455801
198806,-0.8711115331443768,-1.101545115463589
198807,-0.8588841739038594,-1.000010674047843
198808,-0.8870396871849406,-0.9643859533096315
198809,-0.9772863320212959,-0.8041741459914794
198810,-0.974112058281994,-0.7882439944740836
198811,-0.9311451338946745,-0.8552177003370808
198812,-0.8605454112722062,-0.6784027563119768
198901,-0.8810892437584416,-0.7242978757633242
198902,-0.8760325234333081,-0.5253938615996653
198903,-0.9913139558416761,-0.7798212798321332
198904,-0.998600568497093,-0.6337518651527643
198905,-1.022410741927003,-0.591147996283098
198906,-1.009009322004103,-0.5047327100295942
198907,-1.075353913100606,-0.5489221411390138
198908,-1.101444320297268,-0.6174376437424499
198909,-1.094676479201685,-0.7024744044927927
198910,-1.002533479993025,-0.6939934461360088
198911,-0.9932666258379165,-0.6734770559714107
198912,-0.9577722543702006,-0.5787590532587289
199001,-0.9233918046341415,-0.6553393984967393
199002,-0.9069384608178302,-0.5414565477282584
199003,-0.7392352966293887,-0.3582743205973778
199004,-0.7032607875407232,-0.6221282237159401
199005,-0.63185788841211,-0.6677198527590776
199006,-0.6852378310747712,-0.7448345315654273
199007,-0.7363808772766299,-0.853133847191324
199008,-0.6245200561765764,-1.497008256657885
199009,-0.6303716681510174,-1.476642031627871
199010,-0.6754456943590627,-1.393881093216639
199011,-0.764386685796519,-1.365646176758102
199012,-0.8454004758188837,-1.376795055768509
199101,-0.8474924564943382,-1.492495716853325
199102,-0.8789329828111578,-1.603362610355547
199103,-0.9041129005158176,-1.575125968529288
199104,-0.8851288297553633,-0.5055291170485177
199105,-0.761213794068227,-0.3354790644992942
199106,-0.6346431543390667,-0.2847416870664207
199107,-0.6219782075252975,-0.2988774944519944
199108,-0.6503727971658149,-0.05104341576088138
199109,-0.5673229862494593,-0.1673847238964177
199110,-0.472812551967967,-0.1458334938409715
199111,-0.3277035159191408,-0.213133441351691
199112,-0.1739632252012181,-0.04928365175715807
199201,-0.09585711396455152,0.1940577656018769
199202,0.02734005637885084,0.2324270069900355
199203,0.0980223472594021,0.0774094489107762
199204,0.1269698850399721,-0.01838374572274863
199205,0.05167725893648106,-0.07978794028438586
199206,-0.04985240444805836,-0.04182683823830255
199207,-0.03515286985095983,-0.05278966784068961
199208,0.02003212485234418,0.04444864164211515
199209,-0.00800471068657119,0.1540101133391775
199210,-0.02655991879770387,0.141844693330638
199211,-0.06031669004080879,0.1420435989521132
199212,-0.07126836477670696,0.09239941306542059
199301,-0.08676357649038592,-0.08824558317211455
199302,-0.09420428220912512,0.01135491880720048
199303,-0.1151638307684766,0.3682503818977453
199304,-0.1692138837342118,0.1458384705772778
199305,-0.2142618063436994,0.1200771789587782
199306,-0.261876298037017,-0.09139077151899459
199307,-0.256518094822856,0.04486435104110457
199308,-0.2876379193446446,-0.1425901763001707
199309,-0.2783447837881418,-0.1421163644142058
199310,-0.2809420234538621,-0.212472092869388
199311,-0.2413209116942326,-0.01657795733601703
199312,-0.1964065664169044,-0.07734274758207399
199401,-0.241164577660476,-0.0740311999009249
199402,-0.2572111054532085,-0.06942250053050522
199403,-0.2544093880862018,-0.1844456114591231
199404,-0.2101749528577102,-0.1942199501891044
199405,-0.1605705286103304,-0.2695136736994171
199406,-0.06441514622826768,0.003541614715589753
199407,-0.07864270936385405,-0.0645627406685277
199408,-0.1013019524117695,0.03852527192665755
199409,-0.1174005894620637,0.02351728371607355
199410,-0.1283397773063802,-0.06597683467240217
199411,-0.2219657049934386,-0.3262639641248828
199412,-0.3444285018183099,-0.3508866753926337
199501,-0.3510248350833495,-0.2895158764275912
199502,-0.4008481147934041,-0.4633954145048484
199503,-0.4998797591707595,-0.6120472629249641
199504,-0.5262311273264344,-0.5456153465993715
199505,-0.5885625632828244,-0.4796628867046781
199506,-0.6657842955383254,-0.714753263696483
199507,-0.6715674632837934,-0.7141407760212534
199508,-0.647317866869148,-0.9653256996172599
199509,-0.6246950607598984,-0.8691495200019504
199510,-0.5947430489306078,-0.7721394756867386
199511,-0.555985840990833,-0.6878078322093696
199512,-0.5389729932828349,-0.6911780504053988
199601,-0.5220462992585682,-0.6332232821205636
199602,-0.4902653963070811,-0.5131586134058526
199603,-0.4035953621216057,-0.3951267352835929
199604,-0.3118206033248672,-0.2829538821023141
199605,-0.1311514137487678,-0.1900536762329612
199606,0.005528697092562184,0.006032353540971216
199607,0.1007414562769715,0.09844121273270952
199608,0.1852223370148679,0.4167101594529208
199609,0.1795483265253199,0.2534559487301112
199610,0.192341828280552,0.4330267938834971
199611,0.3254769637817012,0.4950848582588715
199612,0.3888545220135415,0.4998956660150724
199701,0.4373460637299241,0.4719428826155099
199702,0.419126530133683,0.4032758510934529
199703,0.3599719612254085,0.2410916434710894
199704,0.3519335792851243,0.123908157960486
199705,0.3282430531293921,0.1362828860602323
199706,0.2396536245621252,0.09710860392546679
199707,0.160875647589024,-0.07468786849637246
199708,0.06700953923875264,-0.27312716929185
199709,0.07116607482508355,-0.1565416577761496
199710,0.02156738923636358,-0.5014936072236467
199711,-0.0763075103126744,-0.4882250403800141
199712,-0.1413120925310189,-0.5477994829800463
199801,-0.2050375614873405,-0.585257225796132
199802,-0.2298014693355621,-0.6410001029015443
199803,-0.2154833065668939,-0.6151769967416014
199804,-0.2924336059679516,-0.5182796403352868
199805,-0.3462742391250619,-0.5514167761846276
199806,-0.3322478187930287,-0.5384797496720036
199807,-0.3052711416026089,-0.383610252409708
199808,-0.2938619212337047,-0.4590381063971488
199809,-0.3490456134573861,-0.5094175624916801
199810,-0.3420369462673108,-0.3232278484847136
199811,-0.4402553051478423,-0.4475745675113205
199812,-0.4663453085166653,-0.3617710231344416
199901,-0.4894414765303799,-0.3450531973939857
199902,-0.4915411756809826,-0.2525492518467801
199903,-0.527094928960659,-0.2123134617658227
199904,-0.5007684893207208,-0.2859486980222765
199905,-0.5406067846686644,-0.373316551448707
199906,-0.6025967174126087,-0.4985848737419059
199907,-0.5857874478657453,-0.5819658600991658
199908,-0.5676230953101435,-0.3261154211938808
199909,-0.5562116504941494,-0.2984359759095892
199910,-0.5562979146990723,-0.4448271322084354
199911,-0.2478462938558893,-0.2141878728063448
199912,-0.02135326802642269,-0.01049999821599306
200001,0.2229210073732897,-0.03574346710170221
200002,0.5705707504084451,0.2217755547751765
200003,0.9057274542014343,0.6968432289143938
200004,1.292308794611868,0.9829603649767553
200005,1.594878768776078,1.271713332273242
200006,1.813237338159245,1.527581196622519
200007,2.169608745401822,1.98686829705998
200008,2.239648016678859,1.919372507211811
200009,2.341986205620394,1.91928543899087
200010,2.432476037519661,2.200477950671682
200011,2.6281810279995,2.47405694008175
200012,2.817265263708209,2.507356560338799
200101,2.728535261947785,2.799331533426388
200102,2.954714458983432,3.050403278407968
200103,2.936748297603462,2.738529431544741
200104,2.734865177967821,1.966203027175533
200105,2.739302012006387,2.108311439802801
200106,2.940574664795343,2.291408573020531
200107,2.989478593365499,2.31913149635521
200108,2.764743720289986,2.124478821616727
200109,2.646479681572009,2.252344256718933
200110,2.494287109228628,1.786497247103495
200111,2.108106972654227,1.434019851499765
200112,1.832363278370586,2.062029164221766
200201,1.796006967476671,1.871209612583983
200202,1.182797171369115,1.242009244692316
200203,0.720232581171453,1.016624276988592
200204,0.7343645709802528,1.001038324064558
200205,0.7933176622904959,0.8876045302091086
200206,0.5909802245401169,0.7263487328566113
200207,0.09144668661200384,0.1161493574435394
200208,-0.1123036802726804,-0.02857650534444562
200209,-0.4089954534008233,-0.5355852409576467
200210,-0.4679841300744534,-0.4065104056036227
200211,-0.4877579534342821,-0.364304364512275
200212,-0.5776686881526203,-0.5170076805279769
200301,-0.643252406382434,-0.5967504986717667
200302,-0.6011984428656565,-0.4271101438557425
200303,-0.6198171282917333,-0.5327815713730583
200304,-0.6656981905582795,-0.6043563579955293
200305,-0.7942110760358749,-0.6696950640219308
200306,-0.826348852157417,-0.688204410659553
200307,-0.8613721899241843,-0.6661592543037305
200308,-0.8430292666280507,-0.599605446575829
200309,-0.8102104476113251,-0.4397843120690906
200310,-0.8713006728050885,-0.5431918539279751
200311,-0.9028745751253096,-0.7099941416646085
200312,-0.9226166179629546,-0.8561565757870021
200401,-0.8940733370364955,-0.7708187223360692
200402,-0.91305207653162,-0.9624848006135697
200403,-0.8803285601145895,-0.8223800078794067
200404,-0.8814727102042359,-0.7327199501832373
200405,-0.8946342166684638,-0.6018489673539529
200406,-0.9088185059690136,-0.6478910962322898
200407,-0.6741868708997616,-0.5242248022073519
200408,-0.6362268699958814,-0.6748984546833994
200409,-0.6527683225131194,-0.7806356799422363
200410,-0.5195649406149082,-0.4419173551192565
200411,-0.5624655326933593,-0.4600145252120356
200412,-0.6220155944456696,-0.5579427426889909
200501,-0.6017883092513483,-0.6535217185299167
200502,-0.5711430854825882,-0.5091488087831556
200503,-0.6524771466297377,-0.8402849391105096
200504,-0.6154850682018882,-0.6493587419477111
200505,-0.6761647404670631,-0.9224281948718398
200506,-0.7100538285061985,-0.9642888540230768
200507,-0.8172098510837162,-0.8652654746023423
200508,-0.8745531134989536,-0.6458542032471044
200509,-0.8499645471925941,-0.3725227362395816
200510,-0.8508449349382823,-0.5507018972686245
200511,-0.8239602557586617,-0.7462612317248691
200512,-0.8084301426247569,-0.6890632395235957
200601,-0.831707659350653,-0.545591484872147
200602,-0.9189760648243065,-0.6541171809362396
200603,-0.8967700217638184,-0.499919115732226
200604,-0.9450267882751009,-0.7041808742023784
200605,-0.9491672044985281,-0.5496651460143414
200606,-0.9709079863765124,-0.616895176026893
200607,-0.9043419529278727,-0.6693661807787636
200608,-0.8845784028421163,-0.7526448467191605
200609,-0.9379171822566076,-1.28762897985555
200610,-0.9528021615879168,-1.313503996422987
200611,-0.9027375744011117,-0.8701227072461337
200612,-0.9533931297847982,-0.8109906042828657
200701,-0.9015114747737457,-1.054132732322416
200702,-0.8399896732260764,-0.9989692734394725
200703,-0.8218847918801688,-0.8119187891265957
200704,-0.7958192793823647,-0.8641511746912873
200705,-0.771196908168288,-0.8034017450508504
200706,-0.7401697532474962,-0.6992074393853133
200707,-0.7780247222733019,-0.7471300625745049
200708,-0.7643790073381196,-0.8559837933647314
200709,-0.7085867260760791,-0.4908531544402484
200710,-0.6764115644204771,-0.3239749471147656
200711,-0.7152790968557204,-0.3684255036109302
200712,-0.5772473644056141,-0.3534423604655191
200801,-0.566780968437554,-0.9883074760514113
200802,-0.5044342048406842,-0.8513738355080517
200803,-0.5082784659934356,-0.9788480083112163
200804,-0.4522222140408499,-0.7340294965535572
200805,-0.3923874339676334,-0.7447175604412406
200806,-0.2795358115199097,-0.4871815656165735
200807,-0.1786347607669961,-0.2478638717042702
200808,-0.1126648346375473,0.04727290000404451
200809,0.06966399238863641,0.3186909950277133
200810,0.2749176858011892,0.3124991279609702
200811,0.2790720867497758,-0.09917415434967225
200812,0.1430389701255583,-0.2213238775625356
200901,0.06593327250602818,0.08922454673090649
200902,-0.06451239551526229,0.04982615876656333
200903,-0.1238278380682651,-0.06227808996518899
200904,-0.09956170136834261,-0.0614461684420317
200905,0.16521607076498,0.2500851934996935
200906,0.1722385707279296,0.1434042672244399
200907,0.1054961312027497,0.7419251554104057
200908,0.07570176587251795,0.468018711094614
200909,-0.1066297697511171,0.1764205293591951
200910,-0.3500743141037222,0.2439298304105352
200911,-0.3978220858235613,0.7184433114955546
200912,-0.2466592501002101,0.9681985768643112
201001,-0.4607998392310298,0.4003034949306131
201002,-0.2667310017861816,0.3432392269347057
201003,-0.2510447261039229,0.3642868198884837
201004,-0.2153667653027063,0.3144992519816556
201005,-0.1507781890858783,0.08088976462497036
201006,0.1360365190767145,0.2112427266584045
201007,0.1057033925418672,0.04191335767360113
201008,0.1908862450081617,0.1809003101287079
201009,0.0826466774582099,0.1641498398145684
201010,-0.1192775983097196,-0.1403329500306456
201011,-0.09509980230132015,-0.3109781811141452
201012,-0.4346468119966614,-0.6990094337851879
201101,-0.5654465729033422,-0.5358834758587656
201102,-0.6222886358195838,-0.4124374966218017
201103,-0.5116832822202161,-0.310929972234127
201104,-0.6439683020062393,-0.2924748525456179
201105,-0.6986288777460702,-0.03759750560567861
201106,-0.7620495562742532,0.04308391842336668
201107,-0.7153404388739931,0.06314761995244986
201108,-0.6945921221791802,0.1086847968079135
201109,-0.7036138259953418,-0.05827350994161015
201110,-0.6490192574988471,-0.1821679403899057
201111,-0.698410712700606,-0.2752385164128816
201112,-0.7022633768571664,-0.3337868491876131
201201,-0.652939029443825,-0.4679771282012509
201202,-0.6667404484571803,-0.5906967859843008
201203,-0.745207534210332,-0.5977848019641775
201204,-0.6848012021613487,-0.7858327731579665
201205,-0.629155945810448,-0.7943690277303913
201206,-0.692909658505585,-0.9766781613176221
201207,-0.6432313055147737,-0.8636517288830192
201208,-0.599309857722075,-0.6048007427018129
201209,-0.5866164352920666,-0.6283390786238009
201210,-0.5497407561143055,-0.4615133965367541
201211,-0.5732057498130139,-0.6078305042702074
201212,-0.58186465362047,-0.5772353732660823
201301,-0.5912148651745216,-0.46371655857348
201302,-0.5032735489079135,-0.3809183001800698
201303,-0.4190897549171066,-0.4406584206871226
201304,-0.4129875934582782,-0.3142790694173597
201305,-0.3934793824984509,-0.256826786402847
201306,-0.3037623672695347,-0.02878063716564485
201307,-0.3809755437777836,-0.04152150556476834
201308,-0.4116774687457772,-0.3851371139200938
201309,-0.3546851696244243,-0.369415138276295
201310,-0.3477021232049893,-0.3673976659779478
201311,-0.3378148637859198,-0.2363154766426155
201312,-0.2661230807090767,-0.1343807489328263
201401,-0.2417516658528112,-0.2132107520326451
201402,-0.2195763713671418,-0.2140803332498085
201403,-0.3228842643212915,-0.241066031210787
201404,-0.3343240852405373,-0.1315068281328563
201405,-0.3500269687642152,-0.2894966424948404
201406,-0.3275910348727946,-0.3317628641334965
201407,-0.2891198673753509,-0.437741897844832
201408,-0.2950357785284557,-0.2963283142854077
201409,-0.2402426286962424,-0.228683176358019
201410,-0.1933466348263148,-0.2103659694528102
201411,-0.1549187314701452,-0.2645993995050125
201412,-0.1707803635788676,-0.3653960596972746
201501,-0.128446788672895,-0.3387643785451486
201502,-0.1760427473816681,-0.3103984985006764
201503,-0.08188486053031066,-0.09140224712127137
201504,-0.1450963199748199,-0.3297904410090166
201505,-0.1946245873082995,-0.1731895790812278
201506,-0.22959897993784,-0.1924161248619017
201507,-0.3196819385620841,-0.237218057926621
201508,-0.3292489618853883,-0.2747991314965842
201509,-0.3980768225000112,-0.2806935336839332
201510,-0.54716896302691,-0.4082457951012061
201511,-0.5852895596223748,-0.2517216864084492
201512,-0.590208274791783,-0.1547178675412419
201601,-0.605455072586591,-0.1343929588977493
201602,-0.6919222469907567,-0.3288301920409779
201603,-0.8558257423643048,-0.5433063557285823
201604,-0.7841850844845925,-0.4095371300495588
201605,-0.8204669143163107,-0.6187954728702698
201606,-0.7695307255233386,-0.5917037006726564
201607,-0.6889486189668426,-0.5921318080253855
201608,-0.6638392461112071,-0.5216795880510311
201609,-0.6192077998041415,-0.4287880190134458
201610,-0.5742795714584887,-0.3419101666643198
201611,-0.5602896992561547,-0.4949790314428876
201612,-0.5642383157731318,-0.5838482945080442
201701,-0.6325050256165445,-0.498357862404992
201702,-0.5614675761962554,-0.329669402834547
201703,-0.5226271529317981,-0.408430543164741
201704,-0.6308354118200487,-0.5795120686397889
201705,-0.5742933443935538,-0.5455665133281921
201706,-0.6765716204547783,-0.6912477801406472
201707,-0.7960310481006913,-0.6814498896482464
201708,-0.8952466783278733,-0.7054700618934295
201709,-0.7162378199944517,-0.5557189034540198
201710,-0.6559787251380135,-0.6869460125413813
201711,-0.6636552987029387,-0.5943789150127612
201712,-0.7001406328080859,-0.6452872263583711
201801,-0.7220702363913748,-0.7683453530471649
201802,-0.726298155073453,-0.8343650454985249
201803,-0.6881066223795534,-0.7678408682643849
201804,-0.6923001256531733,-0.7701517881927059
201805,-0.7249569989677443,-0.5542759498366829
201806,-0.8004065857583154,-0.7208319501095443
201807,-0.7059943940071711,-0.6589838323242593
201808,-0.7071768949084171,-0.8510141342829938
201809,-0.7904361936240224,-1.043806479959489
201810,-0.6178491301399105,-0.6231915820401192
201811,-0.6619135950109823,-0.7767927668942138
201812,-0.6746065460770307,-0.8562144872688315
201901,-0.6267806990193243,-0.7315219521333359
201902,-0.6806767413128446,-0.7118144918576849
201903,-0.6629942893375734,-0.5478642011852287
201904,-0.5846177030495728,-0.2668520126854331
201905,-0.5288824932316483,-0.5259926763280875
201906,-0.4225650319962874,-0.1917179685829977
201907,-0.4455405360319503,-0.1907111652941209
201908,-0.4434029028075745,-0.124537399170192
201909,-0.436917619621889,-0.06767338869205435
201910,-0.4867058559761004,-0.1543908586864
201911,-0.4494841597697455,-0.1656982866267263
201912,-0.4485273773315497,0.1700478359924898
202001,-0.4920438649202075,-0.0660783003272112
202002,-0.4375340074409872,-0.03525433831112659
202003,-0.4894860320654969,0.08197372174377983
202004,-0.5342187575088255,-0.2410979492781181
202005,-0.4761313214866023,0.5326506793467675
202006,-0.3270803723471628,0.2579357672334409
202007,-0.2988695160199684,0.03049415562532037
202008,-0.2540823982995895,0.07069090450531611
202009,-0.2518996225836203,0.1591601492894113
202010,-0.273105083647841,-0.03729698802025374
202011,-0.2458944574895687,0.1074459384891396
202012,-0.02862434051500373,0.03498969346150019
202101,0.1812622534243792,0.3780190078866721
202102,0.3833766958514165,0.7984989953949287
202103,0.4861417153698278,-0.7620328604042113
202104,0.5839831329391476,-0.1186278179438342
202105,0.6973964881632302,-0.3696886126662173
202106,0.7039846250610425,0.03763299822897643
202107,0.9495454036896548,0.4711685461463
202108,1.288069594005327,0.9446436889225361
202109,1.293971014604881,0.918382139914891
202110,1.141951747793673,0.9464066030982367
202111,1.291124123615692,1.140814468666051
202112,1.653260191947005,1.621209437041132
202201,1.514641737979194,1.365848268949695
202202,1.329761194808961,1.004280723870413
202203,1.010390928738376,0.9968518340189363
202204,0.9968922439291015,0.1838335716070454
202205,0.9621095961558646,1.268997428741232
202206,0.9021261784360756,1.295475050113121
202207,0.7299519237251604,1.250800360899143
202208,0.6229444790192483,0.8837660546193769
202209,0.5371157796002435,0.6811702605081548
202210,0.3843488887638474,0.4155419911360183
202211,0.4341237865913221,0.4134382305626495
202212,0.1371503094741399,0.07900270268397185
202301,-0.03634972749073689,-0.2071756773362211
202302,0.05790429577420562,-0.1274680872145448
202303,0.1434498335835724,0.08107772066271951
202304,0.247498356872288,0.2108992957029379
202305,0.2136409608270528,-0.08934950222552977
202306,0.2121692068146039,-0.1797032780289447
202307,0.3865722751821046,-0.06154164295694665
202308,0.396517112791411,0.2267275102746095
202309,0.3689214718237578,0.2889434294964222
202310,0.8279888945636826,0.7713696440114817
202311,0.2148241508888086,0.1673424134413712
202312,0.3911047467342208,0.3375542112679649
