ym,pmi
196912,52.0
197001,48.7
197002,47.4
197003,46.9
197004,45.0
197005,47.2
197006,51.1
197007,49.5
197008,47.3
197009,44.1
197010,42.4
197011,39.7
197012,45.4
197101,47.9
197102,54.8
197103,51.2
197104,54.5
197105,54.2
197106,53.8
197107,54.4
197108,53.6
197109,55.1
197110,55.0
197111,52.3
197112,57.6
197201,59.6
197202,60.6
197203,59.8
197204,59.3
197205,61.4
197206,58.6
197207,60.1
197208,61.7
197209,65.1
197210,67.0
197211,69.9
197212,70.5
197301,72.1
197302,69.6
197303,69.6
197304,67.7
197305,64.8
197306,65.0
197307,57.8
197308,62.7
197309,63.5
197310,66.2
197311,68.1
197312,63.6
197401,62.1
197402,58.6
197403,61.8
197404,59.9
197405,55.7
197406,54.7
197407,54.8
197408,52.9
197409,46.2
197410,42.7
197411,37.9
197412,30.9
197501,30.7
197502,34.4
197503,31.6
197504,37.5
197505,41.2
197506,45.1
197507,47.2
197508,51.4
197509,54.4
197510,55.5
197511,54.5
197512,54.9
197601,58.8
197602,61.5
197603,58.4
197604,60.6
197605,58.8
197606,58.2
197607,55.9
197608,54.5
197609,53.6
197610,53.5
197611,51.7
197612,56.6
197701,54.8
197702,55.0
197703,58.4
197704,56.9
197705,59.7
197706,56.8
197707,57.7
197708,54.9
197709,53.9
197710,55.4
197711,56.1
197712,59.8
197801,57.4
197802,55.9
197803,55.0
197804,57.7
197805,60.2
197806,60.5
197807,62.2
197808,60.3
197809,60.5
197810,60.1
197811,61.3
197812,59.4
197901,58.5
197902,58.2
197903,57.7
197904,56.2
197905,54.4
197906,52.7
197907,51.3
197908,49.5
197909,49.6
197910,49.0
197911,48.0
197912,44.8
198001,46.2
198002,50.2
198003,43.6
198004,37.4
198005,29.4
198006,30.3
198007,35.0
198008,45.5
198009,50.1
198010,55.5
198011,58.2
198012,53.0
198101,49.2
198102,48.8
198103,49.6
198104,51.6
198105,53.5
198106,50.7
198107,46.7
198108,48.3
198109,42.5
198110,40.0
198111,36.1
198112,37.8
198201,38.2
198202,38.3
198203,36.8
198204,37.8
198205,35.5
198206,38.3
198207,38.4
198208,38.3
198209,38.8
198210,39.4
198211,39.2
198212,42.8
198301,46.0
198302,54.4
198303,53.9
198304,54.2
198305,56.1
198306,57.5
198307,63.6
198308,63.1
198309,62.5
198310,64.4
198311,66.0
198312,69.9
198401,60.5
198402,61.3
198403,58.9
198404,61.0
198405,58.6
198406,58.1
198407,56.1
198408,53.0
198409,50.0
198410,50.8
198411,50.3
198412,50.6
198501,50.3
198502,49.9
198503,47.8
198504,48.2
198505,47.1
198506,47.8
198507,47.9
198508,47.7
198509,49.9
198510,50.9
198511,52.0
198512,50.7
198601,51.2
198602,51.0
198603,51.0
198604,49.7
198605,53.4
198606,50.5
198607,48.0
198608,52.6
198609,52.4
198610,51.2
198611,51.2
198612,50.5
198701,54.9
198702,52.6
198703,55.0
198704,55.5
198705,57.2
198706,57.4
198707,57.5
198708,59.3
198709,60.0
198710,60.7
198711,58.8
198712,61.0
198801,57.5
198802,56.2
198803,54.6
198804,55.8
198805,55.5
198806,59.3
198807,58.2
198808,56.0
198809,54.5
198810,55.4
198811,55.6
198812,56.0
198901,54.7
198902,54.1
198903,51.5
198904,52.2
198905,49.3
198906,47.3
198907,45.9
198908,45.1
198909,46.0
198910,46.8
198911,46.8
198912,47.4
199001,47.2
199002,49.1
199003,49.9
199004,50.0
199005,49.5
199006,49.2
199007,46.6
199008,46.1
199009,44.5
199010,43.2
199011,41.3
199012,40.8
199101,39.2
199102,39.4
199103,40.7
199104,42.8
199105,44.5
199106,50.3
199107,50.6
199108,52.9
199109,54.9
199110,53.1
199111,49.5
199112,46.8
199201,47.3
199202,52.7
199203,54.6
199204,52.6
199205,55.7
199206,53.6
199207,53.9
199208,53.4
199209,49.7
199210,50.3
199211,53.6
199212,54.2
199301,55.8
199302,55.2
199303,53.5
199304,50.2
199305,51.2
199306,49.6
199307,50.2
199308,50.7
199309,50.8
199310,53.4
199311,53.8
199312,55.6
199401,56.0
199402,56.5
199403,56.9
199404,57.4
199405,58.2
199406,58.8
199407,58.5
199408,58.0
199409,59.0
199410,59.4
199411,59.2
199412,56.1
199501,57.4
199502,55.1
199503,52.1
199504,51.5
199505,46.7
199506,45.9
199507,50.7
199508,47.1
199509,48.1
199510,46.7
199511,45.9
199512,46.2
199601,45.5
199602,45.9
199603,46.9
199604,49.3
199605,49.1
199606,53.6
199607,49.7
199608,51.6
199609,51.1
199610,50.5
199611,53.0
199612,55.2
199701,53.8
199702,53.1
199703,53.8
199704,53.7
199705,56.1
199706,54.9
199707,57.7
199708,56.3
199709,53.9
199710,56.4
199711,55.7
199712,54.5
199801,53.8
199802,52.9
199803,52.9
199804,52.2
199805,50.9
199806,48.9
199807,49.2
199808,49.3
199809,48.7
199810,48.7
199811,48.2
199812,46.8
199901,50.6
199902,51.7
199903,52.4
199904,52.3
199905,54.3
199906,55.8
199907,53.6
199908,54.8
199909,57.0
199910,57.2
199911,58.1
199912,57.8
200001,56.7
200002,55.8
200003,54.9
200004,54.7
200005,53.2
200006,51.4
200007,52.5
200008,49.9
200009,49.7
200010,48.7
200011,48.5
200012,43.9
200101,42.3
200102,42.1
200103,43.1
200104,42.7
200105,41.3
200106,43.2
200107,43.5
200108,46.3
200109,46.2
200110,40.8
200111,44.1
200112,45.3
200201,47.5
200202,50.7
200203,52.4
200204,52.4
200205,53.1
200206,53.6
200207,50.2
200208,50.3
200209,50.5
200210,49.0
200211,48.5
200212,51.6
200301,51.3
200302,48.8
200303,46.3
200304,46.1
200305,49.0
200306,49.0
200307,51.0
200308,53.2
200309,52.4
200310,55.2
200311,58.4
200312,60.1
200401,60.8
200402,59.9
200403,60.6
200404,60.6
200405,61.4
200406,60.5
200407,59.9
200408,58.5
200409,57.4
200410,56.3
200411,56.2
200412,57.2
200501,56.8
200502,55.5
200503,55.2
200504,52.2
200505,50.8
200506,52.4
200507,52.8
200508,52.4
200509,56.8
200510,57.2
200511,56.7
200512,55.1
200601,55.0
200602,55.8
200603,54.3
200604,55.2
200605,53.7
200606,52.0
200607,53.0
200608,53.7
200609,52.2
200610,51.4
200611,50.3
200612,51.4
200701,49.5
200702,51.9
200703,50.7
200704,52.6
200705,52.5
200706,52.6
200707,52.4
200708,50.9
200709,51.0
200710,51.1
200711,50.5
200712,49.0
200801,50.3
200802,49.3
200803,48.3
200804,48.6
200805,48.6
200806,49.6
200807,50.2
200808,50.0
200809,49.9
200810,43.5
200811,38.9
200812,36.2
200901,32.4
200902,35.6
200903,35.8
200904,36.3
200905,40.1
200906,42.8
200907,44.8
200908,48.9
200909,52.9
200910,52.6
200911,55.7
200912,53.6
201001,55.9
201002,58.4
201003,56.5
201004,59.6
201005,60.4
201006,59.7
201007,56.2
201008,55.5
201009,56.3
201010,54.4
201011,56.9
201012,56.6
201101,57.0
201102,60.8
201103,61.4
201104,61.2
201105,60.4
201106,53.5
201107,55.3
201108,50.9
201109,50.6
201110,51.6
201111,50.8
201112,52.7
201201,53.9
201202,54.1
201203,52.4
201204,53.4
201205,54.8
201206,53.5
201207,49.7
201208,49.8
201209,49.6
201210,51.5
201211,51.7
201212,49.5
201301,50.7
201302,53.1
201303,54.2
201304,51.3
201305,50.7
201306,49.0
201307,50.9
201308,55.4
201309,55.7
201310,56.2
201311,56.4
201312,57.3
201401,57.0
201402,51.3
201403,53.2
201404,53.7
201405,54.9
201406,55.4
201407,55.3
201408,57.1
201409,59.0
201410,59.0
201411,58.7
201412,55.5
201501,53.5
201502,52.9
201503,51.5
201504,51.5
201505,52.8
201506,53.5
201507,52.7
201508,51.1
201509,50.2
201510,50.1
201511,48.6
201512,48.2
201601,48.2
201602,49.5
201603,51.8
201604,50.8
201605,51.3
201606,53.2
201607,52.6
201608,49.4
201609,51.5
201610,51.9
201611,53.2
201612,54.7
201701,56.0
201702,57.7
201703,57.2
201704,54.8
201705,54.9
201706,57.8
201707,56.3
201708,58.8
201709,60.8
201710,58.7
201711,58.2
201712,59.7
201801,59.1
201802,60.8
201803,59.3
201804,57.3
201805,58.7
201806,60.2
201807,58.1
201808,61.3
201809,59.8
201810,57.7
201811,59.3
201812,54.1
201901,56.6
201902,54.2
201903,55.3
201904,52.8
201905,52.1
201906,51.7
201907,51.2
201908,49.1
201909,47.8
201910,48.3
201911,48.1
201912,47.2
202001,50.9
202002,50.1
202003,49.1
202004,41.5
202005,43.1
202006,52.6
202007,54.2
202008,56.0
202009,55.4
202010,59.3
202011,57.5
202012,60.7
202101,58.7
202102,60.8
202103,64.7
202104,60.7
202105,61.2
202106,60.6
202107,59.5
202108,59.9
202109,61.1
202110,60.8
202111,61.1
202112,58.7
202201,57.6
202202,58.6
202203,57.1
202204,55.4
202205,56.1
202206,53.0
202207,52.8
202208,52.8
202209,50.9
202210,50.2
202211,49.0
202212,48.4
202301,47.4
202302,47.7
202303,46.3
202304,47.1
202305,46.9
202306,46.0
202307,46.4
202308,47.6
202309,49.0
202310,46.7
202311,46.7
202312,47.4
202401,49.1
202402,47.8
202403,50.3
202404,49.2
202405,48.7
202406,48.5
202407,46.8
202408,47.2
202409,47.2
202410,46.5
202411,48.4
202412,49.3
202501,50.9
202502,50.3
202503,49.0
202504,48.7
202505,48.5
202506,49.0
202507,48.0
202508,48.7
202509,49.1
202510,48.7
202511,48.2
202512,47.9
202601,52.6
202602,52.4
202603,52.7
202604,52.7
202605,54.0
202606,53.3
202607,55.6
202608,54.6
