ym,cape,gs10
187101,,5.32
187102,,5.323333333333333
187103,,5.326666666666667
187104,,5.33
187105,,5.333333333333334
187106,,5.336666666666667
187107,,5.34
187108,,5.343333333333334
187109,,5.346666666666668
187110,,5.3500000000000005
187111,,5.3533333333333335
187112,,5.3566666666666665
187201,,5.36
187202,,5.378333333333333
187203,,5.3966666666666665
187204,,5.415000000000001
187205,,5.433333333333334
187206,,5.451666666666666
187207,,5.470000000000001
187208,,5.488333333333333
187209,,5.506666666666667
187210,,5.5249999999999995
187211,,5.543333333333333
187212,,5.5616666666666665
187301,,5.58
187302,,5.570833333333334
187303,,5.561666666666666
187304,,5.552499999999999
187305,,5.543333333333333
187306,,5.534166666666667
187307,,5.525
187308,,5.515833333333333
187309,,5.506666666666667
187310,,5.4975000000000005
187311,,5.488333333333332
187312,,5.479166666666666
187401,,5.47
187402,,5.4366666666666665
187403,,5.403333333333332
187404,,5.37
187405,,5.336666666666667
187406,,5.303333333333334
187407,,5.27
187408,,5.236666666666666
187409,,5.203333333333333
187410,,5.17
187411,,5.136666666666667
187412,,5.1033333333333335
187501,,5.07
187502,,5.03
187503,,4.99
187504,,4.95
187505,,4.91
187506,,4.87
187507,,4.83
187508,,4.79
187509,,4.75
187510,,4.710000000000001
187511,,4.67
187512,,4.63
187601,,4.59
187602,,4.578333333333333
187603,,4.566666666666666
187604,,4.555000000000001
187605,,4.543333333333333
187606,,4.531666666666666
187607,,4.52
187608,,4.508333333333334
187609,,4.496666666666667
187610,,4.485
187611,,4.473333333333334
187612,,4.461666666666667
187701,,4.45
187702,,4.440833333333333
187703,,4.431666666666667
187704,,4.4225
187705,,4.413333333333333
187706,,4.404166666666667
187707,,4.395
187708,,4.385833333333333
187709,,4.376666666666667
187710,,4.367500000000001
187711,,4.358333333333333
187712,,4.349166666666666
187801,,4.34
187802,,4.33
187803,,4.32
187804,,4.3100000000000005
187805,,4.3
187806,,4.29
187807,,4.279999999999999
187808,,4.27
187809,,4.26
187810,,4.25
187811,,4.239999999999999
187812,,4.2299999999999995
187901,,4.22
187902,,4.203333333333333
187903,,4.186666666666666
187904,,4.17
187905,,4.153333333333332
187906,,4.136666666666667
187907,,4.119999999999999
187908,,4.103333333333333
187909,,4.086666666666666
187910,,4.069999999999999
187911,,4.053333333333333
187912,,4.036666666666667
188001,,4.02
188002,,3.993333333333333
188003,,3.9666666666666663
188004,,3.9399999999999995
188005,,3.913333333333333
188006,,3.8866666666666667
188007,,3.8600000000000003
188008,,3.8333333333333335
188009,,3.8066666666666666
188010,,3.7800000000000002
188011,,3.7533333333333334
188012,,3.726666666666667
188101,18.473952301404942,3.7
188102,18.14725816499024,3.693333333333334
188103,18.270119140204997,3.686666666666667
188104,17.950108278222896,3.68
188105,18.8697186931526,3.673333333333334
188106,19.02871073111579,3.666666666666667
188107,18.116367187389752,3.66
188108,17.28624355397345,3.6533333333333333
188109,16.724836648772907,3.646666666666667
188110,16.26198941118135,3.64
188111,16.47864231664487,3.6333333333333337
188112,15.958754206105084,3.626666666666667
188201,15.678764160028747,3.62
188202,15.153861528363045,3.6208333333333336
188203,15.09167029948675,3.621666666666667
188204,14.916997168375307,3.6225
188205,14.567103202191767,3.6233333333333335
188206,14.327404890131675,3.6241666666666665
188207,15.24055976121783,3.625
188208,15.525429331463037,3.6258333333333335
188209,16.081106624462315,3.626666666666667
188210,15.755581030526558,3.6275
188211,15.192670313165342,3.6283333333333334
188212,15.382128332081978,3.629166666666667
188301,15.270259119098574,3.63
188302,14.757590146176227,3.629166666666667
188303,15.051254121401639,3.6283333333333334
188304,15.482067222036676,3.6275
188305,15.335497637337065,3.626666666666667
188306,15.903388388583794,3.6258333333333335
188307,15.948783127017029,3.625
188308,15.19681087662985,3.6241666666666665
188309,15.494692425793458,3.6233333333333335
188310,15.048056270223842,3.6225
188311,15.408218142448874,3.621666666666667
188312,14.896403941887167,3.6208333333333336
188401,14.432821721970726,3.62
188402,14.805960228816716,3.611666666666667
188403,14.736023454014472,3.6033333333333335
188404,14.353453682579472,3.5949999999999998
188405,13.465050313804905,3.586666666666667
188406,12.906876483666863,3.5783333333333336
188407,13.043931585991668,3.57
188408,13.859813341769325,3.5616666666666665
188409,13.569154744335723,3.5533333333333337
188410,13.273251319134156,3.545
188411,13.30443760211973,3.536666666666667
188412,13.432292746944764,3.5283333333333333
188501,13.129817425635963,3.52
188502,13.384817593597965,3.5075
188503,13.734194093452514,3.495
188504,13.548548541030058,3.4825
188505,13.711371872561942,3.4699999999999998
188506,13.978784368698353,3.4575
188507,14.326658777089326,3.445
188508,15.130410796707155,3.4325
188509,15.116285028724242,3.42
188510,15.991023962168983,3.4075
188511,16.82403449861902,3.3950000000000005
188512,16.304475952278526,3.3825000000000003
188601,16.692317470797658,3.37
188602,17.006648259461002,3.3825000000000003
188603,16.843266101570137,3.3950000000000005
188604,16.801716131246305,3.4075
188605,16.863195515097832,3.42
188606,17.831494055376883,3.4325
188607,17.84584504153221,3.445
188608,17.72391279961927,3.4575
188609,18.14714392580003,3.4699999999999998
188610,18.562381342866566,3.4825
188611,18.968312634942837,3.495
188612,18.194057556886438,3.5075
188701,17.512222096304956,3.52
188702,17.125366596972317,3.5324999999999998
188703,17.473213711513754,3.5450000000000004
188704,17.82298363910071,3.5575
188705,18.07544542745824,3.5700000000000003
188706,17.707695663272986,3.5825
188707,17.43146053561307,3.5949999999999998
188708,16.739849614820702,3.6075
188709,16.676629667380144,3.62
188710,15.880666812517312,3.6325
188711,15.950712201066773,3.6450000000000005
188712,15.455513454469944,3.6574999999999998
188801,15.358662514259905,3.67
188802,15.418178318820534,3.6516666666666664
188803,14.808972366946568,3.6333333333333337
188804,15.02010868184446,3.615
188805,15.38791695722913,3.5966666666666667
188806,15.077628818434691,3.578333333333333
188807,15.279642515498175,3.5600000000000005
188808,15.602911670088805,3.541666666666667
188809,15.987828821761422,3.5233333333333334
188810,15.715941874329705,3.505
188811,15.223749016946284,3.486666666666667
188812,14.946748301089228,3.4683333333333333
188901,15.802286071028163,3.45
188902,16.192720447848995,3.4475000000000002
188903,16.06504536076929,3.445
188904,16.050104533967485,3.4425
188905,16.915421076068377,3.4400000000000004
188906,17.21930294394768,3.4375
188907,16.889214491107513,3.4350000000000005
188908,17.131853975345724,3.4325
188909,17.35078802634859,3.4299999999999997
188910,17.053214402955483,3.4275
188911,16.90602117024936,3.4250000000000003
188912,16.610338076603384,3.4225
189001,17.220071982181892,3.42
189002,17.0268149826714,3.4366666666666665
189003,16.901122288589896,3.4533333333333336
189004,17.25785454260319,3.4699999999999998
189005,17.786430487858613,3.4866666666666664
189006,17.684360844450154,3.5033333333333334
189007,17.589295440864852,3.5199999999999996
189008,16.596791133979092,3.536666666666667
189009,16.169702000615295,3.5533333333333337
189010,15.482849163344424,3.57
189011,14.745043493292792,3.586666666666667
189012,14.442991231338429,3.6033333333333335
189101,15.428980086469084,3.62
189102,15.476522332432529,3.618333333333333
189103,15.051623357657373,3.616666666666667
189104,15.408945125474114,3.6149999999999998
189105,15.566495230713242,3.6133333333333333
189106,15.658211395638135,3.611666666666667
189107,15.617919238645978,3.61
189108,16.163998509963022,3.6083333333333334
189109,17.711261413256512,3.6066666666666665
189110,17.71656858982635,3.6049999999999995
189111,17.671739174763985,3.6033333333333335
189112,18.20630300020992,3.601666666666667
189201,19.016388404225253,3.6
189202,19.036425040978425,3.6125000000000003
189203,19.738054849323,3.625
189204,19.943265241638635,3.6374999999999997
189205,19.911465213489794,3.65
189206,19.76928439713673,3.6625
189207,19.211886434505548,3.675
189208,19.20430380317381,3.6875
189209,18.694271809588194,3.7
189210,19.0402149153247,3.7125
189211,18.46331269079999,3.725
189212,18.013009251275733,3.7375
189301,17.65664370809877,3.75
189302,17.12519385487245,3.7458333333333336
189303,16.899589031582316,3.7416666666666667
189304,17.102541578254915,3.7375000000000003
189305,15.780987310776249,3.7333333333333334
189306,15.41650386359769,3.729166666666667
189307,14.349854182760946,3.7250000000000005
189308,14.58805653580781,3.7208333333333337
189309,15.01206907913876,3.716666666666667
189310,15.271794153520188,3.7125000000000004
189311,15.942411400571675,3.7083333333333335
189312,15.612694335464935,3.704166666666667
189401,15.739869351948228,3.7
189402,16.20273659644993,3.6800000000000006
189403,17.187622088121934,3.66
189404,17.43484907805246,3.64
189405,16.808751920918013,3.62
189406,16.60631969529253,3.6000000000000005
189407,16.289679714916954,3.58
189408,16.457777072998372,3.5599999999999996
189409,16.522315444877222,3.54
189410,16.50290420570843,3.5200000000000005
189411,16.542784447444557,3.5
189412,16.67246633376773,3.4800000000000004
189501,16.52444393516272,3.46
189502,16.331237693211413,3.4716666666666667
189503,16.364625427174804,3.4833333333333334
189504,16.387543823686304,3.495
189505,17.080369553382397,3.506666666666667
189506,17.207413539783396,3.518333333333333
189507,17.54601464874056,3.53
189508,18.074072547241798,3.541666666666667
189509,18.200335946605467,3.5533333333333332
189510,17.944706622466477,3.5649999999999995
189511,17.342998991921693,3.5766666666666667
189512,16.54841515666796,3.588333333333334
189601,16.57622482856819,3.6
189602,17.51540335263728,3.5833333333333335
189603,17.23236271229861,3.5666666666666664
189604,17.643699378130005,3.55
189605,17.828266894232826,3.533333333333333
189606,17.777578616430464,3.5166666666666666
189607,16.637100103394587,3.5
189608,15.703370546226878,3.4833333333333334
189609,16.544339943032018,3.466666666666667
189610,16.43886680472589,3.4499999999999997
189611,17.08942524237112,3.4333333333333336
189612,16.501404180590093,3.4166666666666665
189701,17.026521282380557,3.4
189702,16.894025883254095,3.3958333333333335
189703,16.95803071672104,3.3916666666666666
189704,16.69685743473466,3.3874999999999997
189705,17.047755129229383,3.3833333333333333
189706,17.85049728069061,3.3791666666666664
189707,18.65197575582029,3.375
189708,19.00639601051944,3.3708333333333336
189709,19.37237029339779,3.3666666666666667
189710,19.02803122390242,3.3625000000000003
189711,18.35844809805022,3.3583333333333334
189712,18.748757662525502,3.3541666666666665
189801,19.24900002181375,3.35
189802,18.91813188800214,3.3291666666666666
189803,18.042174923468675,3.308333333333333
189804,17.705089426411774,3.2875
189805,17.595635274512816,3.2666666666666666
189806,19.54481748054799,3.2458333333333336
189807,19.858943014167306,3.225
189808,20.54491517915327,3.2041666666666666
189809,20.442732862691297,3.1833333333333336
189810,19.94719982577366,3.1625
189811,20.52741632481129,3.1416666666666666
189812,21.40363198544818,3.1208333333333336
189901,22.932807416487186,3.1
189902,23.048117549980198,3.104166666666667
189903,23.279682245508724,3.1083333333333334
189904,23.152421525686496,3.1125000000000003
189905,22.09126936083419,3.116666666666667
189906,21.21209192504683,3.1208333333333336
189907,21.561425634523125,3.125
189908,21.726237373055454,3.129166666666667
189909,20.591140514113782,3.1333333333333337
189910,20.15371346068661,3.1374999999999997
189911,20.1964575208023,3.1416666666666666
189912,18.512649643600202,3.145833333333333
190001,18.674275362444785,3.15
190002,18.703797417251437,3.145833333333333
190003,18.775793421238376,3.1416666666666666
190004,18.936402033322736,3.1374999999999997
190005,18.40319701695042,3.1333333333333337
190006,17.992711584303983,3.129166666666667
190007,17.689545468952808,3.125
190008,18.06961466678419,3.1208333333333336
190009,17.341874151224708,3.116666666666667
190010,18.102398784556048,3.1125000000000003
190011,19.419584603760754,3.1083333333333334
190012,20.74405116087084,3.104166666666667
190101,20.978581834536186,3.1
190102,21.679149848206187,3.106666666666667
190103,22.347583950683845,3.1133333333333333
190104,24.4097169948272,3.12
190105,23.064012684863545,3.126666666666667
190106,25.23846620596033,3.1333333333333333
190107,23.14484855370808,3.14
190108,23.077177713844357,3.146666666666667
190109,22.590468316860218,3.1533333333333333
190110,22.252901618408902,3.16
190111,22.37507477765278,3.1666666666666665
190112,21.68021514102967,3.173333333333334
190201,22.340290796033557,3.18
190202,22.459957452460387,3.1900000000000004
190203,22.410652288217324,3.1999999999999997
190204,22.823108698497833,3.21
190205,22.427954493329793,3.2199999999999998
190206,21.963742295514617,3.2300000000000004
190207,22.385686589401352,3.2399999999999998
190208,23.168671834092848,3.25
190209,22.856566381954487,3.26
190210,20.604425401859793,3.27
190211,20.408541255072173,3.2800000000000002
190212,19.63323212682383,3.29
190301,20.318132053828485,3.3
190302,20.107051517552804,3.308333333333333
190303,19.884560384872824,3.3166666666666664
190304,18.98002260182625,3.325
190305,18.954858723039862,3.333333333333333
190306,17.8185517229685,3.341666666666667
190307,16.918178414766643,3.3499999999999996
190308,16.299118790903485,3.3583333333333334
190309,15.654359115196906,3.3666666666666663
190310,15.252943825778832,3.3749999999999996
190311,15.407877534297885,3.3833333333333333
190312,16.04289414005013,3.3916666666666666
190401,15.86183391403363,3.4
190402,15.02149838033143,3.4066666666666667
190403,15.081930176258854,3.4133333333333336
190404,15.565490611691471,3.42
190405,15.525820896254631,3.4266666666666667
190406,15.474433638652645,3.4333333333333336
190407,16.036401629624102,3.44
190408,16.304651978851027,3.4466666666666663
190409,16.74260004916368,3.453333333333333
190410,17.633197370821392,3.46
190411,18.07620022377006,3.466666666666667
190412,18.159679118703192,3.473333333333333
190501,18.459852032455835,3.48
190502,19.168996375829813,3.475833333333333
190503,19.831506074218407,3.4716666666666667
190504,19.482927524711275,3.4675
190505,18.62948750984511,3.463333333333333
190506,18.735862386183527,3.4591666666666665
190507,19.205883309548042,3.455
190508,19.573308430803714,3.4508333333333336
190509,19.743492419697777,3.4466666666666663
190510,19.89739481432952,3.4425000000000003
190511,19.443525693264977,3.438333333333334
190512,19.577960809096115,3.434166666666667
190601,20.132402260807893,3.43
190602,19.866752563675888,3.45
190603,19.25945302085411,3.4700000000000006
190604,18.876204996115877,3.49
190605,18.05404446092639,3.51
190606,18.172666376497496,3.5300000000000002
190607,18.19520014351374,3.55
190608,18.9672514775493,3.5700000000000003
190609,19.20099368200136,3.59
190610,18.095380908869103,3.61
190611,18.141851654007965,3.6300000000000003
190612,17.660003667768663,3.6499999999999995
190701,17.218913853705985,3.67
190702,16.217071288766157,3.6866666666666665
190703,14.687545255978653,3.7033333333333336
190704,14.66970990560274,3.7199999999999998
190705,13.790107153424247,3.736666666666667
190706,13.144269952673206,3.753333333333333
190707,13.58500735796184,3.7699999999999996
190708,12.513471604446611,3.7866666666666666
190709,12.32856965773663,3.8033333333333337
190710,10.831840153050607,3.82
190711,10.591177559189786,3.836666666666667
190712,11.333306235811177,3.853333333333333
190801,11.90296862826698,3.87
190802,11.554846295144793,3.8608333333333333
190803,11.984662664464294,3.8516666666666666
190804,12.448889158370367,3.8425
190805,13.078451355438336,3.833333333333333
190806,13.051684129229988,3.8241666666666663
190807,13.345487104834403,3.8149999999999995
190808,13.884232895208614,3.805833333333333
190809,13.701442268825112,3.7966666666666664
190810,13.690810359178707,3.7874999999999996
190811,14.43501409125626,3.778333333333333
190812,14.58248290896244,3.769166666666667
190901,14.764418456441348,3.76
190902,14.16715751670136,3.7725
190903,14.33605838058621,3.7849999999999997
190904,14.645198603086111,3.7975
190905,14.953509786582776,3.8099999999999996
190906,15.040444676080995,3.8225
190907,15.231503240497679,3.835
190908,15.417580706254752,3.8474999999999997
190909,15.254446436821171,3.8600000000000003
190910,14.988845296121763,3.8724999999999996
190911,14.745631176824585,3.885
190912,14.750638489265034,3.8975000000000004
191001,14.547885040564147,3.91
191002,14.0020379030327,3.9158333333333335
191003,14.05000696507782,3.921666666666667
191004,13.559883620820079,3.9274999999999998
191005,13.568792287251444,3.9333333333333336
191006,13.019657302315933,3.9391666666666665
191007,12.342581259985213,3.9450000000000003
191008,12.745055150886246,3.9508333333333336
191009,12.937161101070838,3.956666666666667
191010,13.918866656445807,3.9625
191011,14.16452317578035,3.9683333333333333
191012,13.741478417781543,3.9741666666666666
191101,14.049215181401202,3.98
191102,14.721488469928298,3.9825
191103,14.370623221979526,3.985
191104,14.75293542032935,3.9875
191105,15.047660591685036,3.99
191106,15.328355684719273,3.9924999999999997
191107,15.083110578700255,3.995
191108,13.899790665654434,3.9975
191109,12.997953983252426,4.0
191110,13.066472850619185,4.0024999999999995
191111,13.727997586413089,4.005
191112,13.929258419578225,4.0075
191201,13.794952631845817,4.01
191202,13.531634369686586,4.046666666666667
191203,13.639769173944165,4.083333333333333
191204,13.65439269055323,4.12
191205,13.64550068561236,4.156666666666666
191206,13.78541740450252,4.193333333333333
191207,13.802876645015775,4.23
191208,13.984761763426267,4.266666666666667
191209,13.92628500131586,4.303333333333334
191210,13.905092701178457,4.34
191211,13.749541018606523,4.376666666666667
191212,13.388999452579622,4.413333333333333
191301,13.148088791761552,4.45
191302,12.682960516236747,4.425833333333333
191303,12.44345351518365,4.401666666666667
191304,12.433067081795157,4.3775
191305,12.221401061154117,4.3533333333333335
191306,11.491962852761217,4.3291666666666675
191307,11.534022795459853,4.305
191308,11.846840543564623,4.280833333333334
191309,11.843316826625964,4.256666666666667
191310,11.471490240312288,4.2325
191311,11.072537845038003,4.208333333333334
191312,11.174040870036787,4.184166666666667
191401,11.636092105046128,4.16
191402,11.910233879798234,4.166666666666667
191403,11.685526018836823,4.173333333333334
191404,11.522662536200231,4.18
191405,11.479008694164479,4.1866666666666665
191406,11.428715168831884,4.193333333333333
191407,10.69434518304014,4.2
191408,10.492046265076432,4.206666666666667
191409,10.50049730180213,4.213333333333333
191410,10.612759466126223,4.220000000000001
191411,10.516917642992121,4.226666666666667
191412,10.172217991997861,4.233333333333333
191501,10.359834197757268,4.24
191502,10.32978620966069,4.224166666666667
191503,10.707013188682813,4.208333333333334
191504,11.401123789000188,4.1925
191505,11.026929876471314,4.176666666666667
191506,11.154262189096343,4.160833333333333
191507,11.113629393949605,4.145
191508,11.584831641604604,4.129166666666666
191509,12.011570757825899,4.113333333333333
191510,12.549076133220161,4.0975
191511,12.857714453559321,4.081666666666667
191512,12.878444602185995,4.065833333333333
191601,12.543563692516182,4.05
191602,12.354652326458808,4.0649999999999995
191603,12.177052795748489,4.08
191604,11.906481776593191,4.095
191605,12.026256671905172,4.109999999999999
191606,11.99596122294659,4.125
191607,11.79116527525456,4.140000000000001
191608,11.73208263887417,4.155
191609,11.94455241750448,4.17
191610,12.045741763370806,4.1850000000000005
191611,12.05323040323051,4.2
191612,11.413559188849499,4.215
191701,10.99236142738343,4.23
191702,10.063187738735735,4.258333333333333
191703,10.327157080107881,4.286666666666667
191704,9.644531197281239,4.315000000000001
191705,9.138988813373581,4.343333333333334
191706,9.148220259539588,4.371666666666667
191707,9.003472377228809,4.4
191708,8.572680466753784,4.428333333333334
191709,7.950823264217068,4.456666666666667
191710,7.387133711108148,4.485
191711,6.753013604774311,4.513333333333334
191712,6.412593898119822,4.541666666666667
191801,6.640646028655352,4.57
191802,6.784343551630282,4.564166666666667
191803,6.686355760455896,4.558333333333334
191804,6.520727730547161,4.5525
191805,6.582363231621083,4.546666666666667
191806,6.496291318641057,4.5408333333333335
191807,6.371324093848991,4.535
191808,6.303073760914596,4.529166666666667
191809,6.1491705624316815,4.523333333333333
191810,6.290515321191323,4.5175
191811,6.333327495354157,4.511666666666667
191812,6.134580411283433,4.505833333333333
191901,6.098467639950105,4.5
191902,6.239692771364979,4.539166666666667
191903,6.356074004869144,4.578333333333333
191904,6.456139555819275,4.6175
191905,6.829002261482032,4.656666666666666
191906,7.021615214784132,4.695833333333333
191907,7.052837165446311,4.734999999999999
191908,6.479131101705276,4.774166666666666
191909,6.55848167206126,4.813333333333333
191910,6.794704199949302,4.852499999999999
191911,6.46702257413313,4.891666666666667
191912,6.160717033799177,4.930833333333333
192001,5.989667771139438,4.97
192002,5.455347649907772,4.9799999999999995
192003,5.798822727557158,4.99
192004,5.599858725506184,5.0
192005,5.188950462047495,5.01
192006,5.04363968045162,5.02
192007,5.080592919540795,5.029999999999999
192008,5.020701077922857,5.039999999999999
192009,5.297162770108058,5.05
192010,5.351177393424156,5.0600000000000005
192011,5.1264079309479245,5.069999999999999
192012,4.784241045083246,5.079999999999999
192101,5.122184146887372,5.09
192102,5.2748571912050455,5.024166666666666
192103,5.192348158684176,4.958333333333333
192104,5.297085922739674,4.8925
192105,5.609469225330776,4.826666666666666
192106,5.216110960989321,4.760833333333333
192107,5.1977793619054715,4.695
192108,5.161294823215732,4.629166666666666
192109,5.37752442545826,4.5633333333333335
192110,5.479257678053349,4.4975
192111,5.838196993200892,4.431666666666667
192112,6.114158849417271,4.365833333333333
192201,6.287087290347129,4.3
192202,6.4613058726969825,4.305
192203,6.82138724903604,4.3100000000000005
192204,7.27325339020986,4.3149999999999995
192205,7.593467258919377,4.32
192206,7.557987351755126,4.325
192207,7.60209504577403,4.33
192208,8.020030689895775,4.335
192209,8.265083002284301,4.34
192210,8.432151998761896,4.345
192211,7.998253772269836,4.35
192212,7.964679864940001,4.3549999999999995
192301,8.154200483069156,4.36
192302,8.533360579065972,4.335
192303,8.700737500978533,4.31
192304,8.372809668463818,4.285
192305,8.000497867598213,4.26
192306,7.671825282673083,4.234999999999999
192307,7.345985119490652,4.21
192308,7.441783174217374,4.185
192309,7.458183867189799,4.16
192310,7.3174003956214815,4.135
192311,7.546327911916237,4.109999999999999
192312,7.8097391449387485,4.085
192401,8.072249446037382,4.06
192402,8.16206622085036,4.043333333333333
192403,8.058077044116096,4.026666666666666
192404,7.923620348327986,4.01
192405,7.899698330665295,3.993333333333333
192406,8.05167694639665,3.9766666666666666
192407,8.377712139971836,3.96
192408,8.717418308548332,3.943333333333333
192409,8.581670375209056,3.9266666666666667
192410,8.419491035872426,3.91
192411,8.888327361250973,3.8933333333333335
192412,9.310639680416376,3.876666666666667
192501,9.692618852254999,3.86
192502,9.830804722819575,3.845
192503,9.518537538810033,3.83
192504,9.476566787903069,3.815
192505,9.729007694021332,3.8
192506,9.796386180450611,3.785
192507,9.9639938917878,3.77
192508,10.110918458488943,3.7550000000000003
192509,10.359247611348502,3.74
192510,10.718495997022927,3.725
192511,10.886317440307932,3.71
192512,11.147365239137253,3.6950000000000003
192601,11.340966188506236,3.68
192602,11.389435672748013,3.651666666666667
192603,10.712352062732489,3.6233333333333335
192604,10.395587685954737,3.595
192605,10.575158463806105,3.566666666666667
192606,11.197979740229965,3.5383333333333336
192607,11.869694058481281,3.51
192608,12.488808219521882,3.4816666666666665
192609,12.692614823344726,3.453333333333333
192610,12.426517521583357,3.425
192611,12.615251212344491,3.3966666666666665
192612,13.009052728993137,3.3683333333333327
192701,13.185930628677799,3.34
192702,13.633966132216223,3.339166666666666
192703,14.033257507604493,3.3383333333333334
192704,14.488222209157062,3.3375
192705,15.002347055737118,3.336666666666667
192706,15.120333481747526,3.3358333333333334
192707,15.820802594477751,3.335
192708,16.862861852763807,3.3341666666666665
192709,17.818723713516434,3.3333333333333335
192710,17.537237852261097,3.3325
192711,18.131301434952434,3.3316666666666666
192712,18.64662402140254,3.3308333333333335
192801,18.80612857170078,3.33
192802,18.868850519584047,3.3525
192803,19.94341779906455,3.375
192804,21.257909249487504,3.3975
192805,21.832732178740038,3.42
192806,20.913421576866714,3.4425
192807,21.081905435296804,3.465
192808,21.762131502579248,3.4875
192809,23.00464944615924,3.51
192810,23.578344239585046,3.5324999999999998
192811,25.121984571109596,3.555
192812,25.301591027426152,3.5775
192901,27.083199620832776,3.6
192902,27.13167279824739,3.5741666666666667
192903,27.67574843786187,3.5483333333333333
192904,27.568454472898292,3.5225
192905,27.698586875008125,3.4966666666666666
192906,27.93546783028868,3.470833333333333
192907,29.93328940684221,3.4450000000000003
192908,31.480313247173008,3.4191666666666665
192909,32.56378859877671,3.3933333333333335
192910,28.961067164354795,3.3674999999999997
192911,21.17103600009704,3.341666666666667
192912,22.00737317641834,3.315833333333333
193001,22.310724294336858,3.29
193002,23.69711774933589,3.2941666666666665
193003,24.586607792668854,3.2983333333333333
193004,25.84343686201832,3.3024999999999998
193005,24.309760633908184,3.3066666666666666
193006,21.866899333389487,3.310833333333333
193007,21.548797592546656,3.3150000000000004
193008,21.30060224111816,3.319166666666667
193009,21.072581788447327,3.3233333333333333
193010,18.214870154658634,3.3275
193011,16.939711377775176,3.3316666666666666
193012,16.05500185653133,3.3358333333333325
193101,16.705478731547622,3.34
193102,18.161492436976097,3.3683333333333327
193103,18.57956103279129,3.3966666666666665
193104,16.87231533160967,3.425
193105,15.401539999110119,3.453333333333333
193106,15.062476074643255,3.4816666666666665
193107,15.516750095516326,3.51
193108,15.006276602886548,3.5383333333333336
193109,12.817745261106888,3.566666666666667
193110,11.145926407660932,3.595
193111,11.41560029564468,3.6233333333333335
193112,9.306032867968321,3.651666666666667
193201,9.312406455177848,3.68
193202,9.336932251008408,3.649166666666667
193203,9.413065028012216,3.6183333333333336
193204,7.192233196115491,3.5875000000000004
193205,6.390857289881446,3.5566666666666666
193206,5.5650593715289665,3.525833333333334
193207,5.8387636718512015,3.495
193208,8.834653205181214,3.464166666666667
193209,9.761168564063711,3.4333333333333336
193210,8.478606607689084,3.4025
193211,8.4633095671229,3.3716666666666666
193212,8.257073999100685,3.3408333333333338
193301,8.72804616281353,3.31
193302,7.826051751316599,3.2941666666666674
193303,7.87468132294317,3.2783333333333333
193304,8.723101646068114,3.2624999999999997
193305,11.249651251932447,3.2466666666666666
193306,13.09887551726952,3.2308333333333334
193307,13.754304493874537,3.215
193308,12.99952705036774,3.1991666666666667
193309,12.92292061488599,3.1833333333333336
193310,11.696253568143698,3.1675000000000004
193311,12.011766193389938,3.151666666666667
193312,12.281801622601114,3.1358333333333333
193401,13.02511982833238,3.12
193402,13.926922904274294,3.0925
193403,13.254537629740089,3.065
193404,13.518389284490091,3.0375000000000005
193405,12.181583235024025,3.0100000000000002
193406,12.287726483952426,2.9825
193407,11.741524229318244,2.955
193408,11.315025981829047,2.9275
193409,10.909954083288843,2.9000000000000004
193410,11.10835260535173,2.8724999999999996
193411,11.448808690205704,2.8449999999999998
193412,11.63933756647589,2.8175
193501,11.495907968201598,2.79
193502,11.087812159055568,2.7783333333333333
193503,10.398272404790033,2.7666666666666666
193504,11.104210207149519,2.755
193505,11.985576683480094,2.743333333333333
193506,12.539519324443889,2.731666666666667
193507,13.202137936511006,2.72
193508,14.105056846668951,2.708333333333333
193509,14.418891702707432,2.6966666666666668
193510,14.826232627114088,2.685
193511,16.12960516325114,2.6733333333333333
193512,16.159192714615326,2.6616666666666666
193601,17.087359845997245,2.65
193602,18.10453645951779,2.6525
193603,18.66047820392602,2.6550000000000002
193604,18.718999665151493,2.6574999999999998
193605,17.75019251932864,2.66
193606,18.39300106583134,2.6625
193607,19.360464512319133,2.665
193608,19.623060162983755,2.6675000000000004
193609,19.862024243287628,2.67
193610,20.913091852533118,2.6725000000000003
193611,21.49976534102416,2.675
193612,21.12566354815544,2.6774999999999998
193701,21.618741582953508,2.68
193702,22.24422155280516,2.67
193703,22.042197016050576,2.66
193704,20.556579457432868,2.6500000000000004
193705,19.474174686572113,2.64
193706,18.71165996036497,2.63
193707,19.646723279607635,2.62
193708,19.806982577380968,2.6100000000000003
193709,16.847882862705816,2.6
193710,14.361659574753363,2.59
193711,13.158119166486069,2.58
193712,13.008483033706138,2.57
193801,13.511461918562414,2.56
193802,13.263076236460867,2.5433333333333334
193803,12.377286234697683,2.5266666666666664
193804,11.789517720684183,2.51
193805,11.99227593054569,2.493333333333333
193806,12.288966307788128,2.4766666666666666
193807,14.770328017492066,2.46
193808,14.903588512604365,2.4433333333333334
193809,14.28233050863997,2.4266666666666667
193810,16.06114764333344,2.4099999999999997
193811,16.149571800715513,2.393333333333333
193812,15.756484438994008,2.3766666666666665
193901,15.599634410919288,2.36
193902,15.664696928954774,2.3474999999999997
193903,15.72922374321423,2.335
193904,13.91699457981241,2.3225
193905,14.502929499657785,2.31
193906,14.833828921489793,2.2975000000000003
193907,15.270952598570267,2.285
193908,15.120082343333998,2.2725
193909,16.452835577060974,2.26
193910,16.821204806265644,2.2475
193911,16.599238509946648,2.2350000000000003
193912,16.280412901283846,2.2225
194001,16.37848034261367,2.21
194002,16.216119847731058,2.1883333333333335
194003,16.172906305307908,2.166666666666667
194004,16.370988707128785,2.145
194005,14.138747694800728,2.1233333333333335
194006,12.843765598268805,2.1016666666666666
194007,13.369884763210054,2.08
194008,13.649399392391636,2.0583333333333336
194009,14.214842598620637,2.0366666666666666
194010,14.328290323104957,2.015
194011,14.636689248763613,1.9933333333333334
194012,13.90842612235384,1.9716666666666665
194101,13.904158267950834,1.95
194102,13.002943303402448,1.9925
194103,12.955719822063326,2.035
194104,12.429370389220782,2.0775
194105,12.037206512481575,2.12
194106,12.164306590628442,2.1625
194107,12.744996277919578,2.205
194108,12.463173720387806,2.2474999999999996
194109,12.279729272093077,2.29
194110,11.577814956574075,2.3325
194111,10.911668685916963,2.3750000000000004
194112,10.086593309917905,2.4175
194201,10.101686431929252,2.46
194202,9.680255591749363,2.4608333333333334
194203,9.003426617760969,2.461666666666667
194204,8.544255707588263,2.4625
194205,8.506116259696052,2.4633333333333334
194206,8.905456928518054,2.4641666666666664
194207,9.150488900994745,2.465
194208,9.012823047564297,2.4658333333333338
194209,9.077829839371503,2.466666666666667
194210,9.599176749352987,2.4675000000000002
194211,9.661334152171655,2.4683333333333337
194212,9.617514103283177,2.4691666666666667
194301,10.150534220432082,2.47
194302,10.708982995221264,2.470833333333333
194303,10.850541744036798,2.4716666666666667
194304,11.03922714293969,2.4725
194305,11.362215800613688,2.4733333333333336
194306,11.516744786451227,2.474166666666667
194307,11.774213341781653,2.475
194308,11.210545904158963,2.475833333333333
194309,11.336281939610284,2.4766666666666666
194310,11.187335503326029,2.4775
194311,10.631033673001415,2.4783333333333335
194312,10.737360316041068,2.479166666666667
194401,11.052412763977468,2.48
194402,10.947918887724716,2.470833333333333
194403,11.224693196180676,2.461666666666667
194404,10.938275188239395,2.4525
194405,11.103736936792616,2.4433333333333334
194406,11.5327852725325,2.4341666666666666
194407,11.738774750180713,2.425
194408,11.541711674209218,2.4158333333333335
194409,11.328560584696467,2.4066666666666667
194410,11.583105186279122,2.3975
194411,11.478459198055475,2.3883333333333336
194412,11.638683593355125,2.3791666666666664
194501,11.96046343980699,2.37
194502,12.341753548186313,2.355
194503,12.323310311389324,2.3400000000000003
194504,12.631867236563071,2.325
194505,13.03656062878535,2.31
194506,13.130223361406054,2.295
194507,12.86702844300916,2.2800000000000002
194508,12.915378562256745,2.265
194509,13.798264951719782,2.25
194510,14.37466267539134,2.2350000000000003
194511,14.847702661876784,2.2199999999999998
194512,15.020347474739966,2.205
194601,15.62316317776167,2.19
194602,15.761666525801903,2.195
194603,15.134873415142536,2.2
194604,16.04084238621592,2.205
194605,16.013723170832183,2.21
194606,15.773186880128748,2.215
194607,14.508136111909076,2.2199999999999998
194608,13.984939309942765,2.225
194609,11.841267540149639,2.23
194610,11.387602961765054,2.235
194611,11.110043656743295,2.24
194612,11.37277942586271,2.245
194701,11.469296334735581,2.25
194702,11.949565314209439,2.265833333333333
194703,11.287903096501287,2.2816666666666667
194704,10.900825126392673,2.2975
194705,10.733674273688537,2.3133333333333335
194706,11.082715855052092,2.3291666666666666
194707,11.696446553354361,2.3449999999999998
194708,11.337472355329826,2.360833333333333
194709,10.827463017228832,2.376666666666667
194710,11.132662042754784,2.3925
194711,10.975407324839066,2.408333333333333
194712,10.680912531969184,2.424166666666667
194801,10.419342657320323,2.44
194802,9.999761169144179,2.4291666666666667
194803,10.186680609489674,2.418333333333333
194804,10.77948448202462,2.4075
194805,11.241032697984439,2.3966666666666665
194806,11.583895756523841,2.3858333333333333
194807,11.134621739180936,2.375
194808,10.723556662478137,2.3641666666666667
194809,10.553013689399158,2.3533333333333335
194810,10.825409809169495,2.3425
194811,10.248096205635571,2.3316666666666666
194812,10.159652938900916,2.3208333333333333
194901,10.248285758038982,2.31
194902,9.872517140570059,2.3108333333333335
194903,9.901332491240924,2.3116666666666665
194904,9.78363986754406,2.3125
194905,9.692295086395813,2.3133333333333335
194906,9.067718943419532,2.314166666666667
194907,9.605038093363918,2.315
194908,9.851348638079227,2.3158333333333334
194909,9.884048361738284,2.3166666666666664
194910,10.169850844772139,2.3175
194911,10.215861011650638,2.3183333333333334
194912,10.52933090413114,2.3191666666666664
195001,10.745733299747902,2.32
195002,10.911564066731675,2.3408333333333333
195003,10.910946522976248,2.361666666666667
195004,11.17802160095609,2.3825
195005,11.461543104586223,2.4033333333333333
195006,11.554126144044279,2.4241666666666664
195007,10.539745658930983,2.445
195008,11.040611670261534,2.4658333333333333
195009,11.337391102277293,2.4866666666666664
195010,11.662444039105255,2.5075
195011,11.542173388716295,2.5283333333333333
195012,11.306665788890758,2.549166666666667
195101,11.895759839437062,2.57
195102,12.141507370682689,2.5791666666666666
195103,11.841626487283092,2.5883333333333334
195104,11.951097197083957,2.5975
195105,11.863875406269175,2.6066666666666665
195106,11.615664857025175,2.6158333333333332
195107,11.778190092457805,2.625
195108,12.256989084145143,2.6341666666666668
195109,12.444953157150039,2.6433333333333335
195110,12.309457904118691,2.6525000000000003
195111,11.852030617771044,2.6616666666666666
195112,12.147072568106783,2.6708333333333334
195201,12.527059748172302,2.68
195202,12.364119350461095,2.6925
195203,12.362339087390367,2.705
195204,12.242728683266883,2.7175000000000002
195205,12.20047876194584,2.7300000000000004
195206,12.44788158178937,2.7425
195207,12.669112889622477,2.755
195208,12.678378236328623,2.7675
195209,12.434678020425508,2.7800000000000002
195210,12.131183558686873,2.7925
195211,12.473469765515313,2.805
195212,12.933964306161378,2.8175
195301,13.010773447995186,2.83
195302,12.8593468806879,2.8008333333333333
195303,12.834819340092498,2.7716666666666665
195304,12.163901454006803,2.83
195305,12.141970791867783,3.05
195306,11.624407885470085,3.11
195307,11.750201645310007,2.93
195308,11.715076201734005,2.95
195309,11.139349357262926,2.87
195310,11.391934765421416,2.66
195311,11.644070268505773,2.68
195312,11.754449184027298,2.59
195401,12.002650554927826,2.48
195402,12.21505248543284,2.47
195403,12.420105295189975,2.37
195404,12.907868184060918,2.29
195405,13.312042238025862,2.37
195406,13.357885903659001,2.38
195407,13.83300956424533,2.3
195408,14.042112347320577,2.36
195409,14.35647414329698,2.38
195410,14.619231935730566,2.43
195411,15.117311697434392,2.48
195412,15.789062002327087,2.51
195501,15.990781062969837,2.61
195502,16.437728215987118,2.65
195503,16.219282945537795,2.68
195504,16.685266628063506,2.75
195505,16.518057827257806,2.76
195506,17.370091963405315,2.78
195507,18.454031906632878,2.9
195508,18.222326463047754,2.97
195509,18.843960654261316,2.97
195510,17.772325789386098,2.88
195511,18.8355592882739,2.89
195512,18.94236903581358,2.96
195601,18.292585385418896,2.9
195602,18.266116815127788,2.84
195603,19.371210099299965,2.96
195604,19.370593634578505,3.18
195605,18.54450659175444,3.07
195606,18.158163846958704,3.0
195607,18.85679759689679,3.11
195608,18.670937110186426,3.33
195609,17.83664079631202,3.38
195610,17.41895294863613,3.34
195611,17.120339736628257,3.49
195612,17.197522725560923,3.59
195701,16.71778007853301,3.46
195702,15.84373314222974,3.34
195703,15.900417108869167,3.41
195704,16.123704360211754,3.48
195705,16.59811078911426,3.6
195706,16.72991887247286,3.8
195707,16.86888238397979,3.93
195708,15.868942729452241,3.93
195709,15.157274488962212,3.92
195710,14.149451489483535,3.97
195711,13.736242235298484,3.72
195712,13.673246057951383,3.21
195801,13.788431552307634,3.09
195802,13.784906390337676,3.05
195803,13.925589923892934,2.98
195804,13.913501765262776,2.88
195805,14.323824968409225,2.92
195806,14.63555555195626,2.97
195807,14.957457101901124,3.2
195808,15.544566891165912,3.54
195809,15.931923184092842,3.76
195810,16.559803310351565,3.8
195811,16.98888357938633,3.74
195812,17.35835736536995,3.86
195901,17.98033934299339,4.02
195902,17.759169263611415,3.96
195903,18.200871845485622,3.99
195904,18.43075304878341,4.12
195905,18.692721439594173,4.31
195906,18.448591397066473,4.34
195907,19.090533975796504,4.4
195908,18.958803640750205,4.43
195909,18.12329055675861,4.68
195910,18.021962441515413,4.53
195911,18.0717891305702,4.53
195912,18.624728977900098,4.69
196001,18.33828499437555,4.72
196002,17.54527510894597,4.49
196003,17.286020720522142,4.25
196004,17.429766947597198,4.28
196005,17.256170578727907,4.35
196006,17.82336381726473,4.15
196007,17.3768064728981,3.9
196008,17.582113039577667,3.8
196009,17.052015467817657,3.8
196010,16.60510453625102,3.89
196011,17.146088452418997,3.93
196012,17.562090833957118,3.84
196101,18.47041698647717,3.84
196102,19.234014498298347,3.78
196103,19.84422527272556,3.74
196104,20.382842975754766,3.78
196105,20.598606843297333,3.71
196106,20.332414551592283,3.88
196107,20.146643736827304,3.92
196108,20.941688475215173,4.04
196109,20.705243044147235,3.98
196110,20.92419014101077,3.92
196111,21.85795772195965,3.94
196112,22.04148019838225,4.06
196201,21.197931400015204,4.08
196202,21.45168775487336,4.04
196203,21.443158568526226,3.93
196204,20.658336447649024,3.84
196205,19.089367498116648,3.87
196206,16.827571244792455,3.91
196207,17.14132566132278,4.01
196208,17.571262631045524,3.98
196209,17.321461147465474,3.98
196210,16.73982096790133,3.93
196211,17.854386489497145,3.92
196212,18.585836118439858,3.86
196301,19.259231693254055,3.83
196302,19.469191309671405,3.92
196303,19.288064606604834,3.93
196304,20.150077238226974,3.97
196305,20.507585864952606,3.93
196306,20.384149993840992,3.99
196307,19.969231885949632,4.02
196308,20.472637900527673,4.0
196309,20.9603600907051,4.08
196310,20.89134459541149,4.11
196311,20.720399335339703,4.12
196312,21.038599376737043,4.13
196401,21.627216196980918,4.17
196402,21.83267082671032,4.15
196403,22.167245585982627,4.22
196404,22.422192169737166,4.23
196405,22.57433076956382,4.2
196406,22.300288036082783,4.17
196407,22.98435184573839,4.19
196408,22.650407292938784,4.19
196409,22.892221984231675,4.2
196410,23.212154680675326,4.19
196411,23.225019793095814,4.15
196412,22.752984772787258,4.18
196501,23.269335081922463,4.19
196502,23.372068272751328,4.21
196503,23.253528200034836,4.21
196504,23.420551954771284,4.2
196505,23.708808308861933,4.21
196506,22.38534298645778,4.21
196507,22.30078171217442,4.2
196508,22.665971845964382,4.25
196509,23.37414683164862,4.29
196510,23.775745523312686,4.35
196511,23.925461156673716,4.45
196512,23.694111549106324,4.62
196601,24.05848338842175,4.61
196602,23.700027145579398,4.83
196603,22.611112582289998,4.87
196604,23.11369646261583,4.75
196605,21.8521779767631,4.78
196606,21.55525338322626,4.81
196607,21.381702007433425,5.02
196608,19.913903864009814,5.22
196609,19.161676250615013,5.18
196610,18.82540937131568,5.01
196611,19.711251211928968,5.16
196612,19.73647375279197,4.84
196701,20.432242125384278,4.58
196702,21.074443163678446,4.63
196703,21.443898602019104,4.54
196704,21.686025566746242,4.59
196705,21.948477389658404,4.85
196706,21.55209760979349,5.02
196707,21.804196245666365,5.16
196708,22.030627049126018,5.28
196709,22.21914548866479,5.3
196710,22.068199194183887,5.48
196711,21.263102968336288,5.75
196712,21.75159780872364,5.7
196801,21.51153589633219,5.53
196802,20.42499237621423,5.56
196803,19.934711308295707,5.74
196804,21.277356015671753,5.64
196805,21.630227142779887,5.87
196806,22.004623431346545,5.72
196807,21.753537415670962,5.5
196808,21.137766793617864,5.42
196809,21.680275633292936,5.46
196810,22.004606927956893,5.58
196811,22.195529227158158,5.7
196812,22.277872995434887,6.03
196901,21.194968072847157,6.04
196902,20.895729901987238,6.19
196903,20.20228761648166,6.3
196904,20.428608081932158,6.17
196905,20.9722582719721,6.32
196906,19.713341583757632,6.57
196907,18.681708207192763,6.72
196908,18.429515590207746,6.69
196909,18.398046344676978,7.16
196910,18.448662031815356,7.1
196911,18.437760084691046,7.14
196912,17.32692991374269,7.65
197001,17.090541395140207,7.79
197002,16.37258678715985,7.24
197003,16.531690813943616,7.07
197004,15.873067819354057,7.39
197005,13.983836060789185,7.91
197006,13.79969179772518,7.84
197007,13.726499744359765,7.46
197008,14.100456516815443,7.53
197009,14.84266114524222,7.39
197010,15.06418540408963,7.33
197011,14.950761908791728,6.84
197012,15.87384068720574,6.39
197101,16.461793943491937,6.24
197102,17.034534781502124,6.11
197103,17.402902607188874,5.7
197104,17.924110447959606,5.83
197105,17.56415327969938,6.39
197106,17.0831668800707,6.52
197107,16.88941470869335,6.73
197108,16.519449443051556,6.58
197109,16.85679254783599,6.14
197110,16.428862709159464,5.93
197111,15.638712654326643,5.81
197112,16.603557212925327,5.93
197201,17.262996797035168,5.95
197202,17.46414760548617,6.08
197203,17.80564384961494,6.07
197204,17.9151616784983,6.19
197205,17.662646200372556,6.13
197206,17.640857315740252,6.11
197207,17.398690031138173,6.11
197208,17.943404688029805,6.21
197209,17.613854552912112,6.55
197210,17.53318385415855,6.48
197211,18.338894714968056,6.28
197212,18.64571944207368,6.36
197301,18.712530467302432,6.46
197302,17.88988959919375,6.64
197303,17.412142058290335,6.71
197304,16.935740066050826,6.67
197305,16.314338759668573,6.85
197306,15.808323047681979,6.9
197307,15.889518573988783,7.13
197308,15.278501094706122,7.4
197309,15.475308601805564,7.09
197310,15.913516308933383,6.79
197311,14.651845159710568,6.73
197312,13.493329686205888,6.74
197401,13.530721892513952,6.99
197402,12.957321280205392,6.96
197403,13.310364239140167,7.21
197404,12.55041104854091,7.51
197405,11.995436947329663,7.58
197406,11.888498820079,7.54
197407,10.394141805327052,7.81
197408,9.824195723141198,8.04
197409,8.680421305646334,8.04
197410,8.744983833809586,7.9
197411,8.948984512755606,7.68
197412,8.289060055923084,7.43
197501,8.92099550840425,7.5
197502,9.762246716166471,7.39
197503,10.163796767444037,7.73
197504,10.23307613660592,8.23
197505,10.818139119335807,8.06
197506,11.011354609247666,7.86
197507,10.902767048238578,8.06
197508,10.089769593328016,8.4
197509,9.918905356559423,8.43
197510,10.327599777501108,8.14
197511,10.435859457947897,8.05
197512,10.250368416256835,8.0
197601,11.185051362622147,7.74
197602,11.586092994449684,7.79
197603,11.631754403566505,7.73
197604,11.689164132206367,7.56
197605,11.532053585609418,7.9
197606,11.543841631417097,7.86
197607,11.757490488689905,7.83
197608,11.597986002509245,7.77
197609,11.805990949539783,7.59
197610,11.345696136316693,7.41
197611,11.248855860507959,7.29
197612,11.597589726582934,6.87
197701,11.437961346787548,7.21
197702,11.014841854222771,7.39
197703,10.89574651166273,7.46
197704,10.636037409141348,7.37
197705,10.548486693556988,7.46
197706,10.53002395909075,7.28
197707,10.567692447775398,7.33
197708,10.268385666710987,7.4
197709,10.067742820070695,7.34
197710,9.76666629955654,7.52
197711,9.766299983660195,7.58
197712,9.678266582535917,7.69
197801,9.241462260934684,7.96
197802,9.045263570704737,8.03
197803,8.95042007763389,8.04
197804,9.262588720866841,8.15
197805,9.634910728598445,8.35
197806,9.549678981041733,8.46
197807,9.425524047787356,8.64
197808,10.023970854003746,8.41
197809,9.941887473004407,8.42
197810,9.533608358208829,8.64
197811,8.928418902293147,8.81
197812,9.011941819133826,9.01
197901,9.25763691913997,9.1
197902,9.003740371045632,9.1
197903,9.070785029660762,9.12
197904,9.133063566217412,9.18
197905,8.794383289814956,9.25
197906,8.85393776469395,8.91
197907,8.827498045542361,8.95
197908,9.127165797215032,9.03
197909,9.112758990740955,9.33
197910,8.681843306899312,10.3
197911,8.518784302983558,10.65
197912,8.745204404669293,10.39
198001,8.850934180729109,10.8
198002,9.054476092192516,12.41
198003,8.0811509007855,12.75
198004,7.844024504719217,11.47
198005,8.104225807176496,10.18
198006,8.51207796230674,9.78
198007,8.880865527295844,10.25
198008,9.071005981618383,11.1
198009,9.19604013174324,11.51
198010,9.35784104675711,11.75
198011,9.654043663233391,12.68
198012,9.389902084921744,12.84
198101,9.259404530877951,12.57
198102,8.829899353831308,13.19
198103,9.081096883854624,13.12
198104,9.085561230788743,13.68
198105,8.818483466548066,14.1
198106,8.765340744304925,13.47
198107,8.445319467875509,14.28
198108,8.399806316566437,14.94
198109,7.581163051923156,15.32
198110,7.649141713319212,15.15
198111,7.810752565716109,13.39
198112,7.832562137141895,13.72
198201,7.3886599733759954,14.59
198202,7.181823450546734,14.43
198203,6.950673793536033,13.86
198204,7.259072625426149,13.87
198205,7.1926124844646235,13.62
198206,6.692133988197591,14.3
198207,6.638653100208761,13.95
198208,6.643422752166092,13.06
198209,7.3988382003233095,12.34
198210,7.999840994534589,10.91
198211,8.34747693815543,10.55
198212,8.467738401400478,10.54
198301,8.756783224134745,10.46
198302,8.910493436624119,10.72
198303,9.232829705190525,10.51
198304,9.531581284160412,10.4
198305,9.874456504668403,10.38
198306,10.000117903130024,10.85
198307,10.014475995571027,11.38
198308,9.728056935665213,11.85
198309,9.984202458028781,11.65
198310,10.003391799449632,11.54
198311,9.853581649364283,11.69
198312,9.815010903608675,11.83
198401,9.894931809202541,11.67
198402,9.324529645727987,11.84
198403,9.326747066508247,12.32
198404,9.305643404594825,12.63
198405,9.231831816896047,13.41
198406,9.01018551229101,13.56
198407,8.868302214043304,13.36
198408,9.623063257373174,12.72
198409,9.687341313628087,12.52
198410,9.595070703048506,12.16
198411,9.69197322178309,11.57
198412,9.595054801133461,11.5
198501,9.997001177730453,11.38
198502,10.494935172607082,11.51
198503,10.373217214924736,11.86
198504,10.397118719816824,11.43
198505,10.608120467860095,10.85
198506,10.810049845861219,10.16
198507,10.997563956793385,10.31
198508,10.738799808877287,10.33
198509,10.471234661697553,10.37
198510,10.552516982943752,10.24
198511,11.16461112866747,9.78
198512,11.6905214744676,9.26
198601,11.715007584487989,9.19
198602,12.388219099418128,8.7
198603,13.18902298153272,7.78
198604,13.55250417286948,7.3
198605,13.560046199232339,7.71
198606,13.88868862645712,7.8
198607,13.619995534083811,7.3
198608,13.887667550866059,7.17
198609,13.467314312977134,7.45
198610,13.425918860857362,7.43
198611,13.872985596138607,7.25
198612,14.085139814743316,7.11
198701,14.922208103718953,7.08
198702,15.82231814283646,7.25
198703,16.43334397606993,7.25
198704,16.196534453220888,8.02
198705,16.160311952655746,8.61
198706,16.825207307878724,8.4
198707,17.30600439051223,8.45
198708,18.326907245856347,8.76
198709,17.675620449938226,9.42
198710,15.530055563627316,9.52
198711,13.590885143189087,8.86
198712,13.389028514426967,8.99
198801,13.898336683569136,8.67
198802,14.298270962469525,8.21
198803,14.668946811103465,8.37
198804,14.433316420838949,8.72
198805,14.031891348027777,9.09
198806,14.766468647879618,8.92
198807,14.6083157175221,9.06
198808,14.244946310675653,9.26
198809,14.369428776140161,8.98
198810,14.811450153277725,8.8
198811,14.445530680872887,8.96
198812,14.702086748571997,9.11
198901,15.088072442713289,9.09
198902,15.46706046273475,9.17
198903,15.298969108882359,9.36
198904,15.686742656144585,9.18
198905,16.186353538544555,8.86
198906,16.64190423580859,8.28
198907,17.013407650499133,8.02
198908,17.73425143657732,8.11
198909,17.71422067897908,8.19
198910,17.640853852797946,8.01
198911,17.242369266947424,7.87
198912,17.650212904947324,7.84
199001,17.04884360687827,8.21
199002,16.508093516490288,8.47
199003,16.833748233480947,8.59
199004,16.813913898735766,8.79
199005,17.392413588645,8.76
199006,17.817082821653006,8.48
199007,17.74717158707024,8.47
199008,16.168334756508973,8.75
199009,15.301285443522628,8.89
199010,14.818147965500803,8.72
199011,15.187607599503187,8.39
199012,15.846314974728763,8.08
199101,15.606190118802362,8.09
199102,17.354664745205106,7.85
199103,17.818620083397377,8.11
199104,18.155345895198018,8.04
199105,18.035430911004052,8.07
199106,18.01522704468833,8.28
199107,18.103452345519745,8.27
199108,18.512258455337715,7.9
199109,18.357282591774325,7.65
199110,18.349187992001983,7.53
199111,18.288868169301338,7.42
199112,18.441652313512723,7.09
199201,19.773068211462647,7.03
199202,19.582982970386745,7.34
199203,19.283561861298548,7.54
199204,19.301229507881043,7.48
199205,19.662279795641687,7.39
199206,19.315365967644595,7.26
199207,19.62074069482441,6.84
199208,19.72213749835153,6.59
199209,19.708766424745303,6.42
199210,19.370271076906977,6.59
199211,19.833656038801237,6.87
199212,20.448606721242967,6.77
199301,20.32341080299571,6.6
199302,20.545336792900454,6.26
199303,20.85520014869092,5.98
199304,20.457362016642193,5.97
199305,20.51760563376487,6.04
199306,20.608357012960198,5.96
199307,20.56459641329715,5.81
199308,20.812227546627394,5.68
199309,20.99350100522914,5.36
199310,21.10917824747513,5.33
199311,21.03790118960638,5.72
199312,21.16473207981466,5.77
199401,21.411974913826555,5.75
199402,21.263840187313033,5.97
199403,20.833375889460413,6.48
199404,20.055250085063854,6.97
199405,20.196492421281455,7.18
199406,20.290763690670317,7.1
199407,20.067951816142156,7.3
199408,20.53554940475565,7.24
199409,20.576450100818878,7.46
199410,20.395759282410268,7.74
199411,20.209473020394057,7.96
199412,19.911484108090335,7.81
199501,20.219119422457307,7.78
199502,20.802571764332694,7.47
199503,21.152737302037004,7.2
199504,21.642739261879665,7.06
199505,22.195426698019965,6.63
199506,22.71835675952062,6.17
199507,23.37641269151214,6.28
199508,23.284070256230542,6.49
199509,23.946007075299875,6.2
199510,23.926762764083286,6.04
199511,24.347586881114825,5.93
199512,25.02738066493912,5.71
199601,24.762465194644033,5.65
199602,25.976065550593397,5.81
199603,25.62993039521612,6.27
199604,25.424203848381538,6.51
199605,25.81404382769903,6.74
199606,25.966673558333852,6.91
199607,24.8584113323484,6.87
199608,25.412529121454966,6.64
199609,25.680115512876775,6.83
199610,26.48346772089722,6.53
199611,27.58561204901281,6.2
199612,27.723946163893974,6.3
199701,28.332870129950376,6.58
199702,29.26563488357596,6.42
199703,28.80245859187166,6.69
199704,27.58516033813655,6.89
199705,29.928362224688783,6.71
199706,31.25656061638128,6.49
199707,32.76663768966994,6.22
199708,32.58628348671318,6.3
199709,32.66658134170863,6.21
199710,32.901498179798125,6.03
199711,32.33660053281268,5.88
199712,33.03078904290543,5.81
199801,32.859968415052236,5.54
199802,34.70967778226998,5.57
199803,36.296927736425104,5.65
199804,37.27693404302876,5.64
199805,36.956598518969,5.65
199806,36.802293460092024,5.5
199807,38.25964508524856,5.46
199808,35.42340102487832,5.34
199809,33.532356980834905,4.81
199810,33.773102879048146,4.53
199811,37.369391883920954,4.83
199812,38.82027478009816,4.65
199901,40.57695767720813,4.72
199902,40.40015922925995,5.0
199903,41.35610363271301,5.23
199904,42.704509516892166,5.18
199905,42.556676709518044,5.54
199906,42.18067591174693,5.9
199907,43.82803599280541,5.79
199908,41.930712159940455,5.94
199909,41.323451334715024,5.92
199910,40.552854399539875,6.11
199911,43.20829071461392,6.03
199912,44.197939761040566,6.28
200001,43.772578146938,6.66
200002,42.18563588791733,6.52
200003,43.22074843996589,6.26
200004,43.52857428850775,5.99
200005,41.966050503324325,6.44
200006,42.78197156707146,6.1
200007,42.758093618269584,6.05
200008,42.869565494419504,5.83
200009,41.898007924884745,5.8
200010,39.36969904420139,5.74
200011,38.78214245678478,5.72
200012,37.274238004497214,5.24
200101,36.97886799702983,5.16
200102,35.834662651431294,5.1
200103,32.32583723617876,4.89
200104,32.17390116836069,5.14
200105,34.07464321714003,5.39
200106,33.06853441111278,5.28
200107,32.163038687444356,5.24
200108,31.404318760780146,4.97
200109,27.667392586862498,4.73
200110,28.57737311336011,4.57
200111,30.00510381105682,4.65
200112,30.49995325502047,5.09
200201,30.277204433096017,5.04
200202,29.085704152008443,4.91
200203,30.292130640918696,5.28
200204,29.005883253118693,5.21
200205,28.128107508688355,5.16
200206,26.387672541183363,4.93
200207,23.463120467431448,4.65
200208,23.588713528842376,4.26
200209,22.36503680122433,3.87
200210,21.95623386365908,3.94
200211,23.348396502725127,4.05
200212,23.10144253768563,4.03
200301,22.89834857661322,4.05
200302,21.21410212341529,3.9
200303,21.309719026990994,3.81
200304,22.427939577730907,3.96
200305,23.59108045348149,3.57
200306,24.832223259531073,3.33
200307,24.867329101268798,3.98
200308,24.64225140993218,4.45
200309,25.243686752606273,4.27
200310,25.682756070579703,4.29
200311,25.946798218420135,4.3
200312,26.635170511081547,4.27
200401,27.658540355736587,4.15
200402,27.650862036740236,4.08
200403,26.886530384035883,3.83
200404,26.900577508444904,4.35
200405,25.90281429294377,4.72
200406,26.401285366474923,4.73
200407,25.695888646268568,4.5
200408,25.17446222647778,4.28
200409,25.6684067763577,4.13
200410,25.411655665489338,4.1
200411,26.465310814818057,4.19
200412,27.144808694741243,4.23
200501,26.58725069797039,4.22
200502,26.744863128101187,4.17
200503,26.339142131057937,4.5
200504,25.40892256911448,4.34
200505,25.65023018718298,4.14
200506,26.068394871884003,4.0
200507,26.287871091254754,4.18
200508,26.10438141093616,4.26
200509,25.730122990164478,4.2
200510,24.876538723647965,4.46
200511,25.931783309069022,4.54
200512,26.443803114292404,4.47
200601,26.468702626685722,4.42
200602,26.2496247635833,4.57
200603,26.327837778667686,4.72
200604,26.14728094387453,4.99
200605,25.65064070875734,5.11
200606,24.749582241646372,5.11
200607,24.696786766853304,5.09
200608,25.051393562010965,4.88
200609,25.64415644079739,4.72
200610,26.53804028210172,4.73
200611,26.928020270856493,4.6
200612,27.28268978757168,4.56
200701,27.207536656807132,4.76
200702,27.3151814135166,4.72
200703,26.22760555465089,4.56
200704,26.976268314189085,4.69
200705,27.548490451851254,4.75
200706,27.418262740410597,5.1
200707,27.410088167204314,5.0
200708,26.148607189312315,4.67
200709,26.725743047696913,4.52
200710,27.320648130462004,4.53
200711,25.729053579498377,4.15
200712,25.955510105240222,4.1
200801,24.022317760836813,3.74
200802,23.495263401811773,3.74
200803,22.60681084224933,3.51
200804,23.356040643201606,3.68
200805,23.69643211662317,3.88
200806,22.41681280228193,4.1
200807,20.907206462661573,4.01
200808,21.40161736004792,3.89
200809,20.36273394609751,3.69
200810,16.38735654878983,3.81
200811,15.259659405704573,3.53
200812,15.376080747423764,2.42
200901,15.17465193687967,2.52
200902,14.122181801918899,2.87
200903,13.323667656863933,2.82
200904,14.981866453039249,2.93
200905,15.996355755263156,3.29
200906,16.384182816215347,3.72
200907,16.694620816995617,3.56
200908,18.094069801576083,3.59
200909,18.83190226484008,3.4
200910,19.358008443486842,3.39
200911,19.81276107996606,3.4
200912,20.32237650021655,3.59
201001,20.527859801454422,3.73
201002,19.920539306600443,3.69
201003,21.00460120971536,3.73
201004,21.80484559962516,3.85
201005,20.480068638423408,3.42
201006,19.742039853739453,3.2
201007,19.668660470717708,3.01
201008,19.770299174358577,2.7
201009,20.381395233204035,2.65
201010,21.240127651759426,2.54
201011,21.70072382776062,2.76
201012,22.396379773044213,3.29
201101,22.97829943055498,3.39
201102,23.489828703298524,3.58
201103,22.89933643014364,3.41
201104,23.14392944728594,3.46
201105,23.05949150609534,3.17
201106,22.10083128661099,3.0
201107,22.610981701156618,3.0
201108,20.04985272166049,2.3
201109,19.698114568877703,1.98
201110,20.155824786688743,2.15
201111,20.345246797645814,2.01
201112,20.52357549943169,1.98
201201,21.213008091803445,1.97
201202,21.797435963717522,1.97
201203,22.0539439729047,2.17
201204,21.779246906824888,2.05
201205,20.941467419743468,1.8
201206,20.547504086856083,1.62
201207,20.99934129338056,1.53
201208,21.41042845344293,1.68
201209,21.78369030172768,1.72
201210,21.577109654528783,1.75
201211,20.898162059573696,1.65
201212,21.238261139845612,1.72
201301,21.90047541382181,1.91
201302,22.052724336861946,1.98
201303,22.419207114602578,1.96
201304,22.5956553961056,1.76
201305,23.411841781842405,1.93
201306,22.92533317391533,2.3
201307,23.492460177159643,2.58
201308,23.3566490949161,2.74
201309,23.44228716796061,2.81
201310,23.83473788763144,2.62
201311,24.64207709241206,2.72
201312,24.861869296461936,2.9
201401,24.859609093632713,2.86
201402,24.590930877894127,2.71
201403,24.956039153965385,2.72
201404,24.786315396962635,2.71
201405,24.943274109902582,2.56
201406,25.558007623511294,2.6
201407,25.81754597615874,2.54
201408,25.617606421799398,2.42
201409,25.91843689260619,2.53
201410,25.16274828308325,2.3
201411,26.606817147143413,2.33
201412,26.794085482572545,2.21
201501,26.492295420383122,1.88
201502,26.995513699383242,1.98
201503,26.72860545292847,2.04
201504,26.791371680192324,1.94
201505,26.806111379650815,2.2
201506,26.495895292784834,2.36
201507,26.38113633639968,2.32
201508,25.69365841705769,2.17
201509,24.496752170486428,2.17
201510,25.49144104606674,2.07
201511,26.225851890971928,2.26
201512,25.965424037124166,2.24
201601,24.206167203878472,2.09
201602,24.00260677728975,1.78
201603,25.372298620187905,1.89
201604,25.92233754367387,1.81
201605,25.694709923449963,1.81
201606,25.8403729276705,1.64
201607,26.694003256096295,1.5
201608,26.948872433723857,1.56
201609,26.727873346478525,1.63
201610,26.525143085070585,1.76
201611,26.85095353105626,2.14
201612,27.865098223923525,2.49
201701,28.063573742124454,2.43
201702,28.65510652518413,2.42
201703,29.08692174246465,2.48
201704,28.904245956275155,2.3
201705,29.31334498027143,2.3
201706,29.748503240632758,2.19
201707,30.002220744018565,2.32
201708,29.914959397497487,2.21
201709,30.1681144106789,2.2
201710,30.920393290333834,2.36
201711,31.298913333880275,2.35
201712,32.086132007706,2.4
201801,33.30734382803066,2.58
201802,32.03538233925029,2.86
201803,31.808409057643114,2.84
201804,30.970179293325224,2.87
201805,31.2436150748646,2.976
201806,31.6305564964546,2.91
201807,31.88636696215898,2.89
201808,32.39027688030112,2.89
201809,32.6228911205002,3.0
201810,31.037961078006507,3.15
201811,30.195583406705246,3.12
201812,28.29185701207287,2.83
201901,28.380164463547587,2.71
201902,29.541548965131216,2.68
201903,29.576196014784834,2.57
201904,30.133517171387528,2.53
201905,29.242030936939862,2.4
201906,29.28379627530628,2.06
201907,29.986685335042534,1.63
201908,28.705397371833083,1.63
201909,29.22952023303529,1.7
201910,28.84112288195342,1.71
201911,29.836867659083442,1.81
201912,30.33182232224331,1.86
202001,30.98522030023071,1.76
202002,30.729689264735768,1.5
202003,24.817168629099438,0.87
202004,25.927358825280177,0.66
202005,27.32848099769847,0.67
202006,28.83831595512285,0.73
202007,29.599194927667014,0.62
202008,31.15820896535523,0.65
202009,30.839426043811265,0.68
202010,31.283694032592855,0.79
202011,32.47320409661257,0.87
202012,33.765591418117104,0.93
202101,34.512432294106915,1.08
202102,35.10390717196984,1.26
202103,35.04254511219209,1.61
202104,36.71981410913301,1.64
202105,36.55213398979907,1.62
202106,36.696258013088375,1.52
202107,37.443383184615385,1.32
202108,37.97350061407048,1.28
202109,37.6203466866512,1.37
202110,37.25302500032531,1.58
202111,38.5826274977192,1.56
202112,38.30484987346744,1.47
202201,36.936758070297444,1.76
202202,35.28714922569486,1.93
202203,34.270798693291724,2.13
202204,33.88916475591384,2.75
202205,30.67315507954513,2.9
202206,29.04772139510384,3.14
202207,29.004618317208934,2.9
202208,30.698763365175296,2.9
202209,28.229884655821973,3.52
202210,27.0807669254007,3.98
202211,28.378949016273317,3.89
202212,28.316901284527294,3.62
202301,28.334813423755698,3.53
202302,28.91976294386663,3.75
202303,27.93813125399789,3.66
202304,28.764841267615374,3.46
202305,28.762051343131226,3.57
202306,29.940031645987492,3.75
202307,30.891659813659924,3.9
202308,30.304748245365204,4.17
202309,29.799681861350237,4.38
202310,28.76905495498398,4.8
202311,30.01322481738148,4.5
202312,31.452310923844568,4.02
202401,32.04512301259602,4.06
202402,33.03719268559904,4.21
202403,33.754920176406,4.21
202404,33.141593030769805,4.54
202405,33.77363454011196,4.48
202406,34.81054878004298,4.31
202407,35.44355307890724,4.25
202408,34.91963134861477,3.87
202409,35.66018363515212,3.72
202410,36.587210527930154,4.1
202411,37.350195655078785,4.36
202412,37.71119169643463,4.39
202501,37.1292198521989,4.63
202502,37.187175593696885,4.45
202503,34.78475033985074,4.28
202504,32.621270341113515,4.28
202505,35.07669704372761,4.42
202506,36.1110921336969,4.38
202507,37.47424619164657,4.39
202508,37.846145044881766,4.26
202509,38.580387325388436,4.12
202510,39.20569217112649,4.06
202511,39.14956659041541,4.09
202512,39.581640993242566,4.14
202601,39.64081842859692,4.21
202602,39.01399720511148,4.13
202603,37.03161144602039,4.25
202604,38.138278103575864,4.32
202605,40.101359313729596,4.48
202606,40.150169734732664,4.47
202607,40.00863615205683,4.6
202608,41.11984417915712,4.68
202609,40.575838200376445,4.75
